Workbook

Sheet 2013 E Maize VWC Introduction
A1: SHEET NAME | B1: CONTENTS
A2: 2013 E Maize VWC Introduction | B2: Explanation of sheet names and contents, authors of the data, key references to methods, symbols, conventions, where VWC stands for volumetric water content.
A3: Dic. 2013 E Maize Profile WC | B3: Data dictionary for sheet or CSV file named "2013 E Maize Profile WC" where WC stands for depth of water in a soil profile of defined depth.
A4: 2013 E Maize Profile WC | B4: Summary data of soil profile water content in mm for each tube and date of neutron probe reading for the entire season.
A5: Dic. 2013 E Maize Soil VWC | B5: Data dictionary for sheet or CSV file named "2013 E Maize Soil VWC"
A6: 2013 E Maize Soil VWC | B6: Soil water content (vol/vol) for each date of reading and each depth of reading in each access tube.
A7: Dic. 2013 E Maize Tube Map | B7: Data dictionary for sheet or CSV file named "2013 E Maize Tube Map"
A8: 2013 E Maize Tube Map | B8: Mapping of tube locations within each field and lysimeter by latitude and longitude
A9: 2013 E Maize VWC Graphs | B9: Graphs of the water content profile for all dates when data were taken with one graph for each neutron probe access tube. Also contain summary data of profile water content at each tube location for each date when data were taken.
A10: Data in this spreadsheet are the result of a team effort at the USDA-ARS Conservation & Production Research Laboratory, Soil and Water Management Research Unit (SWMRU).
A11: The scientists responsible for collecting these data, calibrating the instruments, quality control and data analysis are:
A12: Author | B12: Steven R. Evett, Research Soil Scientist (point of contact and responsible for this spreadsheet), Steve.Evett@usda.gov, 806-356-5775, srevett1948@gmail.com
A13: Author | B13: Paul D. Colaizzi, Research Agricultural Engineer, paul.colaizzi@usda.gov
A14: Author | B14: Karen S. Copeland, Soil Scientist, Karen.Copeland@usda.gov, 806-356-5735
A15: Author | B15: Brice B. Ruthardt, Biological Scientist, Brice.Ruthardt@usda.gov, 806-356-5780
A16: All are or were employed in the
A17: USDA-ARS Conservation & Production Research Laboratory
A18: 300 Simmons Road, Unit 10
A19: Bushland, Texas 79012 USA
A20: Persons using these data for scientific research and publication are responsible for:
A21: 1. Contacting all the scientists listed above and obtaining approval to use the data,
A22: 2. Inviting them to be involved in said research, and
A23: 3. Inviting them to be involved as coauthors in the data analysis, drafting and critical review of any publications resulting from the research.
A24: Data contained herein are from experiments in the large weighing lysimeter fields at Bushland, Texas. Neutron count measurements were taken using a model 503DR1.5 HydroProbe manufactured by Campbell Pacific Nuclear, a division of Instrotek, Inc., Concord, California. Soil horizon-specific calibrations were established at field sites using methods described by Evett (2003) and Evett et al. (2008).
A25: REFERENCES:
A26: Evett, S.R. and J.L. Steiner. 1995. Precision of neutron scattering and capacitance type soil water content gauges from field calibration. Soil Sci. Soc. Am. J. 59(4):961-968. https://doi.org/10.2136/sssaj1995.03615995005900040001x
A27: Evett, S.R. 2003a. Soil Water Measurement by Neutron Thermalization. In B.A. Stewart and Terry A. Howell (editors). Encyclopedia of Water Science, Marcel Dekker, Inc. New York. Pp. 889-893.
... A29: Evett, S.R., L.K. Heng, P. Moutonnet and M.L. Nguyen. 2008. Field Estimation of Soil Water Content: A Practical Guide to Methods, Instrumentation, and Sensor Technology. 131 pp. IAEA-TCS-30. International Atomic Energy Agency, Vienna, Austria. ISSN 1018–5518. Available at http://www-pub.iaea.org/mtcd/publications/PubDetails.asp?pubId=7801
A30: CONVENTION | B30: EXPLANATION
A31: Water content | B31: Water content data are in units of volume per unit volume of soil (m3/m3). The neutron probe was used to take readings of neutron counts at each depth in each access tube and to take standard count and Chi ratio statistics with the neutron probe locked within its shield, which was mounted on top of a depth control stand (Evett et al., 2003b). Count ratio data (count divided by long-term mean of standard counts) were converted to water content data using calibrations done in the field as described Evett and Steiner (1995) and Evett et al. (2003a, 2008). Methods for calibration and use of the neutron probe are given in the references (Evett et al., 2003a, 2008). The data have several significant digits after the decimal point but there are only approximately three significant digits after the decimal point. Accuracy of the 10-cm data were improved by use of a depth control stand and a separate calibration for that depth.
A32: Depth | B32: Depths shown are the center depths of sensing with the neutron probe
A33: Porosity | B33: Soil porosity by depth as determined from prior research that determined soil bulk density and porosity values by depth. The porosity is the air-filled pore space as a volume fraction of a unit soil volume when the soil is completely dry. Calculated from dry bulk density (BD, Mg/m3) as: Porosity = 1 - BD/2.65, where 2.65 is the particle density (Mg/m3) of quartz sand. The porosity represents a quality control limit to soil water content data. Soil water content should not be larger than porosity. Notwithstanding its use as a limit, in the case of swelling soils the water content at saturation can be somewhat larger than the porosity that is calculated from dry bulk density.
A34: SYMBOL | B34: MEANING
A35: DAP | B35: Days after planting
A36: DOY | B36: day of year. January 1 is DOY 1, February 1 is DOY 32, etc.
A37: FC | B37: Soil profile water content in mm
A38: VWC | B38: Volumetric water content in units of volume of water per unit volume of soil.
A39: WC | B39: Soil profile water content. Also known as soil profile water storage. Units are typically in depth of water, e.g., mm, in a soil profile from the soil surface to a defined depth.
A40: MAD | B40: Profile water content in mm at management allowed depletion
A41: NE | B41: northeast. Refers to NE field and weighing lysimeter
... A53: Harvested | B53: Harvested 23 October 2013, DOY 296

Sheet DIc. 2013 E Maize Profile WC
A1: Spreadsheet tab | B1: Element or value display name | C1: Description | D1: Data type | E1: Character length | F1: Acceptable values | G1: Required? | H1: Accepts null value?
A2: 2013 E Maize Profile WC | B2: DAP | C2: Year | D2: integer | E2: 3 | G2: Yes | H2: No
A3: 2013 E Maize Profile WC | B3: DOY | C3: Serial day of the year beginning with 1 for January 1. | D3: integer | E3: 3 | F3: 1 to 366 | G3: Yes | H3: No
A4: 2013 E Maize Profile WC | B4: Storage in top 1.5 m of soil in NE Lys | C4: Water in mm stored in top 1.5 m of soil in NE Lys | D4: decimal | G4: Yes | H4: Yes, #N/A
A5: 2013 E Maize Profile WC | B5: Storage in top 1.5 m of soil in NE Field | C5: Water in mm stored in top 1.5 m of soil in NE Field | D5: decimal | G5: Yes | H5: Yes, #N/A
A6: 2013 E Maize Profile WC | B6: Storage in top 1.5 m of soil in SE Lys | C6: Water in mm stored in top 1.5 m of soil in SE Lys | D6: decimal | G6: Yes | H6: Yes, #N/A
A7: 2013 E Maize Profile WC | B7: Storage in top 1.5 m of soil in SE Field | C7: Water in mm stored in top 1.5 m of soil in SE Field | D7: decimal | G7: Yes | H7: Yes, #N/A
A8: 2013 E Maize Profile WC | B8: FC | C8: Water in mm stored in top 1.5 m of soil at field capacity | D8: decimal | G8: Yes | H8: Yes, #N/A
A9: 2013 E Maize Profile WC | B9: PWP | C9: Water in mm stored in top 1.5 m of soil at permanent wilting point | D9: decimal | G9: Yes | H9: Yes, #N/A
A10: 2013 E Maize Profile WC | B10: MAD | C10: Water in mm stored in top 1.5 m of soil at management allowed depletion | D10: decimal | G10: Yes | H10: Yes, #N/A
A11: 2013 E Maize Profile WC | B11: Storage in top 2.4 m of NE field tubes 1-2 | C11: Water in mm stored in top 2.4 m of NE field tubes 1-2 | D11: decimal | G11: Yes | H11: Yes, #N/A
A12: 2013 E Maize Profile WC | B12: Storage in top 2.4 m of NE field tubes 3-4 | C12: Water in mm stored in top 2.4 m of NE field tubes 3-4 | D12: decimal | G12: Yes | H12: Yes, #N/A
A13: 2013 E Maize Profile WC | B13: Storage in top 2.0 m of NE Lys tubes 5-6 | C13: Water in mm stored in top 2.0 m of NE Lys tubes 5-6 | D13: decimal | G13: Yes | H13: Yes, #N/A
A14: 2013 E Maize Profile WC | B14: Storage in top 2.4 m of NE field tubes 7-8 | C14: Water in mm stored in top 2.4 m of NE field tubes 7-8 | D14: decimal | G14: Yes | H14: Yes, #N/A
A15: 2013 E Maize Profile WC | B15: Storage in top 2.4 m of NE field tubes 9-10 | C15: Water in mm stored in top 2.4 m of NE field tubes 9-10 | D15: decimal | G15: Yes | H15: Yes, #N/A
... A20: 2013 E Maize Profile WC | B20: Storage in top 2.4 m of SE field tubes 19-20 | C20: Water in mm stored in top 2.4 m of SE field tubes 19-20 | D20: decimal | G20: Yes | H20: Yes, #N/A

Sheet 2013 E Maize Profile WC
A1: DAP | B1: DOY | C1: Water (mm) stored in top 1.5 m of soil in NE Lys | D1: Water (mm) stored in top 1.5 m of soil in NE Field | E1: Water (mm) stored in top 1.5 m of soil in SE Lys | F1: Water (mm) stored in top 1.5 m of soil in SE Field | G1: FC | H1: PWP | I1: MAD | J1: Water stored (mm) in top 2.4 m of NE field tubes 1-2 | K1: Water stored (mm) in top 2.4 m of NE field tubes 3-4 | L1: Water stored (mm) in top 2.0 m of NE Lys tubes 5-6 | M1: Water stored (mm) in top 2.4 m of NE field tubes 7-8 | N1: Water stored (mm) in top 2.4 m of NE field tubes 9-10 | O1: Water stored (mm) in top 2.4 m of SE field tubes 11-12 | P1: Water stored (mm) in top 2.4 m of SE field tubes 13-14 | Q1: Water stored (mm) in top 2.0 m of SE Lys tubes 15-16 | R1: Water stored (mm) in top 2.4 m of SE field tubes 17-18 | S1: Water stored (mm) in top 2.4 m of SE field tubes 19-20
A2: 15 | B2: 157 | C2: 519.51406 | D2: #N/A | E2: 508.71275 | F2: #N/A | G2: 495 | H2: 270 | I2: 360 | J2: #N/A | K2: #N/A | L2: 687.2538 | M2: #N/A | N2: #N/A | O2: #N/A | P2: #N/A | Q2: 671.208 | R2: #N/A | S2: #N/A
A3: 29 | B3: 171 | C3: 491.36777 | D3: 498.84464 | E3: 477.96338 | F3: 488.92375 | G3: 495 | H3: 270 | I3: 360 | J3: 766.93757 | K3: 751.35444 | L3: 657.68508 | M3: 773.32593 | N3: 775.20466 | O3: 773.60151 | P3: 760.18509 | Q3: 641.47747 | R3: 779.3813 | S3: 759.84059
A4: 34 | B4: 176 | C4: 475.36297 | D4: 488.56182 | E4: 460.79909 | F4: 481.37142 | G4: 495 | H4: 270 | I4: 360 | J4: 761.10965 | K4: 743.99529 | L4: 643.6486 | M4: 761.08425 | N4: 760.05023 | O4: 767.8633 | P4: 752.43746 | Q4: 624.65771 | R4: 770.94408 | S4: 752.89625
A5: 41 | B5: 183 | C5: 456.07393 | D5: 480.07498 | E5: 444.1267 | F5: 464.43469 | G5: 495 | H5: 270 | I5: 360 | J5: 743.27934 | K5: 729.86029 | L5: 623.86235 | M5: 761.91323 | N5: 752.30909 | O5: 749.47797 | P5: 737.33697 | Q5: 608.67144 | R5: 755.71128 | S5: 738.92724
A6: 47 | B6: 189 | C6: 459.89126 | D6: 493.56863 | E6: 443.71051 | F6: 479.82985 | G6: 495 | H6: 270 | I6: 360 | J6: 760.8071 | K6: 747.56899 | L6: 628.91978 | M6: 776.75582 | N6: 763.09037 | O6: 763.88475 | P6: 754.06791 | Q6: 608.92767 | R6: 770.27881 | S6: 752.56223
A7: 55 | B7: 197 | C7: 445.79682 | D7: 485.09249 | E7: 433.5371 | F7: #N/A | G7: 495 | H7: 270 | I7: 360 | J7: 761.23588 | K7: 730.68937 | L7: 612.812 | M7: 767.78707 | N7: 747.83517 | O7: 769.97203 | P7: 753.24608 | Q7: 597.48283 | R7: #N/A | S7: #N/A
A8: 61 | B8: 203 | C8: 487.84113 | D8: 502.7873 | E8: 469.98712 | F8: 488.64634 | G8: 495 | H8: 270 | I8: 360 | J8: 768.47153 | K8: 759.84676 | L8: 657.18776 | M8: 779.4726 | N8: 771.34825 | O8: 770.10321 | P8: 763.96475 | Q8: 635.51847 | R8: 780.79103 | S8: 760.16217
A9: 68 | B9: 210 | C9: 441.97995 | D9: 462.97863 | E9: 418.34027 | F9: 446.608 | G9: 495 | H9: 270 | I9: 360 | J9: 724.72467 | K9: 717.3211 | L9: 610.19119 | M9: 739.96747 | N9: 730.17646 | O9: 723.79717 | P9: 716.01786 | Q9: 582.50036 | R9: 739.95839 | S9: 722.48533
A10: 76 | B10: 218 | C10: 437.10029 | D10: 457.46316 | E10: 419.73272 | F10: 446.92444 | G10: 495 | H10: 270 | I10: 360 | J10: 723.8507 | K10: 706.33722 | L10: 603.24044 | M10: 731.67619 | N10: 718.20677 | O10: 726.17446 | P10: 714.29174 | Q10: 582.37668 | R10: 737.0737 | S10: 720.58663
A11: 89 | B11: 231 | C11: 480.21012 | D11: 482.14194 | E11: 458.69814 | F11: 473.03769 | G11: 495 | H11: 270 | I11: 360 | J11: 747.06675 | K11: 730.57817 | L11: 647.06185 | M11: 750.85049 | N11: 744.22999 | O11: 751.83112 | P11: 741.12738 | Q11: 621.87259 | R11: 764.77272 | S11: 741.40886
A12: 104 | B12: 246 | C12: 439.53013 | D12: 432.73597 | E12: 404.66966 | F12: 419.18665 | G12: 495 | H12: 270 | I12: 360 | J12: 689.47147 | K12: 676.356 | L12: 605.42852 | M12: 704.58556 | N12: 690.98953 | O12: 693.00076 | P12: 679.5873 | Q12: 569.12337 | R12: 707.95284 | S12: 686.26023
A13: 111 | B13: 253 | C13: 427.98358 | D13: 420.81245 | E13: 403.41662 | F13: 414.43387 | G13: 495 | H13: 270 | I13: 360 | J13: 678.30766 | K13: 662.00201 | L13: 592.20141 | M13: 691.30899 | N13: 674.95354 | O13: 699.28922 | P13: 668.95298 | Q13: 566.03219 | R13: 697.50404 | S13: 677.14302
A14: 127 | B14: 269 | C14: 436.86972 | D14: 428.8739 | E14: 416.18995 | F14: 418.99131 | G14: 495 | H14: 270 | I14: 360 | J14: 681.0152 | K14: 664.9376 | L14: 600.65787 | M14: 698.2462 | N14: 682.97544 | O14: 698.71402 | P14: 678.97547 | Q14: 579.1569 | R14: 698.40234 | S14: 676.135

Sheet Dic. 2013 E Maize Soil VWC
A1: Spreadsheet tab | B1: Element or value display name | C1: Description | D1: Data type | E1: Character length | F1: Acceptable values | G1: Required? | H1: Accepts null value?
A2: 2013 E Maize Soil VWC | B2: Year | C2: Year | D2: year - yyyy | E2: 4 | G2: Yes | H2: No
A3: 2013 E Maize Soil VWC | B3: DOY | C3: Serial day of the year beginning with 1 for January 1. | D3: integer | E3: 3 | F3: 1 to 366 | G3: Yes | H3: No
A4: 2013 E Maize Soil VWC | B4: Date | C4: Date in yyyy-mm-dd format | D4: date - year/month/day preferably ISO 8601: yyyy-mm-dd | E4: 10 | G4: Yes | H4: No
A5: 2013 E Maize Soil VWC | B5: Time | C5: Time of day in hh:mm format | D5: time: hh:mm | F5: 0 to 24:00 | G5: Yes | H5: Yes, #N/A
A6: 2013 E Maize Soil VWC | B6: Depth in cm | C6: Center depth in cm below the soil surface of soil water content sensing | D6: decimal | G6: Yes | H6: No
A7: 2013 E Maize Soil VWC | B7: Tube no. | C7: Number of the access tube in which the neutron probe was used to sense water content. The tube map gives the relative tube locations in the lysimeters and in the fields surrounding the lysimeters. | D7: integer | F7: 1 to 20 | G7: Yes | H7: No
A8: 2013 E Maize Soil VWC | B8: VWC | C8: Soil volumetric water content. This is a unitless fraction. | D8: decimal | F8: Zero to <1 | G8: Yes | H8: Yes, #N/A
A9: 2013 E Maize Soil VWC | B9: Location | C9: Indicates wether the access tube was in the field, indicated by Fld, or in a lysimeter, indicated by Lys, and what field it was in as indicated by the four intercardinal directions NW, SW, NE, and SE. | D9: varchar(6) | E9: 6 | H9: No

Sheet 2013 E Maize Soil VWC
A1: Year | B1: DOY | C1: Date | D1: Time | E1: Depth in cm | F1: Tube no. | G1: VWC | H1: Location
A2: 2013 | B2: 156 | C2: 41430 | D2: #N/A | E2: 230 | F2: 1 | G2: #N/A | H2: NE Fld
A3: 2013 | B3: 156 | C3: 41430 | D3: #N/A | E3: 230 | F3: 2 | G3: #N/A | H3: NE Fld
A4: 2013 | B4: 156 | C4: 41430 | D4: #N/A | E4: 230 | F4: 3 | G4: #N/A | H4: NE Fld
A5: 2013 | B5: 156 | C5: 41430 | D5: #N/A | E5: 230 | F5: 4 | G5: #N/A | H5: NE Fld
A6: 2013 | B6: 156 | C6: 41430 | D6: 0.48611111 | E6: 230 | F6: 5 | G6: #N/A | H6: NE Lys
A7: 2013 | B7: 156 | C7: 41430 | D7: 0.49097222 | E7: 230 | F7: 6 | G7: #N/A | H7: NE Lys
A8: 2013 | B8: 156 | C8: 41430 | D8: #N/A | E8: 230 | F8: 7 | G8: #N/A | H8: NE Fld
A9: 2013 | B9: 156 | C9: 41430 | D9: #N/A | E9: 230 | F9: 8 | G9: #N/A | H9: NE Fld
A10: 2013 | B10: 156 | C10: 41430 | D10: #N/A | E10: 230 | F10: 9 | G10: #N/A | H10: NE Fld
A11: 2013 | B11: 156 | C11: 41430 | D11: #N/A | E11: 230 | F11: 10 | G11: #N/A | H11: NE Fld
A12: 2013 | B12: 156 | C12: 41430 | D12: #N/A | E12: 230 | F12: 11 | G12: #N/A | H12: SE Fld
A13: 2013 | B13: 156 | C13: 41430 | D13: #N/A | E13: 230 | F13: 12 | G13: #N/A | H13: SE Fld
A14: 2013 | B14: 156 | C14: 41430 | D14: #N/A | E14: 230 | F14: 13 | G14: #N/A | H14: SE Fld
A15: 2013 | B15: 156 | C15: 41430 | D15: #N/A | E15: 230 | F15: 14 | G15: #N/A | H15: SE Fld
A16: 2013 | B16: 156 | C16: 41430 | D16: 0.50486111 | E16: 230 | F16: 15 | G16: #N/A | H16: SE Lys
A17: 2013 | B17: 156 | C17: 41430 | D17: 0.50972222 | E17: 230 | F17: 16 | G17: #N/A | H17: SE Lys
A18: 2013 | B18: 156 | C18: 41430 | D18: #N/A | E18: 230 | F18: 17 | G18: #N/A | H18: SE Fld
A19: 2013 | B19: 156 | C19: 41430 | D19: #N/A | E19: 230 | F19: 18 | G19: #N/A | H19: SE Fld
A20: 2013 | B20: 156 | C20: 41430 | D20: #N/A | E20: 230 | F20: 19 | G20: #N/A | H20: SE Fld
A21: 2013 | B21: 156 | C21: 41430 | D21: #N/A | E21: 230 | F21: 20 | G21: #N/A | H21: SE Fld
A22: 2013 | B22: 156 | C22: 41430 | D22: #N/A | E22: 210 | F22: 1 | G22: #N/A | H22: NE Fld
A23: 2013 | B23: 156 | C23: 41430 | D23: #N/A | E23: 210 | F23: 2 | G23: #N/A | H23: NE Fld
A24: 2013 | B24: 156 | C24: 41430 | D24: #N/A | E24: 210 | F24: 3 | G24: #N/A | H24: NE Fld
A25: 2013 | B25: 156 | C25: 41430 | D25: #N/A | E25: 210 | F25: 4 | G25: #N/A | H25: NE Fld
A26: 2013 | B26: 156 | C26: 41430 | D26: 0.48611111 | E26: 210 | F26: 5 | G26: #N/A | H26: NE Lys
A27: 2013 | B27: 156 | C27: 41430 | D27: 0.49097222 | E27: 210 | F27: 6 | G27: #N/A | H27: NE Lys
A28: 2013 | B28: 156 | C28: 41430 | D28: #N/A | E28: 210 | F28: 7 | G28: #N/A | H28: NE Fld
A29: 2013 | B29: 156 | C29: 41430 | D29: #N/A | E29: 210 | F29: 8 | G29: #N/A | H29: NE Fld
A30: 2013 | B30: 156 | C30: 41430 | D30: #N/A | E30: 210 | F30: 9 | G30: #N/A | H30: NE Fld
A31: 2013 | B31: 156 | C31: 41430 | D31: #N/A | E31: 210 | F31: 10 | G31: #N/A | H31: NE Fld
A32: 2013 | B32: 156 | C32: 41430 | D32: #N/A | E32: 210 | F32: 11 | G32: #N/A | H32: SE Fld
A33: 2013 | B33: 156 | C33: 41430 | D33: #N/A | E33: 210 | F33: 12 | G33: #N/A | H33: SE Fld
A34: 2013 | B34: 156 | C34: 41430 | D34: #N/A | E34: 210 | F34: 13 | G34: #N/A | H34: SE Fld
A35: 2013 | B35: 156 | C35: 41430 | D35: #N/A | E35: 210 | F35: 14 | G35: #N/A | H35: SE Fld
A36: 2013 | B36: 156 | C36: 41430 | D36: 0.50486111 | E36: 210 | F36: 15 | G36: #N/A | H36: SE Lys
A37: 2013 | B37: 156 | C37: 41430 | D37: 0.50972222 | E37: 210 | F37: 16 | G37: #N/A | H37: SE Lys
A38: 2013 | B38: 156 | C38: 41430 | D38: #N/A | E38: 210 | F38: 17 | G38: #N/A | H38: SE Fld
A39: 2013 | B39: 156 | C39: 41430 | D39: #N/A | E39: 210 | F39: 18 | G39: #N/A | H39: SE Fld
A40: 2013 | B40: 156 | C40: 41430 | D40: #N/A | E40: 210 | F40: 19 | G40: #N/A | H40: SE Fld
A41: 2013 | B41: 156 | C41: 41430 | D41: #N/A | E41: 210 | F41: 20 | G41: #N/A | H41: SE Fld
A42: 2013 | B42: 156 | C42: 41430 | D42: #N/A | E42: 190 | F42: 1 | G42: #N/A | H42: NE Fld
A43: 2013 | B43: 156 | C43: 41430 | D43: #N/A | E43: 190 | F43: 2 | G43: #N/A | H43: NE Fld
A44: 2013 | B44: 156 | C44: 41430 | D44: #N/A | E44: 190 | F44: 3 | G44: #N/A | H44: NE Fld
A45: 2013 | B45: 156 | C45: 41430 | D45: #N/A | E45: 190 | F45: 4 | G45: #N/A | H45: NE Fld
A46: 2013 | B46: 156 | C46: 41430 | D46: 0.48611111 | E46: 190 | F46: 5 | G46: 0.32060152 | H46: NE Lys
A47: 2013 | B47: 156 | C47: 41430 | D47: 0.49097222 | E47: 190 | F47: 6 | G47: 0.33293413 | H47: NE Lys
A48: 2013 | B48: 156 | C48: 41430 | D48: #N/A | E48: 190 | F48: 7 | G48: #N/A | H48: NE Fld
A49: 2013 | B49: 156 | C49: 41430 | D49: #N/A | E49: 190 | F49: 8 | G49: #N/A | H49: NE Fld
A50: 2013 | B50: 156 | C50: 41430 | D50: #N/A | E50: 190 | F50: 9 | G50: #N/A | H50: NE Fld
A51: 2013 | B51: 156 | C51: 41430 | D51: #N/A | E51: 190 | F51: 10 | G51: #N/A | H51: NE Fld
A52: 2013 | B52: 156 | C52: 41430 | D52: #N/A | E52: 190 | F52: 11 | G52: #N/A | H52: SE Fld
A53: 2013 | B53: 156 | C53: 41430 | D53: #N/A | E53: 190 | F53: 12 | G53: #N/A | H53: SE Fld
A54: 2013 | B54: 156 | C54: 41430 | D54: #N/A | E54: 190 | F54: 13 | G54: #N/A | H54: SE Fld
A55: 2013 | B55: 156 | C55: 41430 | D55: #N/A | E55: 190 | F55: 14 | G55: #N/A | H55: SE Fld
A56: 2013 | B56: 156 | C56: 41430 | D56: 0.50486111 | E56: 190 | F56: 15 | G56: 0.31257554 | H56: SE Lys
A57: 2013 | B57: 156 | C57: 41430 | D57: 0.50972222 | E57: 190 | F57: 16 | G57: 0.30012548 | H57: SE Lys
A58: 2013 | B58: 156 | C58: 41430 | D58: #N/A | E58: 190 | F58: 17 | G58: #N/A | H58: SE Fld
A59: 2013 | B59: 156 | C59: 41430 | D59: #N/A | E59: 190 | F59: 18 | G59: #N/A | H59: SE Fld
A60: 2013 | B60: 156 | C60: 41430 | D60: #N/A | E60: 190 | F60: 19 | G60: #N/A | H60: SE Fld
A61: 2013 | B61: 156 | C61: 41430 | D61: #N/A | E61: 190 | F61: 20 | G61: #N/A | H61: SE Fld
A62: 2013 | B62: 156 | C62: 41430 | D62: #N/A | E62: 170 | F62: 1 | G62: #N/A | H62: NE Fld
A63: 2013 | B63: 156 | C63: 41430 | D63: #N/A | E63: 170 | F63: 2 | G63: #N/A | H63: NE Fld
A64: 2013 | B64: 156 | C64: 41430 | D64: #N/A | E64: 170 | F64: 3 | G64: #N/A | H64: NE Fld
A65: 2013 | B65: 156 | C65: 41430 | D65: #N/A | E65: 170 | F65: 4 | G65: #N/A | H65: NE Fld
A66: 2013 | B66: 156 | C66: 41430 | D66: 0.48611111 | E66: 170 | F66: 5 | G66: 0.32506475 | H66: NE Lys
A67: 2013 | B67: 156 | C67: 41430 | D67: 0.49097222 | E67: 170 | F67: 6 | G67: 0.32340083 | H67: NE Lys
A68: 2013 | B68: 156 | C68: 41430 | D68: #N/A | E68: 170 | F68: 7 | G68: #N/A | H68: NE Fld
A69: 2013 | B69: 156 | C69: 41430 | D69: #N/A | E69: 170 | F69: 8 | G69: #N/A | H69: NE Fld
A70: 2013 | B70: 156 | C70: 41430 | D70: #N/A | E70: 170 | F70: 9 | G70: #N/A | H70: NE Fld
A71: 2013 | B71: 156 | C71: 41430 | D71: #N/A | E71: 170 | F71: 10 | G71: #N/A | H71: NE Fld
A72: 2013 | B72: 156 | C72: 41430 | D72: #N/A | E72: 170 | F72: 11 | G72: #N/A | H72: SE Fld
A73: 2013 | B73: 156 | C73: 41430 | D73: #N/A | E73: 170 | F73: 12 | G73: #N/A | H73: SE Fld
A74: 2013 | B74: 156 | C74: 41430 | D74: #N/A | E74: 170 | F74: 13 | G74: #N/A | H74: SE Fld
A75: 2013 | B75: 156 | C75: 41430 | D75: #N/A | E75: 170 | F75: 14 | G75: #N/A | H75: SE Fld
A76: 2013 | B76: 156 | C76: 41430 | D76: 0.50486111 | E76: 170 | F76: 15 | G76: 0.33021312 | H76: SE Lys
A77: 2013 | B77: 156 | C77: 41430 | D77: 0.50972222 | E77: 170 | F77: 16 | G77: 0.320856 | H77: SE Lys
A78: 2013 | B78: 156 | C78: 41430 | D78: #N/A | E78: 170 | F78: 17 | G78: #N/A | H78: SE Fld
A79: 2013 | B79: 156 | C79: 41430 | D79: #N/A | E79: 170 | F79: 18 | G79: #N/A | H79: SE Fld
A80: 2013 | B80: 156 | C80: 41430 | D80: #N/A | E80: 170 | F80: 19 | G80: #N/A | H80: SE Fld
A81: 2013 | B81: 156 | C81: 41430 | D81: #N/A | E81: 170 | F81: 20 | G81: #N/A | H81: SE Fld
A82: 2013 | B82: 156 | C82: 41430 | D82: #N/A | E82: 150 | F82: 1 | G82: #N/A | H82: NE Fld
A83: 2013 | B83: 156 | C83: 41430 | D83: #N/A | E83: 150 | F83: 2 | G83: #N/A | H83: NE Fld
A84: 2013 | B84: 156 | C84: 41430 | D84: #N/A | E84: 150 | F84: 3 | G84: #N/A | H84: NE Fld
A85: 2013 | B85: 156 | C85: 41430 | D85: #N/A | E85: 150 | F85: 4 | G85: #N/A | H85: NE Fld
A86: 2013 | B86: 156 | C86: 41430 | D86: 0.48611111 | E86: 150 | F86: 5 | G86: 0.36339371 | H86: NE Lys
A87: 2013 | B87: 156 | C87: 41430 | D87: 0.49097222 | E87: 150 | F87: 6 | G87: 0.3509045 | H87: NE Lys
A88: 2013 | B88: 156 | C88: 41430 | D88: #N/A | E88: 150 | F88: 7 | G88: #N/A | H88: NE Fld
A89: 2013 | B89: 156 | C89: 41430 | D89: #N/A | E89: 150 | F89: 8 | G89: #N/A | H89: NE Fld
A90: 2013 | B90: 156 | C90: 41430 | D90: #N/A | E90: 150 | F90: 9 | G90: #N/A | H90: NE Fld
A91: 2013 | B91: 156 | C91: 41430 | D91: #N/A | E91: 150 | F91: 10 | G91: #N/A | H91: NE Fld
A92: 2013 | B92: 156 | C92: 41430 | D92: #N/A | E92: 150 | F92: 11 | G92: #N/A | H92: SE Fld
A93: 2013 | B93: 156 | C93: 41430 | D93: #N/A | E93: 150 | F93: 12 | G93: #N/A | H93: SE Fld
A94: 2013 | B94: 156 | C94: 41430 | D94: #N/A | E94: 150 | F94: 13 | G94: #N/A | H94: SE Fld
A95: 2013 | B95: 156 | C95: 41430 | D95: #N/A | E95: 150 | F95: 14 | G95: #N/A | H95: SE Fld
A96: 2013 | B96: 156 | C96: 41430 | D96: 0.50486111 | E96: 150 | F96: 15 | G96: 0.34452286 | H96: SE Lys
A97: 2013 | B97: 156 | C97: 41430 | D97: 0.50972222 | E97: 150 | F97: 16 | G97: 0.33123105 | H97: SE Lys
A98: 2013 | B98: 156 | C98: 41430 | D98: #N/A | E98: 150 | F98: 17 | G98: #N/A | H98: SE Fld
A99: 2013 | B99: 156 | C99: 41430 | D99: #N/A | E99: 150 | F99: 18 | G99: #N/A | H99: SE Fld
A100: 2013 | B100: 156 | C100: 41430 | D100: #N/A | E100: 150 | F100: 19 | G100: #N/A | H100: SE Fld
...

Sheet Dic. 2013 E Maize Tube Map
A1: Spreadsheet tab | B1: Element or value display name | C1: Description | D1: Data type | E1: Character length | F1: Acceptable values | G1: Required? | H1: Accepts null value?
A2: 2013 E Maize Tube Map | B2: Location | C2: Location of the access tube given as in the northeast (NE) field, NE lysimeter (NE Lys), southeast (SE) field, or SE lysimeter (SE Lys); northwest (NW) field, NW lysimeter (NW Lys), southwest (SW) field, or SW lysimeter (SW Lys) | D2: alphanumeric | E2: variable | F2: alphanumeric | G2: Yes | H2: No
A3: 2013 E Maize Tube Map | B3: Tube number | C3: Number of the access tube in which the neutron probe was used to sense water content. | D3: integer | F3: 1 through 20 | G3: Yes | H3: No
A4: 2013 E Maize Tube Map | B4: Latitude | C4: The latitude of the access tube in decimal degress | D4: decimal | G4: Yes | H4: No
A5: 2013 E Maize Tube Map | B5: Longitude | C5: The longitude of the access tube in decimal degrees | D5: decimal | G5: Yes | H5: No

Sheet 2013 E Maize Tube Map
A1: Location | B1: Tube number | C1: latitude | D1: longitude
A2: NE | B2: 1 | C2: 35.188353 | D2: -102.0954
A3: NE | B3: 2 | C3: 35.188353 | D3: -102.09569
A4: NE | B4: 3 | C4: 35.18827 | D4: -102.09569
A5: NE | B5: 4 | C5: 35.18827 | D5: -102.09541
A6: NE Lys | B6: 5 | C6: 35.188173 | D6: -102.09553
A7: NE Lys | B7: 6 | C7: 35.188166 | D7: -102.09555
A8: NE | B8: 7 | C8: 35.188118 | D8: -102.09569
A9: NE | B9: 8 | C9: 35.188118 | D9: -102.0954
A10: NE | B10: 9 | C10: 35.188043 | D10: -102.0954
A11: NE | B11: 10 | C11: 35.188043 | D11: -102.09568
A12: SE | B12: 11 | C12: 35.186281 | D12: -102.09542
A13: SE | B13: 12 | C13: 35.186281 | D13: -102.0957
... A21: SE | B21: 20 | C21: 35.185964 | D21: -102.0957

Sheet 2013 E Maize VWC Graphs
Y1: Depth (cm) | Z1: 230 | AA1: 210 | AB1: 190 | AC1: 170 | AD1: 150 | AE1: 130 | AF1: 110 | AG1: 90 | AH1: 70 | AI1: 50 | AJ1: 30 | AK1: 10 | AW1: Day of year | AX1: Date | AY1: Storage in top 1.5 m of soil in NE Lys | AZ1: Storage in top 1.5 m of soil in NE Field | BA1: Storage in top 1.5 m of soil in SE Lys | BB1: Storage in top 1.5 m of soil in SE Field | BC1: Water stored (mm) in top 2.4 m of NE field tubes 1-2 | BD1: Water stored (mm) in top 2.4 m of NE field tubes 3-4 | BE1: Water stored (mm) in top 2.0 m of NE Lys tubes 5-6 | BF1: Water stored (mm) in top 2.4 m of NE field tubes 7-8 | BG1: Water stored (mm) in top 2.4 m of NE field tubes 9-10 | BH1: Water stored (mm) in top 2.4 m of SE field tubes 11-12 | BI1: Water stored (mm) in top 2.4 m of SE field tubes 13-14 | BJ1: Water stored (mm) in top 2.0 m of SE Lys tubes 15-16 | BK1: Water stored (mm) in top 2.4 m of SE field tubes 17-18 | BL1: Water stored (mm) in top 2.4 m of SE field tubes 19-20 | BM1: Day of year | BN1: Date | BO1: Storage in top 1.5 m of soil in NE Lys | BP1: Storage in top 1.5 m of soil in NE Field | BQ1: Storage in top 1.5 m of soil in SE Lys | BR1: Storage in top 1.5 m of soil in SE Field | BS1: Water stored (mm) in top 2.4 m of NE field tubes 1-2 | BT1: Water stored (mm) in top 2.4 m of NE field tubes 3-4 | BU1: Water stored (mm) in top 2.0 m of NE Lys tubes 5-6 | BV1: Water stored (mm) in top 2.4 m of NE field tubes 7-8 | BW1: Water stored (mm) in top 2.4 m of NE field tubes 9-10 | BX1: Water stored (mm) in top 2.4 m of SE field tubes 11-12 | BY1: Water stored (mm) in top 2.4 m of SE field tubes 13-14 | BZ1: Water stored (mm) in top 2.0 m of SE Lys tubes 15-16 | CA1: Water stored (mm) in top 2.4 m of SE field tubes 17-18 | CB1: Water stored (mm) in top 2.4 m of SE field tubes 19-20
Y2: Porosity (m3/m3) | AA2: 0.46977987 | AB2: 0.4691195 | AC2: 0.45975262 | AD2: 0.46509434 | AE2: 0.42485115 | AF2: 0.41714735 | AG2: 0.44435759 | AH2: 0.45478559 | AI2: 0.43505765 | AJ2: 0.45794811 | AK2: 0.48951842 | BM2: VLOOKUP TABLE
AC3: VWC | AD3: VWC | AE3: VWC | AF3: VWC | AG3: VWC | AH3: VWC | AI3: VWC | AJ3: VWC | AK3: VWC | AL3: VWC | AM3: VWC | AN3: VWC | BM3: Copy columns aw and ax to bm and bn, then sort to eliminate blank lines.
AC4: tube no. | AD4: tube no. | AE4: tube no. | AF4: tube no. | AG4: tube no. | AH4: tube no. | AI4: tube no. | AJ4: tube no. | AK4: tube no. | AL4: tube no. | AM4: tube no. | AN4: tube no. | BM4: VLOOKUP TABLE will find values
Y5: Year | Z5: DOY | AA5: Date | AB5: Depth | AC5: 1 | AD5: 2 | AE5: 3 | AF5: 4 | AG5: 5 | AH5: 6 | AI5: 7 | AJ5: 8 | AK5: 9 | AL5: 10 | AM5: 11 | AN5: 12 | AO5: 13 | AP5: 14 | AQ5: 15 | AR5: 16 | AS5: 17 | AT5: 18 | AU5: 19 | AV5: 20 | BO5: 2 | BP5: 3 | BQ5: 4 | BR5: 5 | BS5: 6 | BT5: 7 | BU5: 8 | BV5: 9 | BW5: 10 | BX5: 11 | BY5: 12 | BZ5: 13 | CA5: 14 | CB5: 15
Y6: 2013 | Z6: 156 | AA6: =DATE(Y6,1,Z6) -> 41430 | AB6: 10 | AC6: {=_xlfn.XLOOKUP(1,('2013 E Maize Soil VWC'!$C$2:$C$4000=$AA6)*('2013 E Maize Soil VWC'!$E$2:$E$4000=$AB6)*('2013 E Maize Soil VWC'!$F$2:$F$4000=AC$5),'2013 E Maize Soil VWC'!$G$2:$G$4000)} -> #N/A | AD6: {=_xlfn.XLOOKUP(1,('2013 E Maize Soil VWC'!$C$2:$C$4000=$AA6)*('2013 E Maize Soil VWC'!$E$2:$E$4000=$AB6)*('2013 E Maize Soil VWC'!$F$2:$F$4000=AD$5),'2013 E Maize Soil VWC'!$G$2:$G$4000)} -> #N/A | AE6: {=_xlfn.XLOOKUP(1,('2013 E Maize Soil VWC'!$C$2:$C$4000=$AA6)*('2013 E Maize Soil VWC'!$E$2:$E$4000=$AB6)*('2013 E Maize Soil VWC'!$F$2:$F$4000=AE$5),'2013 E Maize Soil VWC'!$G$2:$G$4000)} -> #N/A | AF6: {=_xlfn.XLOOKUP(1,('2013 E Maize Soil VWC'!$C$2:$C$4000=$AA6)*('2013 E Maize Soil VWC'!$E$2:$E$4000=$AB6)*('2013 E Maize Soil VWC'!$F$2:$F$4000=AF$5),'2013 E Maize Soil VWC'!$G$2:$G$4000)} -> #N/A | AG6: {=_xlfn.XLOOKUP(1,('2013 E Maize Soil VWC'!$C$2:$C$4000=$AA6)*('2013 E Maize Soil VWC'!$E$2:$E$4000=$AB6)*('2013 E Maize Soil VWC'!$F$2:$F$4000=AG$5),'2013 E Maize Soil VWC'!$G$2:$G$4000)} -> 0.28186999 | AH6: {=_xlfn.XLOOKUP(1,('2013 E Maize Soil VWC'!$C$2:$C$4000=$AA6)*('2013 E Maize Soil VWC'!$E$2:$E$4000=$AB6)*('2013 E Maize Soil VWC'!$F$2:$F$4000=AH$5),'2013 E Maize Soil VWC'!$G$2:$G$4000)} -> 0.26859788 | AI6: {=_xlfn.XLOOKUP(1,('2013 E Maize Soil VWC'!$C$2:$C$4000=$AA6)*('2013 E Maize Soil VWC'!$E$2:$E$4000=$AB6)*('2013 E Maize Soil VWC'!$F$2:$F$4000=AI$5),'2013 E Maize Soil VWC'!$G$2:$G$4000)} -> #N/A | AJ6: {=_xlfn.XLOOKUP(1,('2013 E Maize Soil VWC'!$C$2:$C$4000=$AA6)*('2013 E Maize Soil VWC'!$E$2:$E$4000=$AB6)*('2013 E Maize Soil VWC'!$F$2:$F$4000=AJ$5),'2013 E Maize Soil VWC'!$G$2:$G$4000)} -> #N/A | ... AV6: {=_xlfn.XLOOKUP(1,('2013 E Maize Soil VWC'!$C$2:$C$4000=$AA6)*('2013 E Maize Soil VWC'!$E$2:$E$4000=$AB6)*('2013 E Maize Soil VWC'!$F$2:$F$4000=AV$5),'2013 E Maize Soil VWC'!$G$2:$G$4000)} -> #N/A | AW6: =Z6 -> 156 | AX6: =AA6 -> 41430 | AY6: =1400*AVERAGE(AG6:AH12)+100*AVERAGE(AG13:AH13) -> 506.94172 | AZ6: =1400*AVERAGE(AC6:AF12,AI6:AL12)+100*AVERAGE(AC13:AF13,AI13:AL13) -> #N/A | BA6: =1400*AVERAGE(AQ6:AR12)+100*AVERAGE(AQ13:AR13) -> 495.63484 | BB6: =1400*AVERAGE(AM6:AP12,AS6:AV12)+100*AVERAGE(AM13:AP13,AS13:AV13) -> #N/A | BC6: =AVERAGE(AC6:AD17)*2400 -> #N/A | BD6: =AVERAGE(AE6:AF17)*2400 -> #N/A | BE6: =AVERAGE(AG6:AH15)*2000 -> 672.85676 | BF6: =AVERAGE(AI6:AJ17)*2400 -> #N/A | BG6: =AVERAGE(AK6:AL17)*2400 -> #N/A | BH6: =AVERAGE(AM6:AN17)*2400 -> #N/A | BI6: =AVERAGE(AO6:AP17)*2400 -> #N/A | BJ6: =AVERAGE(AQ6:AR15)*2000 -> 655.79955 | BK6: =AVERAGE(AS6:AT17)*2400 -> #N/A | BL6: =AVERAGE(AU6:AV17)*2400 -> #N/A | BM6: 156 | BN6: 41430 | BO6: =VLOOKUP($BN6,$AX$6:$BL$175,BO$5) -> 506.94172 | BP6: =VLOOKUP($BN6,$AX$6:$BL$175,BP$5) -> #N/A | BQ6: =VLOOKUP($BN6,$AX$6:$BL$175,BQ$5) -> 495.63484 | BR6: =VLOOKUP($BN6,$AX$6:$BL$175,BR$5) -> #N/A | BS6: =VLOOKUP($BN6,$AX$6:$BL$175,BS$5) -> #N/A | BT6: =VLOOKUP($BN6,$AX$6:$BL$175,BT$5) -> #N/A | BU6: =VLOOKUP($BN6,$AX$6:$BL$175,BU$5) -> 672.85676 | BV6: =VLOOKUP($BN6,$AX$6:$BL$175,BV$5) -> #N/A | ... CB6: =VLOOKUP($BN6,$AX$6:$BL$175,CB$5) -> #N/A
AA7: =AA6 -> 41430 | AB7: =AB6+20 -> 30 | AC7: {=_xlfn.XLOOKUP(1,('2013 E Maize Soil VWC'!$C$2:$C$4000=$AA7)*('2013 E Maize Soil VWC'!$E$2:$E$4000=$AB7)*('2013 E Maize Soil VWC'!$F$2:$F$4000=AC$5),'2013 E Maize Soil VWC'!$G$2:$G$4000)} -> #N/A | AD7: {=_xlfn.XLOOKUP(1,('2013 E Maize Soil VWC'!$C$2:$C$4000=$AA7)*('2013 E Maize Soil VWC'!$E$2:$E$4000=$AB7)*('2013 E Maize Soil VWC'!$F$2:$F$4000=AD$5),'2013 E Maize Soil VWC'!$G$2:$G$4000)} -> #N/A | AE7: {=_xlfn.XLOOKUP(1,('2013 E Maize Soil VWC'!$C$2:$C$4000=$AA7)*('2013 E Maize Soil VWC'!$E$2:$E$4000=$AB7)*('2013 E Maize Soil VWC'!$F$2:$F$4000=AE$5),'2013 E Maize Soil VWC'!$G$2:$G$4000)} -> #N/A | AF7: {=_xlfn.XLOOKUP(1,('2013 E Maize Soil VWC'!$C$2:$C$4000=$AA7)*('2013 E Maize Soil VWC'!$E$2:$E$4000=$AB7)*('2013 E Maize Soil VWC'!$F$2:$F$4000=AF$5),'2013 E Maize Soil VWC'!$G$2:$G$4000)} -> #N/A | AG7: {=_xlfn.XLOOKUP(1,('2013 E Maize Soil VWC'!$C$2:$C$4000=$AA7)*('2013 E Maize Soil VWC'!$E$2:$E$4000=$AB7)*('2013 E Maize Soil VWC'!$F$2:$F$4000=AG$5),'2013 E Maize Soil VWC'!$G$2:$G$4000)} -> 0.35414814 | AH7: {=_xlfn.XLOOKUP(1,('2013 E Maize Soil VWC'!$C$2:$C$4000=$AA7)*('2013 E Maize Soil VWC'!$E$2:$E$4000=$AB7)*('2013 E Maize Soil VWC'!$F$2:$F$4000=AH$5),'2013 E Maize Soil VWC'!$G$2:$G$4000)} -> 0.34569651 | AI7: {=_xlfn.XLOOKUP(1,('2013 E Maize Soil VWC'!$C$2:$C$4000=$AA7)*('2013 E Maize Soil VWC'!$E$2:$E$4000=$AB7)*('2013 E Maize Soil VWC'!$F$2:$F$4000=AI$5),'2013 E Maize Soil VWC'!$G$2:$G$4000)} -> #N/A | AJ7: {=_xlfn.XLOOKUP(1,('2013 E Maize Soil VWC'!$C$2:$C$4000=$AA7)*('2013 E Maize Soil VWC'!$E$2:$E$4000=$AB7)*('2013 E Maize Soil VWC'!$F$2:$F$4000=AJ$5),'2013 E Maize Soil VWC'!$G$2:$G$4000)} -> #N/A | ... AV7: {=_xlfn.XLOOKUP(1,('2013 E Maize Soil VWC'!$C$2:$C$4000=$AA7)*('2013 E Maize Soil VWC'!$E$2:$E$4000=$AB7)*('2013 E Maize Soil VWC'!$F$2:$F$4000=AV$5),'2013 E Maize Soil VWC'!$G$2:$G$4000)} -> #N/A | BM7: 157 | BN7: 41431 | BO7: =VLOOKUP($BN7,$AX$6:$BL$175,BO$5) -> 519.51406 | BP7: =VLOOKUP($BN7,$AX$6:$BL$175,BP$5) -> #N/A | BQ7: =VLOOKUP($BN7,$AX$6:$BL$175,BQ$5) -> 508.71275 | BR7: =VLOOKUP($BN7,$AX$6:$BL$175,BR$5) -> #N/A | BS7: =VLOOKUP($BN7,$AX$6:$BL$175,BS$5) -> #N/A | BT7: =VLOOKUP($BN7,$AX$6:$BL$175,BT$5) -> #N/A | BU7: =VLOOKUP($BN7,$AX$6:$BL$175,BU$5) -> 687.2538 | BV7: =VLOOKUP($BN7,$AX$6:$BL$175,BV$5) -> #N/A | ... CB7: =VLOOKUP($BN7,$AX$6:$BL$175,CB$5) -> #N/A
AA8: =AA7 -> 41430 | AB8: =AB7+20 -> 50 | AC8: {=_xlfn.XLOOKUP(1,('2013 E Maize Soil VWC'!$C$2:$C$4000=$AA8)*('2013 E Maize Soil VWC'!$E$2:$E$4000=$AB8)*('2013 E Maize Soil VWC'!$F$2:$F$4000=AC$5),'2013 E Maize Soil VWC'!$G$2:$G$4000)} -> #N/A | AD8: {=_xlfn.XLOOKUP(1,('2013 E Maize Soil VWC'!$C$2:$C$4000=$AA8)*('2013 E Maize Soil VWC'!$E$2:$E$4000=$AB8)*('2013 E Maize Soil VWC'!$F$2:$F$4000=AD$5),'2013 E Maize Soil VWC'!$G$2:$G$4000)} -> #N/A | AE8: {=_xlfn.XLOOKUP(1,('2013 E Maize Soil VWC'!$C$2:$C$4000=$AA8)*('2013 E Maize Soil VWC'!$E$2:$E$4000=$AB8)*('2013 E Maize Soil VWC'!$F$2:$F$4000=AE$5),'2013 E Maize Soil VWC'!$G$2:$G$4000)} -> #N/A | AF8: {=_xlfn.XLOOKUP(1,('2013 E Maize Soil VWC'!$C$2:$C$4000=$AA8)*('2013 E Maize Soil VWC'!$E$2:$E$4000=$AB8)*('2013 E Maize Soil VWC'!$F$2:$F$4000=AF$5),'2013 E Maize Soil VWC'!$G$2:$G$4000)} -> #N/A | AG8: {=_xlfn.XLOOKUP(1,('2013 E Maize Soil VWC'!$C$2:$C$4000=$AA8)*('2013 E Maize Soil VWC'!$E$2:$E$4000=$AB8)*('2013 E Maize Soil VWC'!$F$2:$F$4000=AG$5),'2013 E Maize Soil VWC'!$G$2:$G$4000)} -> 0.36121803 | AH8: {=_xlfn.XLOOKUP(1,('2013 E Maize Soil VWC'!$C$2:$C$4000=$AA8)*('2013 E Maize Soil VWC'!$E$2:$E$4000=$AB8)*('2013 E Maize Soil VWC'!$F$2:$F$4000=AH$5),'2013 E Maize Soil VWC'!$G$2:$G$4000)} -> 0.36253068 | AI8: {=_xlfn.XLOOKUP(1,('2013 E Maize Soil VWC'!$C$2:$C$4000=$AA8)*('2013 E Maize Soil VWC'!$E$2:$E$4000=$AB8)*('2013 E Maize Soil VWC'!$F$2:$F$4000=AI$5),'2013 E Maize Soil VWC'!$G$2:$G$4000)} -> #N/A | AJ8: {=_xlfn.XLOOKUP(1,('2013 E Maize Soil VWC'!$C$2:$C$4000=$AA8)*('2013 E Maize Soil VWC'!$E$2:$E$4000=$AB8)*('2013 E Maize Soil VWC'!$F$2:$F$4000=AJ$5),'2013 E Maize Soil VWC'!$G$2:$G$4000)} -> #N/A | ... AV8: {=_xlfn.XLOOKUP(1,('2013 E Maize Soil VWC'!$C$2:$C$4000=$AA8)*('2013 E Maize Soil VWC'!$E$2:$E$4000=$AB8)*('2013 E Maize Soil VWC'!$F$2:$F$4000=AV$5),'2013 E Maize Soil VWC'!$G$2:$G$4000)} -> #N/A | BM8: 171 | BN8: 41445 | BO8: =VLOOKUP($BN8,$AX$6:$BL$175,BO$5) -> 491.36777 | BP8: =VLOOKUP($BN8,$AX$6:$BL$175,BP$5) -> 498.84464 | BQ8: =VLOOKUP($BN8,$AX$6:$BL$175,BQ$5) -> 477.96338 | BR8: =VLOOKUP($BN8,$AX$6:$BL$175,BR$5) -> 488.92375 | BS8: =VLOOKUP($BN8,$AX$6:$BL$175,BS$5) -> 766.93757 | BT8: =VLOOKUP($BN8,$AX$6:$BL$175,BT$5) -> 751.35444 | BU8: =VLOOKUP($BN8,$AX$6:$BL$175,BU$5) -> 657.68508 | BV8: =VLOOKUP($BN8,$AX$6:$BL$175,BV$5) -> 773.32593 | ... CB8: =VLOOKUP($BN8,$AX$6:$BL$175,CB$5) -> 759.84059
AA9: =AA8 -> 41430 | AB9: =AB8+20 -> 70 | AC9: {=_xlfn.XLOOKUP(1,('2013 E Maize Soil VWC'!$C$2:$C$4000=$AA9)*('2013 E Maize Soil VWC'!$E$2:$E$4000=$AB9)*('2013 E Maize Soil VWC'!$F$2:$F$4000=AC$5),'2013 E Maize Soil VWC'!$G$2:$G$4000)} -> #N/A | AD9: {=_xlfn.XLOOKUP(1,('2013 E Maize Soil VWC'!$C$2:$C$4000=$AA9)*('2013 E Maize Soil VWC'!$E$2:$E$4000=$AB9)*('2013 E Maize Soil VWC'!$F$2:$F$4000=AD$5),'2013 E Maize Soil VWC'!$G$2:$G$4000)} -> #N/A | AE9: {=_xlfn.XLOOKUP(1,('2013 E Maize Soil VWC'!$C$2:$C$4000=$AA9)*('2013 E Maize Soil VWC'!$E$2:$E$4000=$AB9)*('2013 E Maize Soil VWC'!$F$2:$F$4000=AE$5),'2013 E Maize Soil VWC'!$G$2:$G$4000)} -> #N/A | AF9: {=_xlfn.XLOOKUP(1,('2013 E Maize Soil VWC'!$C$2:$C$4000=$AA9)*('2013 E Maize Soil VWC'!$E$2:$E$4000=$AB9)*('2013 E Maize Soil VWC'!$F$2:$F$4000=AF$5),'2013 E Maize Soil VWC'!$G$2:$G$4000)} -> #N/A | AG9: {=_xlfn.XLOOKUP(1,('2013 E Maize Soil VWC'!$C$2:$C$4000=$AA9)*('2013 E Maize Soil VWC'!$E$2:$E$4000=$AB9)*('2013 E Maize Soil VWC'!$F$2:$F$4000=AG$5),'2013 E Maize Soil VWC'!$G$2:$G$4000)} -> 0.36220827 | AH9: {=_xlfn.XLOOKUP(1,('2013 E Maize Soil VWC'!$C$2:$C$4000=$AA9)*('2013 E Maize Soil VWC'!$E$2:$E$4000=$AB9)*('2013 E Maize Soil VWC'!$F$2:$F$4000=AH$5),'2013 E Maize Soil VWC'!$G$2:$G$4000)} -> 0.35472386 | AI9: {=_xlfn.XLOOKUP(1,('2013 E Maize Soil VWC'!$C$2:$C$4000=$AA9)*('2013 E Maize Soil VWC'!$E$2:$E$4000=$AB9)*('2013 E Maize Soil VWC'!$F$2:$F$4000=AI$5),'2013 E Maize Soil VWC'!$G$2:$G$4000)} -> #N/A | AJ9: {=_xlfn.XLOOKUP(1,('2013 E Maize Soil VWC'!$C$2:$C$4000=$AA9)*('2013 E Maize Soil VWC'!$E$2:$E$4000=$AB9)*('2013 E Maize Soil VWC'!$F$2:$F$4000=AJ$5),'2013 E Maize Soil VWC'!$G$2:$G$4000)} -> #N/A | ... AV9: {=_xlfn.XLOOKUP(1,('2013 E Maize Soil VWC'!$C$2:$C$4000=$AA9)*('2013 E Maize Soil VWC'!$E$2:$E$4000=$AB9)*('2013 E Maize Soil VWC'!$F$2:$F$4000=AV$5),'2013 E Maize Soil VWC'!$G$2:$G$4000)} -> #N/A | BM9: 176 | BN9: 41450 | BO9: =VLOOKUP($BN9,$AX$6:$BL$175,BO$5) -> 475.36297 | BP9: =VLOOKUP($BN9,$AX$6:$BL$175,BP$5) -> 488.56182 | BQ9: =VLOOKUP($BN9,$AX$6:$BL$175,BQ$5) -> 460.79909 | BR9: =VLOOKUP($BN9,$AX$6:$BL$175,BR$5) -> 481.37142 | BS9: =VLOOKUP($BN9,$AX$6:$BL$175,BS$5) -> 761.10965 | BT9: =VLOOKUP($BN9,$AX$6:$BL$175,BT$5) -> 743.99529 | BU9: =VLOOKUP($BN9,$AX$6:$BL$175,BU$5) -> 643.6486 | BV9: =VLOOKUP($BN9,$AX$6:$BL$175,BV$5) -> 761.08425 | ... CB9: =VLOOKUP($BN9,$AX$6:$BL$175,CB$5) -> 752.89625
AA10: =AA9 -> 41430 | AB10: =AB9+20 -> 90 | AC10: {=_xlfn.XLOOKUP(1,('2013 E Maize Soil VWC'!$C$2:$C$4000=$AA10)*('2013 E Maize Soil VWC'!$E$2:$E$4000=$AB10)*('2013 E Maize Soil VWC'!$F$2:$F$4000=AC$5),'2013 E Maize Soil VWC'!$G$2:$G$4000)} -> #N/A | AD10: {=_xlfn.XLOOKUP(1,('2013 E Maize Soil VWC'!$C$2:$C$4000=$AA10)*('2013 E Maize Soil VWC'!$E$2:$E$4000=$AB10)*('2013 E Maize Soil VWC'!$F$2:$F$4000=AD$5),'2013 E Maize Soil VWC'!$G$2:$G$4000)} -> #N/A | AE10: {=_xlfn.XLOOKUP(1,('2013 E Maize Soil VWC'!$C$2:$C$4000=$AA10)*('2013 E Maize Soil VWC'!$E$2:$E$4000=$AB10)*('2013 E Maize Soil VWC'!$F$2:$F$4000=AE$5),'2013 E Maize Soil VWC'!$G$2:$G$4000)} -> #N/A | AF10: {=_xlfn.XLOOKUP(1,('2013 E Maize Soil VWC'!$C$2:$C$4000=$AA10)*('2013 E Maize Soil VWC'!$E$2:$E$4000=$AB10)*('2013 E Maize Soil VWC'!$F$2:$F$4000=AF$5),'2013 E Maize Soil VWC'!$G$2:$G$4000)} -> #N/A | AG10: {=_xlfn.XLOOKUP(1,('2013 E Maize Soil VWC'!$C$2:$C$4000=$AA10)*('2013 E Maize Soil VWC'!$E$2:$E$4000=$AB10)*('2013 E Maize Soil VWC'!$F$2:$F$4000=AG$5),'2013 E Maize Soil VWC'!$G$2:$G$4000)} -> 0.35221371 | AH10: {=_xlfn.XLOOKUP(1,('2013 E Maize Soil VWC'!$C$2:$C$4000=$AA10)*('2013 E Maize Soil VWC'!$E$2:$E$4000=$AB10)*('2013 E Maize Soil VWC'!$F$2:$F$4000=AH$5),'2013 E Maize Soil VWC'!$G$2:$G$4000)} -> 0.34546622 | AI10: {=_xlfn.XLOOKUP(1,('2013 E Maize Soil VWC'!$C$2:$C$4000=$AA10)*('2013 E Maize Soil VWC'!$E$2:$E$4000=$AB10)*('2013 E Maize Soil VWC'!$F$2:$F$4000=AI$5),'2013 E Maize Soil VWC'!$G$2:$G$4000)} -> #N/A | AJ10: {=_xlfn.XLOOKUP(1,('2013 E Maize Soil VWC'!$C$2:$C$4000=$AA10)*('2013 E Maize Soil VWC'!$E$2:$E$4000=$AB10)*('2013 E Maize Soil VWC'!$F$2:$F$4000=AJ$5),'2013 E Maize Soil VWC'!$G$2:$G$4000)} -> #N/A | ... AV10: {=_xlfn.XLOOKUP(1,('2013 E Maize Soil VWC'!$C$2:$C$4000=$AA10)*('2013 E Maize Soil VWC'!$E$2:$E$4000=$AB10)*('2013 E Maize Soil VWC'!$F$2:$F$4000=AV$5),'2013 E Maize Soil VWC'!$G$2:$G$4000)} -> #N/A | BM10: 183 | BN10: 41457 | BO10: =VLOOKUP($BN10,$AX$6:$BL$175,BO$5) -> 456.07393 | BP10: =VLOOKUP($BN10,$AX$6:$BL$175,BP$5) -> 480.07498 | BQ10: =VLOOKUP($BN10,$AX$6:$BL$175,BQ$5) -> 444.1267 | BR10: =VLOOKUP($BN10,$AX$6:$BL$175,BR$5) -> 464.43469 | BS10: =VLOOKUP($BN10,$AX$6:$BL$175,BS$5) -> 743.27934 | BT10: =VLOOKUP($BN10,$AX$6:$BL$175,BT$5) -> 729.86029 | BU10: =VLOOKUP($BN10,$AX$6:$BL$175,BU$5) -> 623.86235 | BV10: =VLOOKUP($BN10,$AX$6:$BL$175,BV$5) -> 761.91323 | ... CB10: =VLOOKUP($BN10,$AX$6:$BL$175,CB$5) -> 738.92724
AA11: =AA10 -> 41430 | AB11: =AB10+20 -> 110 | AC11: {=_xlfn.XLOOKUP(1,('2013 E Maize Soil VWC'!$C$2:$C$4000=$AA11)*('2013 E Maize Soil VWC'!$E$2:$E$4000=$AB11)*('2013 E Maize Soil VWC'!$F$2:$F$4000=AC$5),'2013 E Maize Soil VWC'!$G$2:$G$4000)} -> #N/A | AD11: {=_xlfn.XLOOKUP(1,('2013 E Maize Soil VWC'!$C$2:$C$4000=$AA11)*('2013 E Maize Soil VWC'!$E$2:$E$4000=$AB11)*('2013 E Maize Soil VWC'!$F$2:$F$4000=AD$5),'2013 E Maize Soil VWC'!$G$2:$G$4000)} -> #N/A | AE11: {=_xlfn.XLOOKUP(1,('2013 E Maize Soil VWC'!$C$2:$C$4000=$AA11)*('2013 E Maize Soil VWC'!$E$2:$E$4000=$AB11)*('2013 E Maize Soil VWC'!$F$2:$F$4000=AE$5),'2013 E Maize Soil VWC'!$G$2:$G$4000)} -> #N/A | AF11: {=_xlfn.XLOOKUP(1,('2013 E Maize Soil VWC'!$C$2:$C$4000=$AA11)*('2013 E Maize Soil VWC'!$E$2:$E$4000=$AB11)*('2013 E Maize Soil VWC'!$F$2:$F$4000=AF$5),'2013 E Maize Soil VWC'!$G$2:$G$4000)} -> #N/A | AG11: {=_xlfn.XLOOKUP(1,('2013 E Maize Soil VWC'!$C$2:$C$4000=$AA11)*('2013 E Maize Soil VWC'!$E$2:$E$4000=$AB11)*('2013 E Maize Soil VWC'!$F$2:$F$4000=AG$5),'2013 E Maize Soil VWC'!$G$2:$G$4000)} -> 0.349266 | AH11: {=_xlfn.XLOOKUP(1,('2013 E Maize Soil VWC'!$C$2:$C$4000=$AA11)*('2013 E Maize Soil VWC'!$E$2:$E$4000=$AB11)*('2013 E Maize Soil VWC'!$F$2:$F$4000=AH$5),'2013 E Maize Soil VWC'!$G$2:$G$4000)} -> 0.34058408 | AI11: {=_xlfn.XLOOKUP(1,('2013 E Maize Soil VWC'!$C$2:$C$4000=$AA11)*('2013 E Maize Soil VWC'!$E$2:$E$4000=$AB11)*('2013 E Maize Soil VWC'!$F$2:$F$4000=AI$5),'2013 E Maize Soil VWC'!$G$2:$G$4000)} -> #N/A | AJ11: {=_xlfn.XLOOKUP(1,('2013 E Maize Soil VWC'!$C$2:$C$4000=$AA11)*('2013 E Maize Soil VWC'!$E$2:$E$4000=$AB11)*('2013 E Maize Soil VWC'!$F$2:$F$4000=AJ$5),'2013 E Maize Soil VWC'!$G$2:$G$4000)} -> #N/A | ... AV11: {=_xlfn.XLOOKUP(1,('2013 E Maize Soil VWC'!$C$2:$C$4000=$AA11)*('2013 E Maize Soil VWC'!$E$2:$E$4000=$AB11)*('2013 E Maize Soil VWC'!$F$2:$F$4000=AV$5),'2013 E Maize Soil VWC'!$G$2:$G$4000)} -> #N/A | BM11: 189 | BN11: 41463 | BO11: =VLOOKUP($BN11,$AX$6:$BL$175,BO$5) -> 459.89126 | BP11: =VLOOKUP($BN11,$AX$6:$BL$175,BP$5) -> 493.56863 | BQ11: =VLOOKUP($BN11,$AX$6:$BL$175,BQ$5) -> 443.71051 | BR11: =VLOOKUP($BN11,$AX$6:$BL$175,BR$5) -> 479.82985 | BS11: =VLOOKUP($BN11,$AX$6:$BL$175,BS$5) -> 760.8071 | BT11: =VLOOKUP($BN11,$AX$6:$BL$175,BT$5) -> 747.56899 | BU11: =VLOOKUP($BN11,$AX$6:$BL$175,BU$5) -> 628.91978 | BV11: =VLOOKUP($BN11,$AX$6:$BL$175,BV$5) -> 776.75582 | ... CB11: =VLOOKUP($BN11,$AX$6:$BL$175,CB$5) -> 752.56223
AA12: =AA11 -> 41430 | AB12: =AB11+20 -> 130 | AC12: {=_xlfn.XLOOKUP(1,('2013 E Maize Soil VWC'!$C$2:$C$4000=$AA12)*('2013 E Maize Soil VWC'!$E$2:$E$4000=$AB12)*('2013 E Maize Soil VWC'!$F$2:$F$4000=AC$5),'2013 E Maize Soil VWC'!$G$2:$G$4000)} -> #N/A | AD12: {=_xlfn.XLOOKUP(1,('2013 E Maize Soil VWC'!$C$2:$C$4000=$AA12)*('2013 E Maize Soil VWC'!$E$2:$E$4000=$AB12)*('2013 E Maize Soil VWC'!$F$2:$F$4000=AD$5),'2013 E Maize Soil VWC'!$G$2:$G$4000)} -> #N/A | AE12: {=_xlfn.XLOOKUP(1,('2013 E Maize Soil VWC'!$C$2:$C$4000=$AA12)*('2013 E Maize Soil VWC'!$E$2:$E$4000=$AB12)*('2013 E Maize Soil VWC'!$F$2:$F$4000=AE$5),'2013 E Maize Soil VWC'!$G$2:$G$4000)} -> #N/A | AF12: {=_xlfn.XLOOKUP(1,('2013 E Maize Soil VWC'!$C$2:$C$4000=$AA12)*('2013 E Maize Soil VWC'!$E$2:$E$4000=$AB12)*('2013 E Maize Soil VWC'!$F$2:$F$4000=AF$5),'2013 E Maize Soil VWC'!$G$2:$G$4000)} -> #N/A | AG12: {=_xlfn.XLOOKUP(1,('2013 E Maize Soil VWC'!$C$2:$C$4000=$AA12)*('2013 E Maize Soil VWC'!$E$2:$E$4000=$AB12)*('2013 E Maize Soil VWC'!$F$2:$F$4000=AG$5),'2013 E Maize Soil VWC'!$G$2:$G$4000)} -> 0.32060152 | AH12: {=_xlfn.XLOOKUP(1,('2013 E Maize Soil VWC'!$C$2:$C$4000=$AA12)*('2013 E Maize Soil VWC'!$E$2:$E$4000=$AB12)*('2013 E Maize Soil VWC'!$F$2:$F$4000=AH$5),'2013 E Maize Soil VWC'!$G$2:$G$4000)} -> 0.31314323 | AI12: {=_xlfn.XLOOKUP(1,('2013 E Maize Soil VWC'!$C$2:$C$4000=$AA12)*('2013 E Maize Soil VWC'!$E$2:$E$4000=$AB12)*('2013 E Maize Soil VWC'!$F$2:$F$4000=AI$5),'2013 E Maize Soil VWC'!$G$2:$G$4000)} -> #N/A | AJ12: {=_xlfn.XLOOKUP(1,('2013 E Maize Soil VWC'!$C$2:$C$4000=$AA12)*('2013 E Maize Soil VWC'!$E$2:$E$4000=$AB12)*('2013 E Maize Soil VWC'!$F$2:$F$4000=AJ$5),'2013 E Maize Soil VWC'!$G$2:$G$4000)} -> #N/A | ... AV12: {=_xlfn.XLOOKUP(1,('2013 E Maize Soil VWC'!$C$2:$C$4000=$AA12)*('2013 E Maize Soil VWC'!$E$2:$E$4000=$AB12)*('2013 E Maize Soil VWC'!$F$2:$F$4000=AV$5),'2013 E Maize Soil VWC'!$G$2:$G$4000)} -> #N/A | BM12: 197 | BN12: 41471 | BO12: =VLOOKUP($BN12,$AX$6:$BL$175,BO$5) -> 445.79682 | BP12: =VLOOKUP($BN12,$AX$6:$BL$175,BP$5) -> 485.09249 | BQ12: =VLOOKUP($BN12,$AX$6:$BL$175,BQ$5) -> 433.5371 | BR12: =VLOOKUP($BN12,$AX$6:$BL$175,BR$5) -> #N/A | BS12: =VLOOKUP($BN12,$AX$6:$BL$175,BS$5) -> 761.23588 | BT12: =VLOOKUP($BN12,$AX$6:$BL$175,BT$5) -> 730.68937 | BU12: =VLOOKUP($BN12,$AX$6:$BL$175,BU$5) -> 612.812 | BV12: =VLOOKUP($BN12,$AX$6:$BL$175,BV$5) -> 767.78707 | ... CB12: =VLOOKUP($BN12,$AX$6:$BL$175,CB$5) -> #N/A
AA13: =AA12 -> 41430 | AB13: =AB12+20 -> 150 | AC13: {=_xlfn.XLOOKUP(1,('2013 E Maize Soil VWC'!$C$2:$C$4000=$AA13)*('2013 E Maize Soil VWC'!$E$2:$E$4000=$AB13)*('2013 E Maize Soil VWC'!$F$2:$F$4000=AC$5),'2013 E Maize Soil VWC'!$G$2:$G$4000)} -> #N/A | AD13: {=_xlfn.XLOOKUP(1,('2013 E Maize Soil VWC'!$C$2:$C$4000=$AA13)*('2013 E Maize Soil VWC'!$E$2:$E$4000=$AB13)*('2013 E Maize Soil VWC'!$F$2:$F$4000=AD$5),'2013 E Maize Soil VWC'!$G$2:$G$4000)} -> #N/A | AE13: {=_xlfn.XLOOKUP(1,('2013 E Maize Soil VWC'!$C$2:$C$4000=$AA13)*('2013 E Maize Soil VWC'!$E$2:$E$4000=$AB13)*('2013 E Maize Soil VWC'!$F$2:$F$4000=AE$5),'2013 E Maize Soil VWC'!$G$2:$G$4000)} -> #N/A | AF13: {=_xlfn.XLOOKUP(1,('2013 E Maize Soil VWC'!$C$2:$C$4000=$AA13)*('2013 E Maize Soil VWC'!$E$2:$E$4000=$AB13)*('2013 E Maize Soil VWC'!$F$2:$F$4000=AF$5),'2013 E Maize Soil VWC'!$G$2:$G$4000)} -> #N/A | AG13: {=_xlfn.XLOOKUP(1,('2013 E Maize Soil VWC'!$C$2:$C$4000=$AA13)*('2013 E Maize Soil VWC'!$E$2:$E$4000=$AB13)*('2013 E Maize Soil VWC'!$F$2:$F$4000=AG$5),'2013 E Maize Soil VWC'!$G$2:$G$4000)} -> 0.36339371 | AH13: {=_xlfn.XLOOKUP(1,('2013 E Maize Soil VWC'!$C$2:$C$4000=$AA13)*('2013 E Maize Soil VWC'!$E$2:$E$4000=$AB13)*('2013 E Maize Soil VWC'!$F$2:$F$4000=AH$5),'2013 E Maize Soil VWC'!$G$2:$G$4000)} -> 0.3509045 | AI13: {=_xlfn.XLOOKUP(1,('2013 E Maize Soil VWC'!$C$2:$C$4000=$AA13)*('2013 E Maize Soil VWC'!$E$2:$E$4000=$AB13)*('2013 E Maize Soil VWC'!$F$2:$F$4000=AI$5),'2013 E Maize Soil VWC'!$G$2:$G$4000)} -> #N/A | AJ13: {=_xlfn.XLOOKUP(1,('2013 E Maize Soil VWC'!$C$2:$C$4000=$AA13)*('2013 E Maize Soil VWC'!$E$2:$E$4000=$AB13)*('2013 E Maize Soil VWC'!$F$2:$F$4000=AJ$5),'2013 E Maize Soil VWC'!$G$2:$G$4000)} -> #N/A | ... AV13: {=_xlfn.XLOOKUP(1,('2013 E Maize Soil VWC'!$C$2:$C$4000=$AA13)*('2013 E Maize Soil VWC'!$E$2:$E$4000=$AB13)*('2013 E Maize Soil VWC'!$F$2:$F$4000=AV$5),'2013 E Maize Soil VWC'!$G$2:$G$4000)} -> #N/A | BM13: 203 | BN13: 41477 | BO13: =VLOOKUP($BN13,$AX$6:$BL$175,BO$5) -> 487.84113 | BP13: =VLOOKUP($BN13,$AX$6:$BL$175,BP$5) -> 502.7873 | BQ13: =VLOOKUP($BN13,$AX$6:$BL$175,BQ$5) -> 469.98712 | BR13: =VLOOKUP($BN13,$AX$6:$BL$175,BR$5) -> 488.64634 | BS13: =VLOOKUP($BN13,$AX$6:$BL$175,BS$5) -> 768.47153 | BT13: =VLOOKUP($BN13,$AX$6:$BL$175,BT$5) -> 759.84676 | BU13: =VLOOKUP($BN13,$AX$6:$BL$175,BU$5) -> 657.18776 | BV13: =VLOOKUP($BN13,$AX$6:$BL$175,BV$5) -> 779.4726 | ... CB13: =VLOOKUP($BN13,$AX$6:$BL$175,CB$5) -> 760.16217
AA14: =AA13 -> 41430 | AB14: =AB13+20 -> 170 | AC14: {=_xlfn.XLOOKUP(1,('2013 E Maize Soil VWC'!$C$2:$C$4000=$AA14)*('2013 E Maize Soil VWC'!$E$2:$E$4000=$AB14)*('2013 E Maize Soil VWC'!$F$2:$F$4000=AC$5),'2013 E Maize Soil VWC'!$G$2:$G$4000)} -> #N/A | AD14: {=_xlfn.XLOOKUP(1,('2013 E Maize Soil VWC'!$C$2:$C$4000=$AA14)*('2013 E Maize Soil VWC'!$E$2:$E$4000=$AB14)*('2013 E Maize Soil VWC'!$F$2:$F$4000=AD$5),'2013 E Maize Soil VWC'!$G$2:$G$4000)} -> #N/A | AE14: {=_xlfn.XLOOKUP(1,('2013 E Maize Soil VWC'!$C$2:$C$4000=$AA14)*('2013 E Maize Soil VWC'!$E$2:$E$4000=$AB14)*('2013 E Maize Soil VWC'!$F$2:$F$4000=AE$5),'2013 E Maize Soil VWC'!$G$2:$G$4000)} -> #N/A | AF14: {=_xlfn.XLOOKUP(1,('2013 E Maize Soil VWC'!$C$2:$C$4000=$AA14)*('2013 E Maize Soil VWC'!$E$2:$E$4000=$AB14)*('2013 E Maize Soil VWC'!$F$2:$F$4000=AF$5),'2013 E Maize Soil VWC'!$G$2:$G$4000)} -> #N/A | AG14: {=_xlfn.XLOOKUP(1,('2013 E Maize Soil VWC'!$C$2:$C$4000=$AA14)*('2013 E Maize Soil VWC'!$E$2:$E$4000=$AB14)*('2013 E Maize Soil VWC'!$F$2:$F$4000=AG$5),'2013 E Maize Soil VWC'!$G$2:$G$4000)} -> 0.32506475 | AH14: {=_xlfn.XLOOKUP(1,('2013 E Maize Soil VWC'!$C$2:$C$4000=$AA14)*('2013 E Maize Soil VWC'!$E$2:$E$4000=$AB14)*('2013 E Maize Soil VWC'!$F$2:$F$4000=AH$5),'2013 E Maize Soil VWC'!$G$2:$G$4000)} -> 0.32340083 | AI14: {=_xlfn.XLOOKUP(1,('2013 E Maize Soil VWC'!$C$2:$C$4000=$AA14)*('2013 E Maize Soil VWC'!$E$2:$E$4000=$AB14)*('2013 E Maize Soil VWC'!$F$2:$F$4000=AI$5),'2013 E Maize Soil VWC'!$G$2:$G$4000)} -> #N/A | AJ14: {=_xlfn.XLOOKUP(1,('2013 E Maize Soil VWC'!$C$2:$C$4000=$AA14)*('2013 E Maize Soil VWC'!$E$2:$E$4000=$AB14)*('2013 E Maize Soil VWC'!$F$2:$F$4000=AJ$5),'2013 E Maize Soil VWC'!$G$2:$G$4000)} -> #N/A | ... AV14: {=_xlfn.XLOOKUP(1,('2013 E Maize Soil VWC'!$C$2:$C$4000=$AA14)*('2013 E Maize Soil VWC'!$E$2:$E$4000=$AB14)*('2013 E Maize Soil VWC'!$F$2:$F$4000=AV$5),'2013 E Maize Soil VWC'!$G$2:$G$4000)} -> #N/A | BM14: 210 | BN14: 41484 | BO14: =VLOOKUP($BN14,$AX$6:$BL$175,BO$5) -> 441.97995 | BP14: =VLOOKUP($BN14,$AX$6:$BL$175,BP$5) -> 462.97863 | BQ14: =VLOOKUP($BN14,$AX$6:$BL$175,BQ$5) -> 418.34027 | BR14: =VLOOKUP($BN14,$AX$6:$BL$175,BR$5) -> 446.608 | BS14: =VLOOKUP($BN14,$AX$6:$BL$175,BS$5) -> 724.72467 | BT14: =VLOOKUP($BN14,$AX$6:$BL$175,BT$5) -> 717.3211 | BU14: =VLOOKUP($BN14,$AX$6:$BL$175,BU$5) -> 610.19119 | BV14: =VLOOKUP($BN14,$AX$6:$BL$175,BV$5) -> 739.96747 | ... CB14: =VLOOKUP($BN14,$AX$6:$BL$175,CB$5) -> 722.48533
AA15: =AA14 -> 41430 | AB15: =AB14+20 -> 190 | AC15: {=_xlfn.XLOOKUP(1,('2013 E Maize Soil VWC'!$C$2:$C$4000=$AA15)*('2013 E Maize Soil VWC'!$E$2:$E$4000=$AB15)*('2013 E Maize Soil VWC'!$F$2:$F$4000=AC$5),'2013 E Maize Soil VWC'!$G$2:$G$4000)} -> #N/A | AD15: {=_xlfn.XLOOKUP(1,('2013 E Maize Soil VWC'!$C$2:$C$4000=$AA15)*('2013 E Maize Soil VWC'!$E$2:$E$4000=$AB15)*('2013 E Maize Soil VWC'!$F$2:$F$4000=AD$5),'2013 E Maize Soil VWC'!$G$2:$G$4000)} -> #N/A | AE15: {=_xlfn.XLOOKUP(1,('2013 E Maize Soil VWC'!$C$2:$C$4000=$AA15)*('2013 E Maize Soil VWC'!$E$2:$E$4000=$AB15)*('2013 E Maize Soil VWC'!$F$2:$F$4000=AE$5),'2013 E Maize Soil VWC'!$G$2:$G$4000)} -> #N/A | AF15: {=_xlfn.XLOOKUP(1,('2013 E Maize Soil VWC'!$C$2:$C$4000=$AA15)*('2013 E Maize Soil VWC'!$E$2:$E$4000=$AB15)*('2013 E Maize Soil VWC'!$F$2:$F$4000=AF$5),'2013 E Maize Soil VWC'!$G$2:$G$4000)} -> #N/A | AG15: {=_xlfn.XLOOKUP(1,('2013 E Maize Soil VWC'!$C$2:$C$4000=$AA15)*('2013 E Maize Soil VWC'!$E$2:$E$4000=$AB15)*('2013 E Maize Soil VWC'!$F$2:$F$4000=AG$5),'2013 E Maize Soil VWC'!$G$2:$G$4000)} -> 0.32060152 | AH15: {=_xlfn.XLOOKUP(1,('2013 E Maize Soil VWC'!$C$2:$C$4000=$AA15)*('2013 E Maize Soil VWC'!$E$2:$E$4000=$AB15)*('2013 E Maize Soil VWC'!$F$2:$F$4000=AH$5),'2013 E Maize Soil VWC'!$G$2:$G$4000)} -> 0.33293413 | AI15: {=_xlfn.XLOOKUP(1,('2013 E Maize Soil VWC'!$C$2:$C$4000=$AA15)*('2013 E Maize Soil VWC'!$E$2:$E$4000=$AB15)*('2013 E Maize Soil VWC'!$F$2:$F$4000=AI$5),'2013 E Maize Soil VWC'!$G$2:$G$4000)} -> #N/A | AJ15: {=_xlfn.XLOOKUP(1,('2013 E Maize Soil VWC'!$C$2:$C$4000=$AA15)*('2013 E Maize Soil VWC'!$E$2:$E$4000=$AB15)*('2013 E Maize Soil VWC'!$F$2:$F$4000=AJ$5),'2013 E Maize Soil VWC'!$G$2:$G$4000)} -> #N/A | ... AV15: {=_xlfn.XLOOKUP(1,('2013 E Maize Soil VWC'!$C$2:$C$4000=$AA15)*('2013 E Maize Soil VWC'!$E$2:$E$4000=$AB15)*('2013 E Maize Soil VWC'!$F$2:$F$4000=AV$5),'2013 E Maize Soil VWC'!$G$2:$G$4000)} -> #N/A | BM15: 218 | BN15: 41492 | BO15: =VLOOKUP($BN15,$AX$6:$BL$175,BO$5) -> 437.10029 | BP15: =VLOOKUP($BN15,$AX$6:$BL$175,BP$5) -> 457.46316 | BQ15: =VLOOKUP($BN15,$AX$6:$BL$175,BQ$5) -> 419.73272 | BR15: =VLOOKUP($BN15,$AX$6:$BL$175,BR$5) -> 446.92444 | BS15: =VLOOKUP($BN15,$AX$6:$BL$175,BS$5) -> 723.8507 | BT15: =VLOOKUP($BN15,$AX$6:$BL$175,BT$5) -> 706.33722 | BU15: =VLOOKUP($BN15,$AX$6:$BL$175,BU$5) -> 603.24044 | BV15: =VLOOKUP($BN15,$AX$6:$BL$175,BV$5) -> 731.67619 | ... CB15: =VLOOKUP($BN15,$AX$6:$BL$175,CB$5) -> 720.58663
AA16: =AA15 -> 41430 | AB16: =AB15+20 -> 210 | AC16: {=_xlfn.XLOOKUP(1,('2013 E Maize Soil VWC'!$C$2:$C$4000=$AA16)*('2013 E Maize Soil VWC'!$E$2:$E$4000=$AB16)*('2013 E Maize Soil VWC'!$F$2:$F$4000=AC$5),'2013 E Maize Soil VWC'!$G$2:$G$4000)} -> #N/A | AD16: {=_xlfn.XLOOKUP(1,('2013 E Maize Soil VWC'!$C$2:$C$4000=$AA16)*('2013 E Maize Soil VWC'!$E$2:$E$4000=$AB16)*('2013 E Maize Soil VWC'!$F$2:$F$4000=AD$5),'2013 E Maize Soil VWC'!$G$2:$G$4000)} -> #N/A | AE16: {=_xlfn.XLOOKUP(1,('2013 E Maize Soil VWC'!$C$2:$C$4000=$AA16)*('2013 E Maize Soil VWC'!$E$2:$E$4000=$AB16)*('2013 E Maize Soil VWC'!$F$2:$F$4000=AE$5),'2013 E Maize Soil VWC'!$G$2:$G$4000)} -> #N/A | AF16: {=_xlfn.XLOOKUP(1,('2013 E Maize Soil VWC'!$C$2:$C$4000=$AA16)*('2013 E Maize Soil VWC'!$E$2:$E$4000=$AB16)*('2013 E Maize Soil VWC'!$F$2:$F$4000=AF$5),'2013 E Maize Soil VWC'!$G$2:$G$4000)} -> #N/A | AG16: {=_xlfn.XLOOKUP(1,('2013 E Maize Soil VWC'!$C$2:$C$4000=$AA16)*('2013 E Maize Soil VWC'!$E$2:$E$4000=$AB16)*('2013 E Maize Soil VWC'!$F$2:$F$4000=AG$5),'2013 E Maize Soil VWC'!$G$2:$G$4000)} -> #N/A | AH16: {=_xlfn.XLOOKUP(1,('2013 E Maize Soil VWC'!$C$2:$C$4000=$AA16)*('2013 E Maize Soil VWC'!$E$2:$E$4000=$AB16)*('2013 E Maize Soil VWC'!$F$2:$F$4000=AH$5),'2013 E Maize Soil VWC'!$G$2:$G$4000)} -> #N/A | AI16: {=_xlfn.XLOOKUP(1,('2013 E Maize Soil VWC'!$C$2:$C$4000=$AA16)*('2013 E Maize Soil VWC'!$E$2:$E$4000=$AB16)*('2013 E Maize Soil VWC'!$F$2:$F$4000=AI$5),'2013 E Maize Soil VWC'!$G$2:$G$4000)} -> #N/A | AJ16: {=_xlfn.XLOOKUP(1,('2013 E Maize Soil VWC'!$C$2:$C$4000=$AA16)*('2013 E Maize Soil VWC'!$E$2:$E$4000=$AB16)*('2013 E Maize Soil VWC'!$F$2:$F$4000=AJ$5),'2013 E Maize Soil VWC'!$G$2:$G$4000)} -> #N/A | ... AV16: {=_xlfn.XLOOKUP(1,('2013 E Maize Soil VWC'!$C$2:$C$4000=$AA16)*('2013 E Maize Soil VWC'!$E$2:$E$4000=$AB16)*('2013 E Maize Soil VWC'!$F$2:$F$4000=AV$5),'2013 E Maize Soil VWC'!$G$2:$G$4000)} -> #N/A | BM16: 231 | BN16: 41505 | BO16: =VLOOKUP($BN16,$AX$6:$BL$175,BO$5) -> 480.21012 | BP16: =VLOOKUP($BN16,$AX$6:$BL$175,BP$5) -> 482.14194 | BQ16: =VLOOKUP($BN16,$AX$6:$BL$175,BQ$5) -> 458.69814 | BR16: =VLOOKUP($BN16,$AX$6:$BL$175,BR$5) -> 473.03769 | BS16: =VLOOKUP($BN16,$AX$6:$BL$175,BS$5) -> 747.06675 | BT16: =VLOOKUP($BN16,$AX$6:$BL$175,BT$5) -> 730.57817 | BU16: =VLOOKUP($BN16,$AX$6:$BL$175,BU$5) -> 647.06185 | BV16: =VLOOKUP($BN16,$AX$6:$BL$175,BV$5) -> 750.85049 | ... CB16: =VLOOKUP($BN16,$AX$6:$BL$175,CB$5) -> 741.40886
AA17: =AA16 -> 41430 | AB17: =AB16+20 -> 230 | AC17: {=_xlfn.XLOOKUP(1,('2013 E Maize Soil VWC'!$C$2:$C$4000=$AA17)*('2013 E Maize Soil VWC'!$E$2:$E$4000=$AB17)*('2013 E Maize Soil VWC'!$F$2:$F$4000=AC$5),'2013 E Maize Soil VWC'!$G$2:$G$4000)} -> #N/A | AD17: {=_xlfn.XLOOKUP(1,('2013 E Maize Soil VWC'!$C$2:$C$4000=$AA17)*('2013 E Maize Soil VWC'!$E$2:$E$4000=$AB17)*('2013 E Maize Soil VWC'!$F$2:$F$4000=AD$5),'2013 E Maize Soil VWC'!$G$2:$G$4000)} -> #N/A | AE17: {=_xlfn.XLOOKUP(1,('2013 E Maize Soil VWC'!$C$2:$C$4000=$AA17)*('2013 E Maize Soil VWC'!$E$2:$E$4000=$AB17)*('2013 E Maize Soil VWC'!$F$2:$F$4000=AE$5),'2013 E Maize Soil VWC'!$G$2:$G$4000)} -> #N/A | AF17: {=_xlfn.XLOOKUP(1,('2013 E Maize Soil VWC'!$C$2:$C$4000=$AA17)*('2013 E Maize Soil VWC'!$E$2:$E$4000=$AB17)*('2013 E Maize Soil VWC'!$F$2:$F$4000=AF$5),'2013 E Maize Soil VWC'!$G$2:$G$4000)} -> #N/A | AG17: {=_xlfn.XLOOKUP(1,('2013 E Maize Soil VWC'!$C$2:$C$4000=$AA17)*('2013 E Maize Soil VWC'!$E$2:$E$4000=$AB17)*('2013 E Maize Soil VWC'!$F$2:$F$4000=AG$5),'2013 E Maize Soil VWC'!$G$2:$G$4000)} -> #N/A | AH17: {=_xlfn.XLOOKUP(1,('2013 E Maize Soil VWC'!$C$2:$C$4000=$AA17)*('2013 E Maize Soil VWC'!$E$2:$E$4000=$AB17)*('2013 E Maize Soil VWC'!$F$2:$F$4000=AH$5),'2013 E Maize Soil VWC'!$G$2:$G$4000)} -> #N/A | AI17: {=_xlfn.XLOOKUP(1,('2013 E Maize Soil VWC'!$C$2:$C$4000=$AA17)*('2013 E Maize Soil VWC'!$E$2:$E$4000=$AB17)*('2013 E Maize Soil VWC'!$F$2:$F$4000=AI$5),'2013 E Maize Soil VWC'!$G$2:$G$4000)} -> #N/A | AJ17: {=_xlfn.XLOOKUP(1,('2013 E Maize Soil VWC'!$C$2:$C$4000=$AA17)*('2013 E Maize Soil VWC'!$E$2:$E$4000=$AB17)*('2013 E Maize Soil VWC'!$F$2:$F$4000=AJ$5),'2013 E Maize Soil VWC'!$G$2:$G$4000)} -> #N/A | ... AV17: {=_xlfn.XLOOKUP(1,('2013 E Maize Soil VWC'!$C$2:$C$4000=$AA17)*('2013 E Maize Soil VWC'!$E$2:$E$4000=$AB17)*('2013 E Maize Soil VWC'!$F$2:$F$4000=AV$5),'2013 E Maize Soil VWC'!$G$2:$G$4000)} -> #N/A | BM17: 246 | BN17: 41520 | BO17: =VLOOKUP($BN17,$AX$6:$BL$175,BO$5) -> 439.53013 | BP17: =VLOOKUP($BN17,$AX$6:$BL$175,BP$5) -> 432.73597 | BQ17: =VLOOKUP($BN17,$AX$6:$BL$175,BQ$5) -> 404.66966 | BR17: =VLOOKUP($BN17,$AX$6:$BL$175,BR$5) -> 419.18665 | BS17: =VLOOKUP($BN17,$AX$6:$BL$175,BS$5) -> 689.47147 | BT17: =VLOOKUP($BN17,$AX$6:$BL$175,BT$5) -> 676.356 | BU17: =VLOOKUP($BN17,$AX$6:$BL$175,BU$5) -> 605.42852 | BV17: =VLOOKUP($BN17,$AX$6:$BL$175,BV$5) -> 704.58556 | ... CB17: =VLOOKUP($BN17,$AX$6:$BL$175,CB$5) -> 686.26023
BM18: 253 | BN18: 41527 | BO18: =VLOOKUP($BN18,$AX$6:$BL$175,BO$5) -> 427.98358 | BP18: =VLOOKUP($BN18,$AX$6:$BL$175,BP$5) -> 420.81245 | BQ18: =VLOOKUP($BN18,$AX$6:$BL$175,BQ$5) -> 403.41662 | BR18: =VLOOKUP($BN18,$AX$6:$BL$175,BR$5) -> 414.43387 | BS18: =VLOOKUP($BN18,$AX$6:$BL$175,BS$5) -> 678.30766 | BT18: =VLOOKUP($BN18,$AX$6:$BL$175,BT$5) -> 662.00201 | BU18: =VLOOKUP($BN18,$AX$6:$BL$175,BU$5) -> 592.20141 | BV18: =VLOOKUP($BN18,$AX$6:$BL$175,BV$5) -> 691.30899 | ... CB18: =VLOOKUP($BN18,$AX$6:$BL$175,CB$5) -> 677.14302
Y19: 2013 | Z19: 157 | AA19: =DATE(Y19,1,Z19) -> 41431 | AB19: 10 | AC19: {=_xlfn.XLOOKUP(1,('2013 E Maize Soil VWC'!$C$2:$C$4000=$AA19)*('2013 E Maize Soil VWC'!$E$2:$E$4000=$AB19)*('2013 E Maize Soil VWC'!$F$2:$F$4000=AC$5),'2013 E Maize Soil VWC'!$G$2:$G$4000)} -> #N/A | AD19: {=_xlfn.XLOOKUP(1,('2013 E Maize Soil VWC'!$C$2:$C$4000=$AA19)*('2013 E Maize Soil VWC'!$E$2:$E$4000=$AB19)*('2013 E Maize Soil VWC'!$F$2:$F$4000=AD$5),'2013 E Maize Soil VWC'!$G$2:$G$4000)} -> #N/A | AE19: {=_xlfn.XLOOKUP(1,('2013 E Maize Soil VWC'!$C$2:$C$4000=$AA19)*('2013 E Maize Soil VWC'!$E$2:$E$4000=$AB19)*('2013 E Maize Soil VWC'!$F$2:$F$4000=AE$5),'2013 E Maize Soil VWC'!$G$2:$G$4000)} -> #N/A | AF19: {=_xlfn.XLOOKUP(1,('2013 E Maize Soil VWC'!$C$2:$C$4000=$AA19)*('2013 E Maize Soil VWC'!$E$2:$E$4000=$AB19)*('2013 E Maize Soil VWC'!$F$2:$F$4000=AF$5),'2013 E Maize Soil VWC'!$G$2:$G$4000)} -> #N/A | AG19: {=_xlfn.XLOOKUP(1,('2013 E Maize Soil VWC'!$C$2:$C$4000=$AA19)*('2013 E Maize Soil VWC'!$E$2:$E$4000=$AB19)*('2013 E Maize Soil VWC'!$F$2:$F$4000=AG$5),'2013 E Maize Soil VWC'!$G$2:$G$4000)} -> 0.29291756 | AH19: {=_xlfn.XLOOKUP(1,('2013 E Maize Soil VWC'!$C$2:$C$4000=$AA19)*('2013 E Maize Soil VWC'!$E$2:$E$4000=$AB19)*('2013 E Maize Soil VWC'!$F$2:$F$4000=AH$5),'2013 E Maize Soil VWC'!$G$2:$G$4000)} -> 0.27552782 | AI19: {=_xlfn.XLOOKUP(1,('2013 E Maize Soil VWC'!$C$2:$C$4000=$AA19)*('2013 E Maize Soil VWC'!$E$2:$E$4000=$AB19)*('2013 E Maize Soil VWC'!$F$2:$F$4000=AI$5),'2013 E Maize Soil VWC'!$G$2:$G$4000)} -> #N/A | AJ19: {=_xlfn.XLOOKUP(1,('2013 E Maize Soil VWC'!$C$2:$C$4000=$AA19)*('2013 E Maize Soil VWC'!$E$2:$E$4000=$AB19)*('2013 E Maize Soil VWC'!$F$2:$F$4000=AJ$5),'2013 E Maize Soil VWC'!$G$2:$G$4000)} -> #N/A | ... AV19: {=_xlfn.XLOOKUP(1,('2013 E Maize Soil VWC'!$C$2:$C$4000=$AA19)*('2013 E Maize Soil VWC'!$E$2:$E$4000=$AB19)*('2013 E Maize Soil VWC'!$F$2:$F$4000=AV$5),'2013 E Maize Soil VWC'!$G$2:$G$4000)} -> #N/A | AW19: =Z19 -> 157 | AX19: =AA19 -> 41431 | AY19: =1400*AVERAGE(AG19:AH25)+100*AVERAGE(AG26:AH26) -> 519.51406 | AZ19: =1400*AVERAGE(AC19:AF25,AI19:AL25)+100*AVERAGE(AC26:AF26,AI26:AL26) -> #N/A | BA19: =1400*AVERAGE(AQ19:AR25)+100*AVERAGE(AQ26:AR26) -> 508.71275 | BB19: =1400*AVERAGE(AM19:AP25,AS19:AV25)+100*AVERAGE(AM26:AP26,AS26:AV26) -> #N/A | BC19: =AVERAGE(AC19:AD30)*2400 -> #N/A | BD19: =AVERAGE(AE19:AF30)*2400 -> #N/A | BE19: =AVERAGE(AG19:AH28)*2000 -> 687.2538 | BF19: =AVERAGE(AI19:AJ30)*2400 -> #N/A | BG19: =AVERAGE(AK19:AL30)*2400 -> #N/A | BH19: =AVERAGE(AM19:AN30)*2400 -> #N/A | BI19: =AVERAGE(AO19:AP30)*2400 -> #N/A | BJ19: =AVERAGE(AQ19:AR28)*2000 -> 671.208 | BK19: =AVERAGE(AS19:AT30)*2400 -> #N/A | BL19: =AVERAGE(AU19:AV30)*2400 -> #N/A | BM19: 269 | BN19: 41543 | BO19: =VLOOKUP($BN19,$AX$6:$BL$175,BO$5) -> 436.86972 | BP19: =VLOOKUP($BN19,$AX$6:$BL$175,BP$5) -> 428.8739 | BQ19: =VLOOKUP($BN19,$AX$6:$BL$175,BQ$5) -> 416.18995 | BR19: =VLOOKUP($BN19,$AX$6:$BL$175,BR$5) -> 418.99131 | BS19: =VLOOKUP($BN19,$AX$6:$BL$175,BS$5) -> 681.0152 | BT19: =VLOOKUP($BN19,$AX$6:$BL$175,BT$5) -> 664.9376 | BU19: =VLOOKUP($BN19,$AX$6:$BL$175,BU$5) -> 600.65787 | BV19: =VLOOKUP($BN19,$AX$6:$BL$175,BV$5) -> 698.2462 | ... CB19: =VLOOKUP($BN19,$AX$6:$BL$175,CB$5) -> 676.135
AA20: =AA19 -> 41431 | AB20: =AB19+20 -> 30 | AC20: {=_xlfn.XLOOKUP(1,('2013 E Maize Soil VWC'!$C$2:$C$4000=$AA20)*('2013 E Maize Soil VWC'!$E$2:$E$4000=$AB20)*('2013 E Maize Soil VWC'!$F$2:$F$4000=AC$5),'2013 E Maize Soil VWC'!$G$2:$G$4000)} -> #N/A | AD20: {=_xlfn.XLOOKUP(1,('2013 E Maize Soil VWC'!$C$2:$C$4000=$AA20)*('2013 E Maize Soil VWC'!$E$2:$E$4000=$AB20)*('2013 E Maize Soil VWC'!$F$2:$F$4000=AD$5),'2013 E Maize Soil VWC'!$G$2:$G$4000)} -> #N/A | AE20: {=_xlfn.XLOOKUP(1,('2013 E Maize Soil VWC'!$C$2:$C$4000=$AA20)*('2013 E Maize Soil VWC'!$E$2:$E$4000=$AB20)*('2013 E Maize Soil VWC'!$F$2:$F$4000=AE$5),'2013 E Maize Soil VWC'!$G$2:$G$4000)} -> #N/A | AF20: {=_xlfn.XLOOKUP(1,('2013 E Maize Soil VWC'!$C$2:$C$4000=$AA20)*('2013 E Maize Soil VWC'!$E$2:$E$4000=$AB20)*('2013 E Maize Soil VWC'!$F$2:$F$4000=AF$5),'2013 E Maize Soil VWC'!$G$2:$G$4000)} -> #N/A | AG20: {=_xlfn.XLOOKUP(1,('2013 E Maize Soil VWC'!$C$2:$C$4000=$AA20)*('2013 E Maize Soil VWC'!$E$2:$E$4000=$AB20)*('2013 E Maize Soil VWC'!$F$2:$F$4000=AG$5),'2013 E Maize Soil VWC'!$G$2:$G$4000)} -> 0.36712889 | AH20: {=_xlfn.XLOOKUP(1,('2013 E Maize Soil VWC'!$C$2:$C$4000=$AA20)*('2013 E Maize Soil VWC'!$E$2:$E$4000=$AB20)*('2013 E Maize Soil VWC'!$F$2:$F$4000=AH$5),'2013 E Maize Soil VWC'!$G$2:$G$4000)} -> 0.35487236 | AI20: {=_xlfn.XLOOKUP(1,('2013 E Maize Soil VWC'!$C$2:$C$4000=$AA20)*('2013 E Maize Soil VWC'!$E$2:$E$4000=$AB20)*('2013 E Maize Soil VWC'!$F$2:$F$4000=AI$5),'2013 E Maize Soil VWC'!$G$2:$G$4000)} -> #N/A | AJ20: {=_xlfn.XLOOKUP(1,('2013 E Maize Soil VWC'!$C$2:$C$4000=$AA20)*('2013 E Maize Soil VWC'!$E$2:$E$4000=$AB20)*('2013 E Maize Soil VWC'!$F$2:$F$4000=AJ$5),'2013 E Maize Soil VWC'!$G$2:$G$4000)} -> #N/A | ... AV20: {=_xlfn.XLOOKUP(1,('2013 E Maize Soil VWC'!$C$2:$C$4000=$AA20)*('2013 E Maize Soil VWC'!$E$2:$E$4000=$AB20)*('2013 E Maize Soil VWC'!$F$2:$F$4000=AV$5),'2013 E Maize Soil VWC'!$G$2:$G$4000)} -> #N/A
AA21: =AA20 -> 41431 | AB21: =AB20+20 -> 50 | AC21: {=_xlfn.XLOOKUP(1,('2013 E Maize Soil VWC'!$C$2:$C$4000=$AA21)*('2013 E Maize Soil VWC'!$E$2:$E$4000=$AB21)*('2013 E Maize Soil VWC'!$F$2:$F$4000=AC$5),'2013 E Maize Soil VWC'!$G$2:$G$4000)} -> #N/A | AD21: {=_xlfn.XLOOKUP(1,('2013 E Maize Soil VWC'!$C$2:$C$4000=$AA21)*('2013 E Maize Soil VWC'!$E$2:$E$4000=$AB21)*('2013 E Maize Soil VWC'!$F$2:$F$4000=AD$5),'2013 E Maize Soil VWC'!$G$2:$G$4000)} -> #N/A | AE21: {=_xlfn.XLOOKUP(1,('2013 E Maize Soil VWC'!$C$2:$C$4000=$AA21)*('2013 E Maize Soil VWC'!$E$2:$E$4000=$AB21)*('2013 E Maize Soil VWC'!$F$2:$F$4000=AE$5),'2013 E Maize Soil VWC'!$G$2:$G$4000)} -> #N/A | AF21: {=_xlfn.XLOOKUP(1,('2013 E Maize Soil VWC'!$C$2:$C$4000=$AA21)*('2013 E Maize Soil VWC'!$E$2:$E$4000=$AB21)*('2013 E Maize Soil VWC'!$F$2:$F$4000=AF$5),'2013 E Maize Soil VWC'!$G$2:$G$4000)} -> #N/A | AG21: {=_xlfn.XLOOKUP(1,('2013 E Maize Soil VWC'!$C$2:$C$4000=$AA21)*('2013 E Maize Soil VWC'!$E$2:$E$4000=$AB21)*('2013 E Maize Soil VWC'!$F$2:$F$4000=AG$5),'2013 E Maize Soil VWC'!$G$2:$G$4000)} -> 0.37384312 | AH21: {=_xlfn.XLOOKUP(1,('2013 E Maize Soil VWC'!$C$2:$C$4000=$AA21)*('2013 E Maize Soil VWC'!$E$2:$E$4000=$AB21)*('2013 E Maize Soil VWC'!$F$2:$F$4000=AH$5),'2013 E Maize Soil VWC'!$G$2:$G$4000)} -> 0.37044938 | AI21: {=_xlfn.XLOOKUP(1,('2013 E Maize Soil VWC'!$C$2:$C$4000=$AA21)*('2013 E Maize Soil VWC'!$E$2:$E$4000=$AB21)*('2013 E Maize Soil VWC'!$F$2:$F$4000=AI$5),'2013 E Maize Soil VWC'!$G$2:$G$4000)} -> #N/A | AJ21: {=_xlfn.XLOOKUP(1,('2013 E Maize Soil VWC'!$C$2:$C$4000=$AA21)*('2013 E Maize Soil VWC'!$E$2:$E$4000=$AB21)*('2013 E Maize Soil VWC'!$F$2:$F$4000=AJ$5),'2013 E Maize Soil VWC'!$G$2:$G$4000)} -> #N/A | ... AV21: {=_xlfn.XLOOKUP(1,('2013 E Maize Soil VWC'!$C$2:$C$4000=$AA21)*('2013 E Maize Soil VWC'!$E$2:$E$4000=$AB21)*('2013 E Maize Soil VWC'!$F$2:$F$4000=AV$5),'2013 E Maize Soil VWC'!$G$2:$G$4000)} -> #N/A
AA22: =AA21 -> 41431 | AB22: =AB21+20 -> 70 | AC22: {=_xlfn.XLOOKUP(1,('2013 E Maize Soil VWC'!$C$2:$C$4000=$AA22)*('2013 E Maize Soil VWC'!$E$2:$E$4000=$AB22)*('2013 E Maize Soil VWC'!$F$2:$F$4000=AC$5),'2013 E Maize Soil VWC'!$G$2:$G$4000)} -> #N/A | AD22: {=_xlfn.XLOOKUP(1,('2013 E Maize Soil VWC'!$C$2:$C$4000=$AA22)*('2013 E Maize Soil VWC'!$E$2:$E$4000=$AB22)*('2013 E Maize Soil VWC'!$F$2:$F$4000=AD$5),'2013 E Maize Soil VWC'!$G$2:$G$4000)} -> #N/A | AE22: {=_xlfn.XLOOKUP(1,('2013 E Maize Soil VWC'!$C$2:$C$4000=$AA22)*('2013 E Maize Soil VWC'!$E$2:$E$4000=$AB22)*('2013 E Maize Soil VWC'!$F$2:$F$4000=AE$5),'2013 E Maize Soil VWC'!$G$2:$G$4000)} -> #N/A | AF22: {=_xlfn.XLOOKUP(1,('2013 E Maize Soil VWC'!$C$2:$C$4000=$AA22)*('2013 E Maize Soil VWC'!$E$2:$E$4000=$AB22)*('2013 E Maize Soil VWC'!$F$2:$F$4000=AF$5),'2013 E Maize Soil VWC'!$G$2:$G$4000)} -> #N/A | AG22: {=_xlfn.XLOOKUP(1,('2013 E Maize Soil VWC'!$C$2:$C$4000=$AA22)*('2013 E Maize Soil VWC'!$E$2:$E$4000=$AB22)*('2013 E Maize Soil VWC'!$F$2:$F$4000=AG$5),'2013 E Maize Soil VWC'!$G$2:$G$4000)} -> 0.36642084 | AH22: {=_xlfn.XLOOKUP(1,('2013 E Maize Soil VWC'!$C$2:$C$4000=$AA22)*('2013 E Maize Soil VWC'!$E$2:$E$4000=$AB22)*('2013 E Maize Soil VWC'!$F$2:$F$4000=AH$5),'2013 E Maize Soil VWC'!$G$2:$G$4000)} -> 0.36139127 | AI22: {=_xlfn.XLOOKUP(1,('2013 E Maize Soil VWC'!$C$2:$C$4000=$AA22)*('2013 E Maize Soil VWC'!$E$2:$E$4000=$AB22)*('2013 E Maize Soil VWC'!$F$2:$F$4000=AI$5),'2013 E Maize Soil VWC'!$G$2:$G$4000)} -> #N/A | AJ22: {=_xlfn.XLOOKUP(1,('2013 E Maize Soil VWC'!$C$2:$C$4000=$AA22)*('2013 E Maize Soil VWC'!$E$2:$E$4000=$AB22)*('2013 E Maize Soil VWC'!$F$2:$F$4000=AJ$5),'2013 E Maize Soil VWC'!$G$2:$G$4000)} -> #N/A | ... AV22: {=_xlfn.XLOOKUP(1,('2013 E Maize Soil VWC'!$C$2:$C$4000=$AA22)*('2013 E Maize Soil VWC'!$E$2:$E$4000=$AB22)*('2013 E Maize Soil VWC'!$F$2:$F$4000=AV$5),'2013 E Maize Soil VWC'!$G$2:$G$4000)} -> #N/A
AA23: =AA22 -> 41431 | AB23: =AB22+20 -> 90 | AC23: {=_xlfn.XLOOKUP(1,('2013 E Maize Soil VWC'!$C$2:$C$4000=$AA23)*('2013 E Maize Soil VWC'!$E$2:$E$4000=$AB23)*('2013 E Maize Soil VWC'!$F$2:$F$4000=AC$5),'2013 E Maize Soil VWC'!$G$2:$G$4000)} -> #N/A | AD23: {=_xlfn.XLOOKUP(1,('2013 E Maize Soil VWC'!$C$2:$C$4000=$AA23)*('2013 E Maize Soil VWC'!$E$2:$E$4000=$AB23)*('2013 E Maize Soil VWC'!$F$2:$F$4000=AD$5),'2013 E Maize Soil VWC'!$G$2:$G$4000)} -> #N/A | AE23: {=_xlfn.XLOOKUP(1,('2013 E Maize Soil VWC'!$C$2:$C$4000=$AA23)*('2013 E Maize Soil VWC'!$E$2:$E$4000=$AB23)*('2013 E Maize Soil VWC'!$F$2:$F$4000=AE$5),'2013 E Maize Soil VWC'!$G$2:$G$4000)} -> #N/A | AF23: {=_xlfn.XLOOKUP(1,('2013 E Maize Soil VWC'!$C$2:$C$4000=$AA23)*('2013 E Maize Soil VWC'!$E$2:$E$4000=$AB23)*('2013 E Maize Soil VWC'!$F$2:$F$4000=AF$5),'2013 E Maize Soil VWC'!$G$2:$G$4000)} -> #N/A | AG23: {=_xlfn.XLOOKUP(1,('2013 E Maize Soil VWC'!$C$2:$C$4000=$AA23)*('2013 E Maize Soil VWC'!$E$2:$E$4000=$AB23)*('2013 E Maize Soil VWC'!$F$2:$F$4000=AG$5),'2013 E Maize Soil VWC'!$G$2:$G$4000)} -> 0.3608053 | AH23: {=_xlfn.XLOOKUP(1,('2013 E Maize Soil VWC'!$C$2:$C$4000=$AA23)*('2013 E Maize Soil VWC'!$E$2:$E$4000=$AB23)*('2013 E Maize Soil VWC'!$F$2:$F$4000=AH$5),'2013 E Maize Soil VWC'!$G$2:$G$4000)} -> 0.35433522 | AI23: {=_xlfn.XLOOKUP(1,('2013 E Maize Soil VWC'!$C$2:$C$4000=$AA23)*('2013 E Maize Soil VWC'!$E$2:$E$4000=$AB23)*('2013 E Maize Soil VWC'!$F$2:$F$4000=AI$5),'2013 E Maize Soil VWC'!$G$2:$G$4000)} -> #N/A | AJ23: {=_xlfn.XLOOKUP(1,('2013 E Maize Soil VWC'!$C$2:$C$4000=$AA23)*('2013 E Maize Soil VWC'!$E$2:$E$4000=$AB23)*('2013 E Maize Soil VWC'!$F$2:$F$4000=AJ$5),'2013 E Maize Soil VWC'!$G$2:$G$4000)} -> #N/A | ... AV23: {=_xlfn.XLOOKUP(1,('2013 E Maize Soil VWC'!$C$2:$C$4000=$AA23)*('2013 E Maize Soil VWC'!$E$2:$E$4000=$AB23)*('2013 E Maize Soil VWC'!$F$2:$F$4000=AV$5),'2013 E Maize Soil VWC'!$G$2:$G$4000)} -> #N/A
AA24: =AA23 -> 41431 | AB24: =AB23+20 -> 110 | AC24: {=_xlfn.XLOOKUP(1,('2013 E Maize Soil VWC'!$C$2:$C$4000=$AA24)*('2013 E Maize Soil VWC'!$E$2:$E$4000=$AB24)*('2013 E Maize Soil VWC'!$F$2:$F$4000=AC$5),'2013 E Maize Soil VWC'!$G$2:$G$4000)} -> #N/A | AD24: {=_xlfn.XLOOKUP(1,('2013 E Maize Soil VWC'!$C$2:$C$4000=$AA24)*('2013 E Maize Soil VWC'!$E$2:$E$4000=$AB24)*('2013 E Maize Soil VWC'!$F$2:$F$4000=AD$5),'2013 E Maize Soil VWC'!$G$2:$G$4000)} -> #N/A | AE24: {=_xlfn.XLOOKUP(1,('2013 E Maize Soil VWC'!$C$2:$C$4000=$AA24)*('2013 E Maize Soil VWC'!$E$2:$E$4000=$AB24)*('2013 E Maize Soil VWC'!$F$2:$F$4000=AE$5),'2013 E Maize Soil VWC'!$G$2:$G$4000)} -> #N/A | AF24: {=_xlfn.XLOOKUP(1,('2013 E Maize Soil VWC'!$C$2:$C$4000=$AA24)*('2013 E Maize Soil VWC'!$E$2:$E$4000=$AB24)*('2013 E Maize Soil VWC'!$F$2:$F$4000=AF$5),'2013 E Maize Soil VWC'!$G$2:$G$4000)} -> #N/A | AG24: {=_xlfn.XLOOKUP(1,('2013 E Maize Soil VWC'!$C$2:$C$4000=$AA24)*('2013 E Maize Soil VWC'!$E$2:$E$4000=$AB24)*('2013 E Maize Soil VWC'!$F$2:$F$4000=AG$5),'2013 E Maize Soil VWC'!$G$2:$G$4000)} -> 0.36031699 | AH24: {=_xlfn.XLOOKUP(1,('2013 E Maize Soil VWC'!$C$2:$C$4000=$AA24)*('2013 E Maize Soil VWC'!$E$2:$E$4000=$AB24)*('2013 E Maize Soil VWC'!$F$2:$F$4000=AH$5),'2013 E Maize Soil VWC'!$G$2:$G$4000)} -> 0.34808488 | AI24: {=_xlfn.XLOOKUP(1,('2013 E Maize Soil VWC'!$C$2:$C$4000=$AA24)*('2013 E Maize Soil VWC'!$E$2:$E$4000=$AB24)*('2013 E Maize Soil VWC'!$F$2:$F$4000=AI$5),'2013 E Maize Soil VWC'!$G$2:$G$4000)} -> #N/A | AJ24: {=_xlfn.XLOOKUP(1,('2013 E Maize Soil VWC'!$C$2:$C$4000=$AA24)*('2013 E Maize Soil VWC'!$E$2:$E$4000=$AB24)*('2013 E Maize Soil VWC'!$F$2:$F$4000=AJ$5),'2013 E Maize Soil VWC'!$G$2:$G$4000)} -> #N/A | ... AV24: {=_xlfn.XLOOKUP(1,('2013 E Maize Soil VWC'!$C$2:$C$4000=$AA24)*('2013 E Maize Soil VWC'!$E$2:$E$4000=$AB24)*('2013 E Maize Soil VWC'!$F$2:$F$4000=AV$5),'2013 E Maize Soil VWC'!$G$2:$G$4000)} -> #N/A
AA25: =AA24 -> 41431 | AB25: =AB24+20 -> 130 | AC25: {=_xlfn.XLOOKUP(1,('2013 E Maize Soil VWC'!$C$2:$C$4000=$AA25)*('2013 E Maize Soil VWC'!$E$2:$E$4000=$AB25)*('2013 E Maize Soil VWC'!$F$2:$F$4000=AC$5),'2013 E Maize Soil VWC'!$G$2:$G$4000)} -> #N/A | AD25: {=_xlfn.XLOOKUP(1,('2013 E Maize Soil VWC'!$C$2:$C$4000=$AA25)*('2013 E Maize Soil VWC'!$E$2:$E$4000=$AB25)*('2013 E Maize Soil VWC'!$F$2:$F$4000=AD$5),'2013 E Maize Soil VWC'!$G$2:$G$4000)} -> #N/A | AE25: {=_xlfn.XLOOKUP(1,('2013 E Maize Soil VWC'!$C$2:$C$4000=$AA25)*('2013 E Maize Soil VWC'!$E$2:$E$4000=$AB25)*('2013 E Maize Soil VWC'!$F$2:$F$4000=AE$5),'2013 E Maize Soil VWC'!$G$2:$G$4000)} -> #N/A | AF25: {=_xlfn.XLOOKUP(1,('2013 E Maize Soil VWC'!$C$2:$C$4000=$AA25)*('2013 E Maize Soil VWC'!$E$2:$E$4000=$AB25)*('2013 E Maize Soil VWC'!$F$2:$F$4000=AF$5),'2013 E Maize Soil VWC'!$G$2:$G$4000)} -> #N/A | AG25: {=_xlfn.XLOOKUP(1,('2013 E Maize Soil VWC'!$C$2:$C$4000=$AA25)*('2013 E Maize Soil VWC'!$E$2:$E$4000=$AB25)*('2013 E Maize Soil VWC'!$F$2:$F$4000=AG$5),'2013 E Maize Soil VWC'!$G$2:$G$4000)} -> 0.33148106 | AH25: {=_xlfn.XLOOKUP(1,('2013 E Maize Soil VWC'!$C$2:$C$4000=$AA25)*('2013 E Maize Soil VWC'!$E$2:$E$4000=$AB25)*('2013 E Maize Soil VWC'!$F$2:$F$4000=AH$5),'2013 E Maize Soil VWC'!$G$2:$G$4000)} -> 0.31968376 | AI25: {=_xlfn.XLOOKUP(1,('2013 E Maize Soil VWC'!$C$2:$C$4000=$AA25)*('2013 E Maize Soil VWC'!$E$2:$E$4000=$AB25)*('2013 E Maize Soil VWC'!$F$2:$F$4000=AI$5),'2013 E Maize Soil VWC'!$G$2:$G$4000)} -> #N/A | AJ25: {=_xlfn.XLOOKUP(1,('2013 E Maize Soil VWC'!$C$2:$C$4000=$AA25)*('2013 E Maize Soil VWC'!$E$2:$E$4000=$AB25)*('2013 E Maize Soil VWC'!$F$2:$F$4000=AJ$5),'2013 E Maize Soil VWC'!$G$2:$G$4000)} -> #N/A | ... AV25: {=_xlfn.XLOOKUP(1,('2013 E Maize Soil VWC'!$C$2:$C$4000=$AA25)*('2013 E Maize Soil VWC'!$E$2:$E$4000=$AB25)*('2013 E Maize Soil VWC'!$F$2:$F$4000=AV$5),'2013 E Maize Soil VWC'!$G$2:$G$4000)} -> #N/A
AA26: =AA25 -> 41431 | AB26: =AB25+20 -> 150 | AC26: {=_xlfn.XLOOKUP(1,('2013 E Maize Soil VWC'!$C$2:$C$4000=$AA26)*('2013 E Maize Soil VWC'!$E$2:$E$4000=$AB26)*('2013 E Maize Soil VWC'!$F$2:$F$4000=AC$5),'2013 E Maize Soil VWC'!$G$2:$G$4000)} -> #N/A | AD26: {=_xlfn.XLOOKUP(1,('2013 E Maize Soil VWC'!$C$2:$C$4000=$AA26)*('2013 E Maize Soil VWC'!$E$2:$E$4000=$AB26)*('2013 E Maize Soil VWC'!$F$2:$F$4000=AD$5),'2013 E Maize Soil VWC'!$G$2:$G$4000)} -> #N/A | AE26: {=_xlfn.XLOOKUP(1,('2013 E Maize Soil VWC'!$C$2:$C$4000=$AA26)*('2013 E Maize Soil VWC'!$E$2:$E$4000=$AB26)*('2013 E Maize Soil VWC'!$F$2:$F$4000=AE$5),'2013 E Maize Soil VWC'!$G$2:$G$4000)} -> #N/A | AF26: {=_xlfn.XLOOKUP(1,('2013 E Maize Soil VWC'!$C$2:$C$4000=$AA26)*('2013 E Maize Soil VWC'!$E$2:$E$4000=$AB26)*('2013 E Maize Soil VWC'!$F$2:$F$4000=AF$5),'2013 E Maize Soil VWC'!$G$2:$G$4000)} -> #N/A | AG26: {=_xlfn.XLOOKUP(1,('2013 E Maize Soil VWC'!$C$2:$C$4000=$AA26)*('2013 E Maize Soil VWC'!$E$2:$E$4000=$AB26)*('2013 E Maize Soil VWC'!$F$2:$F$4000=AG$5),'2013 E Maize Soil VWC'!$G$2:$G$4000)} -> 0.36301536 | AH26: {=_xlfn.XLOOKUP(1,('2013 E Maize Soil VWC'!$C$2:$C$4000=$AA26)*('2013 E Maize Soil VWC'!$E$2:$E$4000=$AB26)*('2013 E Maize Soil VWC'!$F$2:$F$4000=AH$5),'2013 E Maize Soil VWC'!$G$2:$G$4000)} -> 0.35274885 | AI26: {=_xlfn.XLOOKUP(1,('2013 E Maize Soil VWC'!$C$2:$C$4000=$AA26)*('2013 E Maize Soil VWC'!$E$2:$E$4000=$AB26)*('2013 E Maize Soil VWC'!$F$2:$F$4000=AI$5),'2013 E Maize Soil VWC'!$G$2:$G$4000)} -> #N/A | AJ26: {=_xlfn.XLOOKUP(1,('2013 E Maize Soil VWC'!$C$2:$C$4000=$AA26)*('2013 E Maize Soil VWC'!$E$2:$E$4000=$AB26)*('2013 E Maize Soil VWC'!$F$2:$F$4000=AJ$5),'2013 E Maize Soil VWC'!$G$2:$G$4000)} -> #N/A | ... AV26: {=_xlfn.XLOOKUP(1,('2013 E Maize Soil VWC'!$C$2:$C$4000=$AA26)*('2013 E Maize Soil VWC'!$E$2:$E$4000=$AB26)*('2013 E Maize Soil VWC'!$F$2:$F$4000=AV$5),'2013 E Maize Soil VWC'!$G$2:$G$4000)} -> #N/A
AA27: =AA26 -> 41431 | AB27: =AB26+20 -> 170 | AC27: {=_xlfn.XLOOKUP(1,('2013 E Maize Soil VWC'!$C$2:$C$4000=$AA27)*('2013 E Maize Soil VWC'!$E$2:$E$4000=$AB27)*('2013 E Maize Soil VWC'!$F$2:$F$4000=AC$5),'2013 E Maize Soil VWC'!$G$2:$G$4000)} -> #N/A | AD27: {=_xlfn.XLOOKUP(1,('2013 E Maize Soil VWC'!$C$2:$C$4000=$AA27)*('2013 E Maize Soil VWC'!$E$2:$E$4000=$AB27)*('2013 E Maize Soil VWC'!$F$2:$F$4000=AD$5),'2013 E Maize Soil VWC'!$G$2:$G$4000)} -> #N/A | AE27: {=_xlfn.XLOOKUP(1,('2013 E Maize Soil VWC'!$C$2:$C$4000=$AA27)*('2013 E Maize Soil VWC'!$E$2:$E$4000=$AB27)*('2013 E Maize Soil VWC'!$F$2:$F$4000=AE$5),'2013 E Maize Soil VWC'!$G$2:$G$4000)} -> #N/A | AF27: {=_xlfn.XLOOKUP(1,('2013 E Maize Soil VWC'!$C$2:$C$4000=$AA27)*('2013 E Maize Soil VWC'!$E$2:$E$4000=$AB27)*('2013 E Maize Soil VWC'!$F$2:$F$4000=AF$5),'2013 E Maize Soil VWC'!$G$2:$G$4000)} -> #N/A | AG27: {=_xlfn.XLOOKUP(1,('2013 E Maize Soil VWC'!$C$2:$C$4000=$AA27)*('2013 E Maize Soil VWC'!$E$2:$E$4000=$AB27)*('2013 E Maize Soil VWC'!$F$2:$F$4000=AG$5),'2013 E Maize Soil VWC'!$G$2:$G$4000)} -> 0.32480681 | AH27: {=_xlfn.XLOOKUP(1,('2013 E Maize Soil VWC'!$C$2:$C$4000=$AA27)*('2013 E Maize Soil VWC'!$E$2:$E$4000=$AB27)*('2013 E Maize Soil VWC'!$F$2:$F$4000=AH$5),'2013 E Maize Soil VWC'!$G$2:$G$4000)} -> 0.32878686 | AI27: {=_xlfn.XLOOKUP(1,('2013 E Maize Soil VWC'!$C$2:$C$4000=$AA27)*('2013 E Maize Soil VWC'!$E$2:$E$4000=$AB27)*('2013 E Maize Soil VWC'!$F$2:$F$4000=AI$5),'2013 E Maize Soil VWC'!$G$2:$G$4000)} -> #N/A | AJ27: {=_xlfn.XLOOKUP(1,('2013 E Maize Soil VWC'!$C$2:$C$4000=$AA27)*('2013 E Maize Soil VWC'!$E$2:$E$4000=$AB27)*('2013 E Maize Soil VWC'!$F$2:$F$4000=AJ$5),'2013 E Maize Soil VWC'!$G$2:$G$4000)} -> #N/A | ... AV27: {=_xlfn.XLOOKUP(1,('2013 E Maize Soil VWC'!$C$2:$C$4000=$AA27)*('2013 E Maize Soil VWC'!$E$2:$E$4000=$AB27)*('2013 E Maize Soil VWC'!$F$2:$F$4000=AV$5),'2013 E Maize Soil VWC'!$G$2:$G$4000)} -> #N/A
AA28: =AA27 -> 41431 | AB28: =AB27+20 -> 190 | AC28: {=_xlfn.XLOOKUP(1,('2013 E Maize Soil VWC'!$C$2:$C$4000=$AA28)*('2013 E Maize Soil VWC'!$E$2:$E$4000=$AB28)*('2013 E Maize Soil VWC'!$F$2:$F$4000=AC$5),'2013 E Maize Soil VWC'!$G$2:$G$4000)} -> #N/A | AD28: {=_xlfn.XLOOKUP(1,('2013 E Maize Soil VWC'!$C$2:$C$4000=$AA28)*('2013 E Maize Soil VWC'!$E$2:$E$4000=$AB28)*('2013 E Maize Soil VWC'!$F$2:$F$4000=AD$5),'2013 E Maize Soil VWC'!$G$2:$G$4000)} -> #N/A | AE28: {=_xlfn.XLOOKUP(1,('2013 E Maize Soil VWC'!$C$2:$C$4000=$AA28)*('2013 E Maize Soil VWC'!$E$2:$E$4000=$AB28)*('2013 E Maize Soil VWC'!$F$2:$F$4000=AE$5),'2013 E Maize Soil VWC'!$G$2:$G$4000)} -> #N/A | AF28: {=_xlfn.XLOOKUP(1,('2013 E Maize Soil VWC'!$C$2:$C$4000=$AA28)*('2013 E Maize Soil VWC'!$E$2:$E$4000=$AB28)*('2013 E Maize Soil VWC'!$F$2:$F$4000=AF$5),'2013 E Maize Soil VWC'!$G$2:$G$4000)} -> #N/A | AG28: {=_xlfn.XLOOKUP(1,('2013 E Maize Soil VWC'!$C$2:$C$4000=$AA28)*('2013 E Maize Soil VWC'!$E$2:$E$4000=$AB28)*('2013 E Maize Soil VWC'!$F$2:$F$4000=AG$5),'2013 E Maize Soil VWC'!$G$2:$G$4000)} -> 0.32646006 | AH28: {=_xlfn.XLOOKUP(1,('2013 E Maize Soil VWC'!$C$2:$C$4000=$AA28)*('2013 E Maize Soil VWC'!$E$2:$E$4000=$AB28)*('2013 E Maize Soil VWC'!$F$2:$F$4000=AH$5),'2013 E Maize Soil VWC'!$G$2:$G$4000)} -> 0.33946158 | AI28: {=_xlfn.XLOOKUP(1,('2013 E Maize Soil VWC'!$C$2:$C$4000=$AA28)*('2013 E Maize Soil VWC'!$E$2:$E$4000=$AB28)*('2013 E Maize Soil VWC'!$F$2:$F$4000=AI$5),'2013 E Maize Soil VWC'!$G$2:$G$4000)} -> #N/A | AJ28: {=_xlfn.XLOOKUP(1,('2013 E Maize Soil VWC'!$C$2:$C$4000=$AA28)*('2013 E Maize Soil VWC'!$E$2:$E$4000=$AB28)*('2013 E Maize Soil VWC'!$F$2:$F$4000=AJ$5),'2013 E Maize Soil VWC'!$G$2:$G$4000)} -> #N/A | ... AV28: {=_xlfn.XLOOKUP(1,('2013 E Maize Soil VWC'!$C$2:$C$4000=$AA28)*('2013 E Maize Soil VWC'!$E$2:$E$4000=$AB28)*('2013 E Maize Soil VWC'!$F$2:$F$4000=AV$5),'2013 E Maize Soil VWC'!$G$2:$G$4000)} -> #N/A
AA29: =AA28 -> 41431 | AB29: =AB28+20 -> 210 | AC29: {=_xlfn.XLOOKUP(1,('2013 E Maize Soil VWC'!$C$2:$C$4000=$AA29)*('2013 E Maize Soil VWC'!$E$2:$E$4000=$AB29)*('2013 E Maize Soil VWC'!$F$2:$F$4000=AC$5),'2013 E Maize Soil VWC'!$G$2:$G$4000)} -> #N/A | AD29: {=_xlfn.XLOOKUP(1,('2013 E Maize Soil VWC'!$C$2:$C$4000=$AA29)*('2013 E Maize Soil VWC'!$E$2:$E$4000=$AB29)*('2013 E Maize Soil VWC'!$F$2:$F$4000=AD$5),'2013 E Maize Soil VWC'!$G$2:$G$4000)} -> #N/A | AE29: {=_xlfn.XLOOKUP(1,('2013 E Maize Soil VWC'!$C$2:$C$4000=$AA29)*('2013 E Maize Soil VWC'!$E$2:$E$4000=$AB29)*('2013 E Maize Soil VWC'!$F$2:$F$4000=AE$5),'2013 E Maize Soil VWC'!$G$2:$G$4000)} -> #N/A | AF29: {=_xlfn.XLOOKUP(1,('2013 E Maize Soil VWC'!$C$2:$C$4000=$AA29)*('2013 E Maize Soil VWC'!$E$2:$E$4000=$AB29)*('2013 E Maize Soil VWC'!$F$2:$F$4000=AF$5),'2013 E Maize Soil VWC'!$G$2:$G$4000)} -> #N/A | AG29: {=_xlfn.XLOOKUP(1,('2013 E Maize Soil VWC'!$C$2:$C$4000=$AA29)*('2013 E Maize Soil VWC'!$E$2:$E$4000=$AB29)*('2013 E Maize Soil VWC'!$F$2:$F$4000=AG$5),'2013 E Maize Soil VWC'!$G$2:$G$4000)} -> #N/A | AH29: {=_xlfn.XLOOKUP(1,('2013 E Maize Soil VWC'!$C$2:$C$4000=$AA29)*('2013 E Maize Soil VWC'!$E$2:$E$4000=$AB29)*('2013 E Maize Soil VWC'!$F$2:$F$4000=AH$5),'2013 E Maize Soil VWC'!$G$2:$G$4000)} -> #N/A | AI29: {=_xlfn.XLOOKUP(1,('2013 E Maize Soil VWC'!$C$2:$C$4000=$AA29)*('2013 E Maize Soil VWC'!$E$2:$E$4000=$AB29)*('2013 E Maize Soil VWC'!$F$2:$F$4000=AI$5),'2013 E Maize Soil VWC'!$G$2:$G$4000)} -> #N/A | AJ29: {=_xlfn.XLOOKUP(1,('2013 E Maize Soil VWC'!$C$2:$C$4000=$AA29)*('2013 E Maize Soil VWC'!$E$2:$E$4000=$AB29)*('2013 E Maize Soil VWC'!$F$2:$F$4000=AJ$5),'2013 E Maize Soil VWC'!$G$2:$G$4000)} -> #N/A | ... AV29: {=_xlfn.XLOOKUP(1,('2013 E Maize Soil VWC'!$C$2:$C$4000=$AA29)*('2013 E Maize Soil VWC'!$E$2:$E$4000=$AB29)*('2013 E Maize Soil VWC'!$F$2:$F$4000=AV$5),'2013 E Maize Soil VWC'!$G$2:$G$4000)} -> #N/A
AA30: =AA29 -> 41431 | AB30: =AB29+20 -> 230 | AC30: {=_xlfn.XLOOKUP(1,('2013 E Maize Soil VWC'!$C$2:$C$4000=$AA30)*('2013 E Maize Soil VWC'!$E$2:$E$4000=$AB30)*('2013 E Maize Soil VWC'!$F$2:$F$4000=AC$5),'2013 E Maize Soil VWC'!$G$2:$G$4000)} -> #N/A | AD30: {=_xlfn.XLOOKUP(1,('2013 E Maize Soil VWC'!$C$2:$C$4000=$AA30)*('2013 E Maize Soil VWC'!$E$2:$E$4000=$AB30)*('2013 E Maize Soil VWC'!$F$2:$F$4000=AD$5),'2013 E Maize Soil VWC'!$G$2:$G$4000)} -> #N/A | AE30: {=_xlfn.XLOOKUP(1,('2013 E Maize Soil VWC'!$C$2:$C$4000=$AA30)*('2013 E Maize Soil VWC'!$E$2:$E$4000=$AB30)*('2013 E Maize Soil VWC'!$F$2:$F$4000=AE$5),'2013 E Maize Soil VWC'!$G$2:$G$4000)} -> #N/A | AF30: {=_xlfn.XLOOKUP(1,('2013 E Maize Soil VWC'!$C$2:$C$4000=$AA30)*('2013 E Maize Soil VWC'!$E$2:$E$4000=$AB30)*('2013 E Maize Soil VWC'!$F$2:$F$4000=AF$5),'2013 E Maize Soil VWC'!$G$2:$G$4000)} -> #N/A | AG30: {=_xlfn.XLOOKUP(1,('2013 E Maize Soil VWC'!$C$2:$C$4000=$AA30)*('2013 E Maize Soil VWC'!$E$2:$E$4000=$AB30)*('2013 E Maize Soil VWC'!$F$2:$F$4000=AG$5),'2013 E Maize Soil VWC'!$G$2:$G$4000)} -> #N/A | AH30: {=_xlfn.XLOOKUP(1,('2013 E Maize Soil VWC'!$C$2:$C$4000=$AA30)*('2013 E Maize Soil VWC'!$E$2:$E$4000=$AB30)*('2013 E Maize Soil VWC'!$F$2:$F$4000=AH$5),'2013 E Maize Soil VWC'!$G$2:$G$4000)} -> #N/A | AI30: {=_xlfn.XLOOKUP(1,('2013 E Maize Soil VWC'!$C$2:$C$4000=$AA30)*('2013 E Maize Soil VWC'!$E$2:$E$4000=$AB30)*('2013 E Maize Soil VWC'!$F$2:$F$4000=AI$5),'2013 E Maize Soil VWC'!$G$2:$G$4000)} -> #N/A | AJ30: {=_xlfn.XLOOKUP(1,('2013 E Maize Soil VWC'!$C$2:$C$4000=$AA30)*('2013 E Maize Soil VWC'!$E$2:$E$4000=$AB30)*('2013 E Maize Soil VWC'!$F$2:$F$4000=AJ$5),'2013 E Maize Soil VWC'!$G$2:$G$4000)} -> #N/A | ... AV30: {=_xlfn.XLOOKUP(1,('2013 E Maize Soil VWC'!$C$2:$C$4000=$AA30)*('2013 E Maize Soil VWC'!$E$2:$E$4000=$AB30)*('2013 E Maize Soil VWC'!$F$2:$F$4000=AV$5),'2013 E Maize Soil VWC'!$G$2:$G$4000)} -> #N/A
Y32: 2013 | Z32: 171 | AA32: =DATE(Y32,1,Z32) -> 41445 | AB32: 10 | AC32: {=_xlfn.XLOOKUP(1,('2013 E Maize Soil VWC'!$C$2:$C$4000=$AA32)*('2013 E Maize Soil VWC'!$E$2:$E$4000=$AB32)*('2013 E Maize Soil VWC'!$F$2:$F$4000=AC$5),'2013 E Maize Soil VWC'!$G$2:$G$4000)} -> 0.30498044 | AD32: {=_xlfn.XLOOKUP(1,('2013 E Maize Soil VWC'!$C$2:$C$4000=$AA32)*('2013 E Maize Soil VWC'!$E$2:$E$4000=$AB32)*('2013 E Maize Soil VWC'!$F$2:$F$4000=AD$5),'2013 E Maize Soil VWC'!$G$2:$G$4000)} -> 0.29487203 | AE32: {=_xlfn.XLOOKUP(1,('2013 E Maize Soil VWC'!$C$2:$C$4000=$AA32)*('2013 E Maize Soil VWC'!$E$2:$E$4000=$AB32)*('2013 E Maize Soil VWC'!$F$2:$F$4000=AE$5),'2013 E Maize Soil VWC'!$G$2:$G$4000)} -> 0.30719889 | AF32: {=_xlfn.XLOOKUP(1,('2013 E Maize Soil VWC'!$C$2:$C$4000=$AA32)*('2013 E Maize Soil VWC'!$E$2:$E$4000=$AB32)*('2013 E Maize Soil VWC'!$F$2:$F$4000=AF$5),'2013 E Maize Soil VWC'!$G$2:$G$4000)} -> 0.25017511 | AG32: {=_xlfn.XLOOKUP(1,('2013 E Maize Soil VWC'!$C$2:$C$4000=$AA32)*('2013 E Maize Soil VWC'!$E$2:$E$4000=$AB32)*('2013 E Maize Soil VWC'!$F$2:$F$4000=AG$5),'2013 E Maize Soil VWC'!$G$2:$G$4000)} -> 0.27388358 | AH32: {=_xlfn.XLOOKUP(1,('2013 E Maize Soil VWC'!$C$2:$C$4000=$AA32)*('2013 E Maize Soil VWC'!$E$2:$E$4000=$AB32)*('2013 E Maize Soil VWC'!$F$2:$F$4000=AH$5),'2013 E Maize Soil VWC'!$G$2:$G$4000)} -> 0.25339669 | AI32: {=_xlfn.XLOOKUP(1,('2013 E Maize Soil VWC'!$C$2:$C$4000=$AA32)*('2013 E Maize Soil VWC'!$E$2:$E$4000=$AB32)*('2013 E Maize Soil VWC'!$F$2:$F$4000=AI$5),'2013 E Maize Soil VWC'!$G$2:$G$4000)} -> 0.30660088 | AJ32: {=_xlfn.XLOOKUP(1,('2013 E Maize Soil VWC'!$C$2:$C$4000=$AA32)*('2013 E Maize Soil VWC'!$E$2:$E$4000=$AB32)*('2013 E Maize Soil VWC'!$F$2:$F$4000=AJ$5),'2013 E Maize Soil VWC'!$G$2:$G$4000)} -> 0.27324698 | ... AV32: {=_xlfn.XLOOKUP(1,('2013 E Maize Soil VWC'!$C$2:$C$4000=$AA32)*('2013 E Maize Soil VWC'!$E$2:$E$4000=$AB32)*('2013 E Maize Soil VWC'!$F$2:$F$4000=AV$5),'2013 E Maize Soil VWC'!$G$2:$G$4000)} -> 0.23275547 | AW32: =Z32 -> 171 | AX32: =AA32 -> 41445 | AY32: =1400*AVERAGE(AG32:AH38)+100*AVERAGE(AG39:AH39) -> 491.36777 | AZ32: =1400*AVERAGE(AC32:AF38,AI32:AL38)+100*AVERAGE(AC39:AF39,AI39:AL39) -> 498.84464 | BA32: =1400*AVERAGE(AQ32:AR38)+100*AVERAGE(AQ39:AR39) -> 477.96338 | BB32: =1400*AVERAGE(AM32:AP38,AS32:AV38)+100*AVERAGE(AM39:AP39,AS39:AV39) -> 488.92375 | BC32: =AVERAGE(AC32:AD43)*2400 -> 766.93757 | BD32: =AVERAGE(AE32:AF43)*2400 -> 751.35444 | BE32: =AVERAGE(AG32:AH41)*2000 -> 657.68508 | BF32: =AVERAGE(AI32:AJ43)*2400 -> 773.32593 | BG32: =AVERAGE(AK32:AL43)*2400 -> 775.20466 | BH32: =AVERAGE(AM32:AN43)*2400 -> 773.60151 | BI32: =AVERAGE(AO32:AP43)*2400 -> 760.18509 | BJ32: =AVERAGE(AQ32:AR41)*2000 -> 641.47747 | BK32: =AVERAGE(AS32:AT43)*2400 -> 779.3813 | BL32: =AVERAGE(AU32:AV43)*2400 -> 759.84059
AA33: =AA32 -> 41445 | AB33: =AB32+20 -> 30 | AC33: {=_xlfn.XLOOKUP(1,('2013 E Maize Soil VWC'!$C$2:$C$4000=$AA33)*('2013 E Maize Soil VWC'!$E$2:$E$4000=$AB33)*('2013 E Maize Soil VWC'!$F$2:$F$4000=AC$5),'2013 E Maize Soil VWC'!$G$2:$G$4000)} -> 0.34776912 | AD33: {=_xlfn.XLOOKUP(1,('2013 E Maize Soil VWC'!$C$2:$C$4000=$AA33)*('2013 E Maize Soil VWC'!$E$2:$E$4000=$AB33)*('2013 E Maize Soil VWC'!$F$2:$F$4000=AD$5),'2013 E Maize Soil VWC'!$G$2:$G$4000)} -> 0.3364619 | AE33: {=_xlfn.XLOOKUP(1,('2013 E Maize Soil VWC'!$C$2:$C$4000=$AA33)*('2013 E Maize Soil VWC'!$E$2:$E$4000=$AB33)*('2013 E Maize Soil VWC'!$F$2:$F$4000=AE$5),'2013 E Maize Soil VWC'!$G$2:$G$4000)} -> 0.35472386 | AF33: {=_xlfn.XLOOKUP(1,('2013 E Maize Soil VWC'!$C$2:$C$4000=$AA33)*('2013 E Maize Soil VWC'!$E$2:$E$4000=$AB33)*('2013 E Maize Soil VWC'!$F$2:$F$4000=AF$5),'2013 E Maize Soil VWC'!$G$2:$G$4000)} -> 0.32702003 | AG33: {=_xlfn.XLOOKUP(1,('2013 E Maize Soil VWC'!$C$2:$C$4000=$AA33)*('2013 E Maize Soil VWC'!$E$2:$E$4000=$AB33)*('2013 E Maize Soil VWC'!$F$2:$F$4000=AG$5),'2013 E Maize Soil VWC'!$G$2:$G$4000)} -> 0.35175313 | AH33: {=_xlfn.XLOOKUP(1,('2013 E Maize Soil VWC'!$C$2:$C$4000=$AA33)*('2013 E Maize Soil VWC'!$E$2:$E$4000=$AB33)*('2013 E Maize Soil VWC'!$F$2:$F$4000=AH$5),'2013 E Maize Soil VWC'!$G$2:$G$4000)} -> 0.33650796 | AI33: {=_xlfn.XLOOKUP(1,('2013 E Maize Soil VWC'!$C$2:$C$4000=$AA33)*('2013 E Maize Soil VWC'!$E$2:$E$4000=$AB33)*('2013 E Maize Soil VWC'!$F$2:$F$4000=AI$5),'2013 E Maize Soil VWC'!$G$2:$G$4000)} -> 0.34196582 | AJ33: {=_xlfn.XLOOKUP(1,('2013 E Maize Soil VWC'!$C$2:$C$4000=$AA33)*('2013 E Maize Soil VWC'!$E$2:$E$4000=$AB33)*('2013 E Maize Soil VWC'!$F$2:$F$4000=AJ$5),'2013 E Maize Soil VWC'!$G$2:$G$4000)} -> 0.34249549 | ... AV33: {=_xlfn.XLOOKUP(1,('2013 E Maize Soil VWC'!$C$2:$C$4000=$AA33)*('2013 E Maize Soil VWC'!$E$2:$E$4000=$AB33)*('2013 E Maize Soil VWC'!$F$2:$F$4000=AV$5),'2013 E Maize Soil VWC'!$G$2:$G$4000)} -> 0.34447598
AA34: =AA33 -> 41445 | AB34: =AB33+20 -> 50 | AC34: {=_xlfn.XLOOKUP(1,('2013 E Maize Soil VWC'!$C$2:$C$4000=$AA34)*('2013 E Maize Soil VWC'!$E$2:$E$4000=$AB34)*('2013 E Maize Soil VWC'!$F$2:$F$4000=AC$5),'2013 E Maize Soil VWC'!$G$2:$G$4000)} -> 0.3546778 | AD34: {=_xlfn.XLOOKUP(1,('2013 E Maize Soil VWC'!$C$2:$C$4000=$AA34)*('2013 E Maize Soil VWC'!$E$2:$E$4000=$AB34)*('2013 E Maize Soil VWC'!$F$2:$F$4000=AD$5),'2013 E Maize Soil VWC'!$G$2:$G$4000)} -> 0.35780974 | AE34: {=_xlfn.XLOOKUP(1,('2013 E Maize Soil VWC'!$C$2:$C$4000=$AA34)*('2013 E Maize Soil VWC'!$E$2:$E$4000=$AB34)*('2013 E Maize Soil VWC'!$F$2:$F$4000=AE$5),'2013 E Maize Soil VWC'!$G$2:$G$4000)} -> 0.35633589 | AF34: {=_xlfn.XLOOKUP(1,('2013 E Maize Soil VWC'!$C$2:$C$4000=$AA34)*('2013 E Maize Soil VWC'!$E$2:$E$4000=$AB34)*('2013 E Maize Soil VWC'!$F$2:$F$4000=AF$5),'2013 E Maize Soil VWC'!$G$2:$G$4000)} -> 0.34512079 | AG34: {=_xlfn.XLOOKUP(1,('2013 E Maize Soil VWC'!$C$2:$C$4000=$AA34)*('2013 E Maize Soil VWC'!$E$2:$E$4000=$AB34)*('2013 E Maize Soil VWC'!$F$2:$F$4000=AG$5),'2013 E Maize Soil VWC'!$G$2:$G$4000)} -> 0.35573714 | AH34: {=_xlfn.XLOOKUP(1,('2013 E Maize Soil VWC'!$C$2:$C$4000=$AA34)*('2013 E Maize Soil VWC'!$E$2:$E$4000=$AB34)*('2013 E Maize Soil VWC'!$F$2:$F$4000=AH$5),'2013 E Maize Soil VWC'!$G$2:$G$4000)} -> 0.34947326 | AI34: {=_xlfn.XLOOKUP(1,('2013 E Maize Soil VWC'!$C$2:$C$4000=$AA34)*('2013 E Maize Soil VWC'!$E$2:$E$4000=$AB34)*('2013 E Maize Soil VWC'!$F$2:$F$4000=AI$5),'2013 E Maize Soil VWC'!$G$2:$G$4000)} -> 0.35942177 | AJ34: {=_xlfn.XLOOKUP(1,('2013 E Maize Soil VWC'!$C$2:$C$4000=$AA34)*('2013 E Maize Soil VWC'!$E$2:$E$4000=$AB34)*('2013 E Maize Soil VWC'!$F$2:$F$4000=AJ$5),'2013 E Maize Soil VWC'!$G$2:$G$4000)} -> 0.34470627 | ... AV34: {=_xlfn.XLOOKUP(1,('2013 E Maize Soil VWC'!$C$2:$C$4000=$AA34)*('2013 E Maize Soil VWC'!$E$2:$E$4000=$AB34)*('2013 E Maize Soil VWC'!$F$2:$F$4000=AV$5),'2013 E Maize Soil VWC'!$G$2:$G$4000)} -> 0.35693464
AA35: =AA34 -> 41445 | AB35: =AB34+20 -> 70 | AC35: {=_xlfn.XLOOKUP(1,('2013 E Maize Soil VWC'!$C$2:$C$4000=$AA35)*('2013 E Maize Soil VWC'!$E$2:$E$4000=$AB35)*('2013 E Maize Soil VWC'!$F$2:$F$4000=AC$5),'2013 E Maize Soil VWC'!$G$2:$G$4000)} -> 0.34682493 | AD35: {=_xlfn.XLOOKUP(1,('2013 E Maize Soil VWC'!$C$2:$C$4000=$AA35)*('2013 E Maize Soil VWC'!$E$2:$E$4000=$AB35)*('2013 E Maize Soil VWC'!$F$2:$F$4000=AD$5),'2013 E Maize Soil VWC'!$G$2:$G$4000)} -> 0.35368756 | AE35: {=_xlfn.XLOOKUP(1,('2013 E Maize Soil VWC'!$C$2:$C$4000=$AA35)*('2013 E Maize Soil VWC'!$E$2:$E$4000=$AB35)*('2013 E Maize Soil VWC'!$F$2:$F$4000=AE$5),'2013 E Maize Soil VWC'!$G$2:$G$4000)} -> 0.34820667 | AF35: {=_xlfn.XLOOKUP(1,('2013 E Maize Soil VWC'!$C$2:$C$4000=$AA35)*('2013 E Maize Soil VWC'!$E$2:$E$4000=$AB35)*('2013 E Maize Soil VWC'!$F$2:$F$4000=AF$5),'2013 E Maize Soil VWC'!$G$2:$G$4000)} -> 0.33759032 | AG35: {=_xlfn.XLOOKUP(1,('2013 E Maize Soil VWC'!$C$2:$C$4000=$AA35)*('2013 E Maize Soil VWC'!$E$2:$E$4000=$AB35)*('2013 E Maize Soil VWC'!$F$2:$F$4000=AG$5),'2013 E Maize Soil VWC'!$G$2:$G$4000)} -> 0.34813758 | AH35: {=_xlfn.XLOOKUP(1,('2013 E Maize Soil VWC'!$C$2:$C$4000=$AA35)*('2013 E Maize Soil VWC'!$E$2:$E$4000=$AB35)*('2013 E Maize Soil VWC'!$F$2:$F$4000=AH$5),'2013 E Maize Soil VWC'!$G$2:$G$4000)} -> 0.33768244 | AI35: {=_xlfn.XLOOKUP(1,('2013 E Maize Soil VWC'!$C$2:$C$4000=$AA35)*('2013 E Maize Soil VWC'!$E$2:$E$4000=$AB35)*('2013 E Maize Soil VWC'!$F$2:$F$4000=AI$5),'2013 E Maize Soil VWC'!$G$2:$G$4000)} -> 0.35037139 | AJ35: {=_xlfn.XLOOKUP(1,('2013 E Maize Soil VWC'!$C$2:$C$4000=$AA35)*('2013 E Maize Soil VWC'!$E$2:$E$4000=$AB35)*('2013 E Maize Soil VWC'!$F$2:$F$4000=AJ$5),'2013 E Maize Soil VWC'!$G$2:$G$4000)} -> 0.33966293 | ... AV35: {=_xlfn.XLOOKUP(1,('2013 E Maize Soil VWC'!$C$2:$C$4000=$AA35)*('2013 E Maize Soil VWC'!$E$2:$E$4000=$AB35)*('2013 E Maize Soil VWC'!$F$2:$F$4000=AV$5),'2013 E Maize Soil VWC'!$G$2:$G$4000)} -> 0.33881085
AA36: =AA35 -> 41445 | AB36: =AB35+20 -> 90 | AC36: {=_xlfn.XLOOKUP(1,('2013 E Maize Soil VWC'!$C$2:$C$4000=$AA36)*('2013 E Maize Soil VWC'!$E$2:$E$4000=$AB36)*('2013 E Maize Soil VWC'!$F$2:$F$4000=AC$5),'2013 E Maize Soil VWC'!$G$2:$G$4000)} -> 0.33968595 | AD36: {=_xlfn.XLOOKUP(1,('2013 E Maize Soil VWC'!$C$2:$C$4000=$AA36)*('2013 E Maize Soil VWC'!$E$2:$E$4000=$AB36)*('2013 E Maize Soil VWC'!$F$2:$F$4000=AD$5),'2013 E Maize Soil VWC'!$G$2:$G$4000)} -> 0.33954778 | AE36: {=_xlfn.XLOOKUP(1,('2013 E Maize Soil VWC'!$C$2:$C$4000=$AA36)*('2013 E Maize Soil VWC'!$E$2:$E$4000=$AB36)*('2013 E Maize Soil VWC'!$F$2:$F$4000=AE$5),'2013 E Maize Soil VWC'!$G$2:$G$4000)} -> 0.33871874 | AF36: {=_xlfn.XLOOKUP(1,('2013 E Maize Soil VWC'!$C$2:$C$4000=$AA36)*('2013 E Maize Soil VWC'!$E$2:$E$4000=$AB36)*('2013 E Maize Soil VWC'!$F$2:$F$4000=AF$5),'2013 E Maize Soil VWC'!$G$2:$G$4000)} -> 0.33501108 | AG36: {=_xlfn.XLOOKUP(1,('2013 E Maize Soil VWC'!$C$2:$C$4000=$AA36)*('2013 E Maize Soil VWC'!$E$2:$E$4000=$AB36)*('2013 E Maize Soil VWC'!$F$2:$F$4000=AG$5),'2013 E Maize Soil VWC'!$G$2:$G$4000)} -> 0.3434627 | AH36: {=_xlfn.XLOOKUP(1,('2013 E Maize Soil VWC'!$C$2:$C$4000=$AA36)*('2013 E Maize Soil VWC'!$E$2:$E$4000=$AB36)*('2013 E Maize Soil VWC'!$F$2:$F$4000=AH$5),'2013 E Maize Soil VWC'!$G$2:$G$4000)} -> 0.33118827 | AI36: {=_xlfn.XLOOKUP(1,('2013 E Maize Soil VWC'!$C$2:$C$4000=$AA36)*('2013 E Maize Soil VWC'!$E$2:$E$4000=$AB36)*('2013 E Maize Soil VWC'!$F$2:$F$4000=AI$5),'2013 E Maize Soil VWC'!$G$2:$G$4000)} -> 0.34581166 | AJ36: {=_xlfn.XLOOKUP(1,('2013 E Maize Soil VWC'!$C$2:$C$4000=$AA36)*('2013 E Maize Soil VWC'!$E$2:$E$4000=$AB36)*('2013 E Maize Soil VWC'!$F$2:$F$4000=AJ$5),'2013 E Maize Soil VWC'!$G$2:$G$4000)} -> 0.34129798 | ... AV36: {=_xlfn.XLOOKUP(1,('2013 E Maize Soil VWC'!$C$2:$C$4000=$AA36)*('2013 E Maize Soil VWC'!$E$2:$E$4000=$AB36)*('2013 E Maize Soil VWC'!$F$2:$F$4000=AV$5),'2013 E Maize Soil VWC'!$G$2:$G$4000)} -> 0.33286938
AA37: =AA36 -> 41445 | AB37: =AB36+20 -> 110 | AC37: {=_xlfn.XLOOKUP(1,('2013 E Maize Soil VWC'!$C$2:$C$4000=$AA37)*('2013 E Maize Soil VWC'!$E$2:$E$4000=$AB37)*('2013 E Maize Soil VWC'!$F$2:$F$4000=AC$5),'2013 E Maize Soil VWC'!$G$2:$G$4000)} -> 0.34166644 | AD37: {=_xlfn.XLOOKUP(1,('2013 E Maize Soil VWC'!$C$2:$C$4000=$AA37)*('2013 E Maize Soil VWC'!$E$2:$E$4000=$AB37)*('2013 E Maize Soil VWC'!$F$2:$F$4000=AD$5),'2013 E Maize Soil VWC'!$G$2:$G$4000)} -> 0.33434324 | AE37: {=_xlfn.XLOOKUP(1,('2013 E Maize Soil VWC'!$C$2:$C$4000=$AA37)*('2013 E Maize Soil VWC'!$E$2:$E$4000=$AB37)*('2013 E Maize Soil VWC'!$F$2:$F$4000=AE$5),'2013 E Maize Soil VWC'!$G$2:$G$4000)} -> 0.32837874 | AF37: {=_xlfn.XLOOKUP(1,('2013 E Maize Soil VWC'!$C$2:$C$4000=$AA37)*('2013 E Maize Soil VWC'!$E$2:$E$4000=$AB37)*('2013 E Maize Soil VWC'!$F$2:$F$4000=AF$5),'2013 E Maize Soil VWC'!$G$2:$G$4000)} -> 0.33326088 | AG37: {=_xlfn.XLOOKUP(1,('2013 E Maize Soil VWC'!$C$2:$C$4000=$AA37)*('2013 E Maize Soil VWC'!$E$2:$E$4000=$AB37)*('2013 E Maize Soil VWC'!$F$2:$F$4000=AG$5),'2013 E Maize Soil VWC'!$G$2:$G$4000)} -> 0.34194279 | AH37: {=_xlfn.XLOOKUP(1,('2013 E Maize Soil VWC'!$C$2:$C$4000=$AA37)*('2013 E Maize Soil VWC'!$E$2:$E$4000=$AB37)*('2013 E Maize Soil VWC'!$F$2:$F$4000=AH$5),'2013 E Maize Soil VWC'!$G$2:$G$4000)} -> 0.32515468 | AI37: {=_xlfn.XLOOKUP(1,('2013 E Maize Soil VWC'!$C$2:$C$4000=$AA37)*('2013 E Maize Soil VWC'!$E$2:$E$4000=$AB37)*('2013 E Maize Soil VWC'!$F$2:$F$4000=AI$5),'2013 E Maize Soil VWC'!$G$2:$G$4000)} -> 0.34454506 | AJ37: {=_xlfn.XLOOKUP(1,('2013 E Maize Soil VWC'!$C$2:$C$4000=$AA37)*('2013 E Maize Soil VWC'!$E$2:$E$4000=$AB37)*('2013 E Maize Soil VWC'!$F$2:$F$4000=AJ$5),'2013 E Maize Soil VWC'!$G$2:$G$4000)} -> 0.34263366 | ... AV37: {=_xlfn.XLOOKUP(1,('2013 E Maize Soil VWC'!$C$2:$C$4000=$AA37)*('2013 E Maize Soil VWC'!$E$2:$E$4000=$AB37)*('2013 E Maize Soil VWC'!$F$2:$F$4000=AV$5),'2013 E Maize Soil VWC'!$G$2:$G$4000)} -> 0.33220154
AA38: =AA37 -> 41445 | AB38: =AB37+20 -> 130 | AC38: {=_xlfn.XLOOKUP(1,('2013 E Maize Soil VWC'!$C$2:$C$4000=$AA38)*('2013 E Maize Soil VWC'!$E$2:$E$4000=$AB38)*('2013 E Maize Soil VWC'!$F$2:$F$4000=AC$5),'2013 E Maize Soil VWC'!$G$2:$G$4000)} -> 0.30817104 | AD38: {=_xlfn.XLOOKUP(1,('2013 E Maize Soil VWC'!$C$2:$C$4000=$AA38)*('2013 E Maize Soil VWC'!$E$2:$E$4000=$AB38)*('2013 E Maize Soil VWC'!$F$2:$F$4000=AD$5),'2013 E Maize Soil VWC'!$G$2:$G$4000)} -> 0.30905194 | AE38: {=_xlfn.XLOOKUP(1,('2013 E Maize Soil VWC'!$C$2:$C$4000=$AA38)*('2013 E Maize Soil VWC'!$E$2:$E$4000=$AB38)*('2013 E Maize Soil VWC'!$F$2:$F$4000=AE$5),'2013 E Maize Soil VWC'!$G$2:$G$4000)} -> 0.30674202 | AF38: {=_xlfn.XLOOKUP(1,('2013 E Maize Soil VWC'!$C$2:$C$4000=$AA38)*('2013 E Maize Soil VWC'!$E$2:$E$4000=$AB38)*('2013 E Maize Soil VWC'!$F$2:$F$4000=AF$5),'2013 E Maize Soil VWC'!$G$2:$G$4000)} -> 0.30359036 | AG38: {=_xlfn.XLOOKUP(1,('2013 E Maize Soil VWC'!$C$2:$C$4000=$AA38)*('2013 E Maize Soil VWC'!$E$2:$E$4000=$AB38)*('2013 E Maize Soil VWC'!$F$2:$F$4000=AG$5),'2013 E Maize Soil VWC'!$G$2:$G$4000)} -> 0.31290832 | AH38: {=_xlfn.XLOOKUP(1,('2013 E Maize Soil VWC'!$C$2:$C$4000=$AA38)*('2013 E Maize Soil VWC'!$E$2:$E$4000=$AB38)*('2013 E Maize Soil VWC'!$F$2:$F$4000=AH$5),'2013 E Maize Soil VWC'!$G$2:$G$4000)} -> 0.30306182 | AI38: {=_xlfn.XLOOKUP(1,('2013 E Maize Soil VWC'!$C$2:$C$4000=$AA38)*('2013 E Maize Soil VWC'!$E$2:$E$4000=$AB38)*('2013 E Maize Soil VWC'!$F$2:$F$4000=AI$5),'2013 E Maize Soil VWC'!$G$2:$G$4000)} -> 0.31480715 | AJ38: {=_xlfn.XLOOKUP(1,('2013 E Maize Soil VWC'!$C$2:$C$4000=$AA38)*('2013 E Maize Soil VWC'!$E$2:$E$4000=$AB38)*('2013 E Maize Soil VWC'!$F$2:$F$4000=AJ$5),'2013 E Maize Soil VWC'!$G$2:$G$4000)} -> 0.33958982 | ... AV38: {=_xlfn.XLOOKUP(1,('2013 E Maize Soil VWC'!$C$2:$C$4000=$AA38)*('2013 E Maize Soil VWC'!$E$2:$E$4000=$AB38)*('2013 E Maize Soil VWC'!$F$2:$F$4000=AV$5),'2013 E Maize Soil VWC'!$G$2:$G$4000)} -> 0.30094765
AA39: =AA38 -> 41445 | AB39: =AB38+20 -> 150 | AC39: {=_xlfn.XLOOKUP(1,('2013 E Maize Soil VWC'!$C$2:$C$4000=$AA39)*('2013 E Maize Soil VWC'!$E$2:$E$4000=$AB39)*('2013 E Maize Soil VWC'!$F$2:$F$4000=AC$5),'2013 E Maize Soil VWC'!$G$2:$G$4000)} -> 0.33637943 | AD39: {=_xlfn.XLOOKUP(1,('2013 E Maize Soil VWC'!$C$2:$C$4000=$AA39)*('2013 E Maize Soil VWC'!$E$2:$E$4000=$AB39)*('2013 E Maize Soil VWC'!$F$2:$F$4000=AD$5),'2013 E Maize Soil VWC'!$G$2:$G$4000)} -> 0.3301544 | AE39: {=_xlfn.XLOOKUP(1,('2013 E Maize Soil VWC'!$C$2:$C$4000=$AA39)*('2013 E Maize Soil VWC'!$E$2:$E$4000=$AB39)*('2013 E Maize Soil VWC'!$F$2:$F$4000=AE$5),'2013 E Maize Soil VWC'!$G$2:$G$4000)} -> 0.31337814 | AF39: {=_xlfn.XLOOKUP(1,('2013 E Maize Soil VWC'!$C$2:$C$4000=$AA39)*('2013 E Maize Soil VWC'!$E$2:$E$4000=$AB39)*('2013 E Maize Soil VWC'!$F$2:$F$4000=AF$5),'2013 E Maize Soil VWC'!$G$2:$G$4000)} -> 0.3023571 | AG39: {=_xlfn.XLOOKUP(1,('2013 E Maize Soil VWC'!$C$2:$C$4000=$AA39)*('2013 E Maize Soil VWC'!$E$2:$E$4000=$AB39)*('2013 E Maize Soil VWC'!$F$2:$F$4000=AG$5),'2013 E Maize Soil VWC'!$G$2:$G$4000)} -> 0.35525027 | AH39: {=_xlfn.XLOOKUP(1,('2013 E Maize Soil VWC'!$C$2:$C$4000=$AA39)*('2013 E Maize Soil VWC'!$E$2:$E$4000=$AB39)*('2013 E Maize Soil VWC'!$F$2:$F$4000=AH$5),'2013 E Maize Soil VWC'!$G$2:$G$4000)} -> 0.34352451 | AI39: {=_xlfn.XLOOKUP(1,('2013 E Maize Soil VWC'!$C$2:$C$4000=$AA39)*('2013 E Maize Soil VWC'!$E$2:$E$4000=$AB39)*('2013 E Maize Soil VWC'!$F$2:$F$4000=AI$5),'2013 E Maize Soil VWC'!$G$2:$G$4000)} -> 0.32755085 | AJ39: {=_xlfn.XLOOKUP(1,('2013 E Maize Soil VWC'!$C$2:$C$4000=$AA39)*('2013 E Maize Soil VWC'!$E$2:$E$4000=$AB39)*('2013 E Maize Soil VWC'!$F$2:$F$4000=AJ$5),'2013 E Maize Soil VWC'!$G$2:$G$4000)} -> 0.34023581 | ... AV39: {=_xlfn.XLOOKUP(1,('2013 E Maize Soil VWC'!$C$2:$C$4000=$AA39)*('2013 E Maize Soil VWC'!$E$2:$E$4000=$AB39)*('2013 E Maize Soil VWC'!$F$2:$F$4000=AV$5),'2013 E Maize Soil VWC'!$G$2:$G$4000)} -> 0.34651957
AA40: =AA39 -> 41445 | AB40: =AB39+20 -> 170 | AC40: {=_xlfn.XLOOKUP(1,('2013 E Maize Soil VWC'!$C$2:$C$4000=$AA40)*('2013 E Maize Soil VWC'!$E$2:$E$4000=$AB40)*('2013 E Maize Soil VWC'!$F$2:$F$4000=AC$5),'2013 E Maize Soil VWC'!$G$2:$G$4000)} -> 0.27626287 | AD40: {=_xlfn.XLOOKUP(1,('2013 E Maize Soil VWC'!$C$2:$C$4000=$AA40)*('2013 E Maize Soil VWC'!$E$2:$E$4000=$AB40)*('2013 E Maize Soil VWC'!$F$2:$F$4000=AD$5),'2013 E Maize Soil VWC'!$G$2:$G$4000)} -> 0.27070341 | AE40: {=_xlfn.XLOOKUP(1,('2013 E Maize Soil VWC'!$C$2:$C$4000=$AA40)*('2013 E Maize Soil VWC'!$E$2:$E$4000=$AB40)*('2013 E Maize Soil VWC'!$F$2:$F$4000=AE$5),'2013 E Maize Soil VWC'!$G$2:$G$4000)} -> 0.29317616 | AF40: {=_xlfn.XLOOKUP(1,('2013 E Maize Soil VWC'!$C$2:$C$4000=$AA40)*('2013 E Maize Soil VWC'!$E$2:$E$4000=$AB40)*('2013 E Maize Soil VWC'!$F$2:$F$4000=AF$5),'2013 E Maize Soil VWC'!$G$2:$G$4000)} -> 0.29619079 | AG40: {=_xlfn.XLOOKUP(1,('2013 E Maize Soil VWC'!$C$2:$C$4000=$AA40)*('2013 E Maize Soil VWC'!$E$2:$E$4000=$AB40)*('2013 E Maize Soil VWC'!$F$2:$F$4000=AG$5),'2013 E Maize Soil VWC'!$G$2:$G$4000)} -> 0.32187393 | AH40: {=_xlfn.XLOOKUP(1,('2013 E Maize Soil VWC'!$C$2:$C$4000=$AA40)*('2013 E Maize Soil VWC'!$E$2:$E$4000=$AB40)*('2013 E Maize Soil VWC'!$F$2:$F$4000=AH$5),'2013 E Maize Soil VWC'!$G$2:$G$4000)} -> 0.32819684 | AI40: {=_xlfn.XLOOKUP(1,('2013 E Maize Soil VWC'!$C$2:$C$4000=$AA40)*('2013 E Maize Soil VWC'!$E$2:$E$4000=$AB40)*('2013 E Maize Soil VWC'!$F$2:$F$4000=AI$5),'2013 E Maize Soil VWC'!$G$2:$G$4000)} -> 0.29996888 | AJ40: {=_xlfn.XLOOKUP(1,('2013 E Maize Soil VWC'!$C$2:$C$4000=$AA40)*('2013 E Maize Soil VWC'!$E$2:$E$4000=$AB40)*('2013 E Maize Soil VWC'!$F$2:$F$4000=AJ$5),'2013 E Maize Soil VWC'!$G$2:$G$4000)} -> 0.30883661 | ... AV40: {=_xlfn.XLOOKUP(1,('2013 E Maize Soil VWC'!$C$2:$C$4000=$AA40)*('2013 E Maize Soil VWC'!$E$2:$E$4000=$AB40)*('2013 E Maize Soil VWC'!$F$2:$F$4000=AV$5),'2013 E Maize Soil VWC'!$G$2:$G$4000)} -> 0.32293101
AA41: =AA40 -> 41445 | AB41: =AB40+20 -> 190 | AC41: {=_xlfn.XLOOKUP(1,('2013 E Maize Soil VWC'!$C$2:$C$4000=$AA41)*('2013 E Maize Soil VWC'!$E$2:$E$4000=$AB41)*('2013 E Maize Soil VWC'!$F$2:$F$4000=AC$5),'2013 E Maize Soil VWC'!$G$2:$G$4000)} -> 0.29309785 | AD41: {=_xlfn.XLOOKUP(1,('2013 E Maize Soil VWC'!$C$2:$C$4000=$AA41)*('2013 E Maize Soil VWC'!$E$2:$E$4000=$AB41)*('2013 E Maize Soil VWC'!$F$2:$F$4000=AD$5),'2013 E Maize Soil VWC'!$G$2:$G$4000)} -> 0.29145351 | AE41: {=_xlfn.XLOOKUP(1,('2013 E Maize Soil VWC'!$C$2:$C$4000=$AA41)*('2013 E Maize Soil VWC'!$E$2:$E$4000=$AB41)*('2013 E Maize Soil VWC'!$F$2:$F$4000=AE$5),'2013 E Maize Soil VWC'!$G$2:$G$4000)} -> 0.29437026 | AF41: {=_xlfn.XLOOKUP(1,('2013 E Maize Soil VWC'!$C$2:$C$4000=$AA41)*('2013 E Maize Soil VWC'!$E$2:$E$4000=$AB41)*('2013 E Maize Soil VWC'!$F$2:$F$4000=AF$5),'2013 E Maize Soil VWC'!$G$2:$G$4000)} -> 0.29808962 | AG41: {=_xlfn.XLOOKUP(1,('2013 E Maize Soil VWC'!$C$2:$C$4000=$AA41)*('2013 E Maize Soil VWC'!$E$2:$E$4000=$AB41)*('2013 E Maize Soil VWC'!$F$2:$F$4000=AG$5),'2013 E Maize Soil VWC'!$G$2:$G$4000)} -> 0.32512348 | AH41: {=_xlfn.XLOOKUP(1,('2013 E Maize Soil VWC'!$C$2:$C$4000=$AA41)*('2013 E Maize Soil VWC'!$E$2:$E$4000=$AB41)*('2013 E Maize Soil VWC'!$F$2:$F$4000=AH$5),'2013 E Maize Soil VWC'!$G$2:$G$4000)} -> 0.33859147 | AI41: {=_xlfn.XLOOKUP(1,('2013 E Maize Soil VWC'!$C$2:$C$4000=$AA41)*('2013 E Maize Soil VWC'!$E$2:$E$4000=$AB41)*('2013 E Maize Soil VWC'!$F$2:$F$4000=AI$5),'2013 E Maize Soil VWC'!$G$2:$G$4000)} -> 0.2861681 | AJ41: {=_xlfn.XLOOKUP(1,('2013 E Maize Soil VWC'!$C$2:$C$4000=$AA41)*('2013 E Maize Soil VWC'!$E$2:$E$4000=$AB41)*('2013 E Maize Soil VWC'!$F$2:$F$4000=AJ$5),'2013 E Maize Soil VWC'!$G$2:$G$4000)} -> 0.29859859 | ... AV41: {=_xlfn.XLOOKUP(1,('2013 E Maize Soil VWC'!$C$2:$C$4000=$AA41)*('2013 E Maize Soil VWC'!$E$2:$E$4000=$AB41)*('2013 E Maize Soil VWC'!$F$2:$F$4000=AV$5),'2013 E Maize Soil VWC'!$G$2:$G$4000)} -> 0.30474531
AA42: =AA41 -> 41445 | AB42: =AB41+20 -> 210 | AC42: {=_xlfn.XLOOKUP(1,('2013 E Maize Soil VWC'!$C$2:$C$4000=$AA42)*('2013 E Maize Soil VWC'!$E$2:$E$4000=$AB42)*('2013 E Maize Soil VWC'!$F$2:$F$4000=AC$5),'2013 E Maize Soil VWC'!$G$2:$G$4000)} -> 0.30362951 | AD42: {=_xlfn.XLOOKUP(1,('2013 E Maize Soil VWC'!$C$2:$C$4000=$AA42)*('2013 E Maize Soil VWC'!$E$2:$E$4000=$AB42)*('2013 E Maize Soil VWC'!$F$2:$F$4000=AD$5),'2013 E Maize Soil VWC'!$G$2:$G$4000)} -> 0.29992973 | AE42: {=_xlfn.XLOOKUP(1,('2013 E Maize Soil VWC'!$C$2:$C$4000=$AA42)*('2013 E Maize Soil VWC'!$E$2:$E$4000=$AB42)*('2013 E Maize Soil VWC'!$F$2:$F$4000=AE$5),'2013 E Maize Soil VWC'!$G$2:$G$4000)} -> 0.27536239 | AF42: {=_xlfn.XLOOKUP(1,('2013 E Maize Soil VWC'!$C$2:$C$4000=$AA42)*('2013 E Maize Soil VWC'!$E$2:$E$4000=$AB42)*('2013 E Maize Soil VWC'!$F$2:$F$4000=AF$5),'2013 E Maize Soil VWC'!$G$2:$G$4000)} -> 0.29176671 | AG42: {=_xlfn.XLOOKUP(1,('2013 E Maize Soil VWC'!$C$2:$C$4000=$AA42)*('2013 E Maize Soil VWC'!$E$2:$E$4000=$AB42)*('2013 E Maize Soil VWC'!$F$2:$F$4000=AG$5),'2013 E Maize Soil VWC'!$G$2:$G$4000)} -> #N/A | AH42: {=_xlfn.XLOOKUP(1,('2013 E Maize Soil VWC'!$C$2:$C$4000=$AA42)*('2013 E Maize Soil VWC'!$E$2:$E$4000=$AB42)*('2013 E Maize Soil VWC'!$F$2:$F$4000=AH$5),'2013 E Maize Soil VWC'!$G$2:$G$4000)} -> #N/A | AI42: {=_xlfn.XLOOKUP(1,('2013 E Maize Soil VWC'!$C$2:$C$4000=$AA42)*('2013 E Maize Soil VWC'!$E$2:$E$4000=$AB42)*('2013 E Maize Soil VWC'!$F$2:$F$4000=AI$5),'2013 E Maize Soil VWC'!$G$2:$G$4000)} -> 0.28507187 | AJ42: {=_xlfn.XLOOKUP(1,('2013 E Maize Soil VWC'!$C$2:$C$4000=$AA42)*('2013 E Maize Soil VWC'!$E$2:$E$4000=$AB42)*('2013 E Maize Soil VWC'!$F$2:$F$4000=AJ$5),'2013 E Maize Soil VWC'!$G$2:$G$4000)} -> 0.30223964 | ... AV42: {=_xlfn.XLOOKUP(1,('2013 E Maize Soil VWC'!$C$2:$C$4000=$AA42)*('2013 E Maize Soil VWC'!$E$2:$E$4000=$AB42)*('2013 E Maize Soil VWC'!$F$2:$F$4000=AV$5),'2013 E Maize Soil VWC'!$G$2:$G$4000)} -> 0.30202431
AA43: =AA42 -> 41445 | AB43: =AB42+20 -> 230 | AC43: {=_xlfn.XLOOKUP(1,('2013 E Maize Soil VWC'!$C$2:$C$4000=$AA43)*('2013 E Maize Soil VWC'!$E$2:$E$4000=$AB43)*('2013 E Maize Soil VWC'!$F$2:$F$4000=AC$5),'2013 E Maize Soil VWC'!$G$2:$G$4000)} -> 0.29652358 | AD43: {=_xlfn.XLOOKUP(1,('2013 E Maize Soil VWC'!$C$2:$C$4000=$AA43)*('2013 E Maize Soil VWC'!$E$2:$E$4000=$AB43)*('2013 E Maize Soil VWC'!$F$2:$F$4000=AD$5),'2013 E Maize Soil VWC'!$G$2:$G$4000)} -> 0.30169153 | AE43: {=_xlfn.XLOOKUP(1,('2013 E Maize Soil VWC'!$C$2:$C$4000=$AA43)*('2013 E Maize Soil VWC'!$E$2:$E$4000=$AB43)*('2013 E Maize Soil VWC'!$F$2:$F$4000=AE$5),'2013 E Maize Soil VWC'!$G$2:$G$4000)} -> 0.28990704 | AF43: {=_xlfn.XLOOKUP(1,('2013 E Maize Soil VWC'!$C$2:$C$4000=$AA43)*('2013 E Maize Soil VWC'!$E$2:$E$4000=$AB43)*('2013 E Maize Soil VWC'!$F$2:$F$4000=AF$5),'2013 E Maize Soil VWC'!$G$2:$G$4000)} -> 0.28687282 | AG43: {=_xlfn.XLOOKUP(1,('2013 E Maize Soil VWC'!$C$2:$C$4000=$AA43)*('2013 E Maize Soil VWC'!$E$2:$E$4000=$AB43)*('2013 E Maize Soil VWC'!$F$2:$F$4000=AG$5),'2013 E Maize Soil VWC'!$G$2:$G$4000)} -> #N/A | AH43: {=_xlfn.XLOOKUP(1,('2013 E Maize Soil VWC'!$C$2:$C$4000=$AA43)*('2013 E Maize Soil VWC'!$E$2:$E$4000=$AB43)*('2013 E Maize Soil VWC'!$F$2:$F$4000=AH$5),'2013 E Maize Soil VWC'!$G$2:$G$4000)} -> #N/A | AI43: {=_xlfn.XLOOKUP(1,('2013 E Maize Soil VWC'!$C$2:$C$4000=$AA43)*('2013 E Maize Soil VWC'!$E$2:$E$4000=$AB43)*('2013 E Maize Soil VWC'!$F$2:$F$4000=AI$5),'2013 E Maize Soil VWC'!$G$2:$G$4000)} -> 0.2860898 | AJ43: {=_xlfn.XLOOKUP(1,('2013 E Maize Soil VWC'!$C$2:$C$4000=$AA43)*('2013 E Maize Soil VWC'!$E$2:$E$4000=$AB43)*('2013 E Maize Soil VWC'!$F$2:$F$4000=AJ$5),'2013 E Maize Soil VWC'!$G$2:$G$4000)} -> 0.31134228 | ... AV43: {=_xlfn.XLOOKUP(1,('2013 E Maize Soil VWC'!$C$2:$C$4000=$AA43)*('2013 E Maize Soil VWC'!$E$2:$E$4000=$AB43)*('2013 E Maize Soil VWC'!$F$2:$F$4000=AV$5),'2013 E Maize Soil VWC'!$G$2:$G$4000)} -> 0.30182856
Y45: 2013 | Z45: 176 | AA45: =DATE(Y45,1,Z45) -> 41450 | AB45: 10 | AC45: {=_xlfn.XLOOKUP(1,('2013 E Maize Soil VWC'!$C$2:$C$4000=$AA45)*('2013 E Maize Soil VWC'!$E$2:$E$4000=$AB45)*('2013 E Maize Soil VWC'!$F$2:$F$4000=AC$5),'2013 E Maize Soil VWC'!$G$2:$G$4000)} -> 0.26782625 | AD45: {=_xlfn.XLOOKUP(1,('2013 E Maize Soil VWC'!$C$2:$C$4000=$AA45)*('2013 E Maize Soil VWC'!$E$2:$E$4000=$AB45)*('2013 E Maize Soil VWC'!$F$2:$F$4000=AD$5),'2013 E Maize Soil VWC'!$G$2:$G$4000)} -> 0.25264434 | AE45: {=_xlfn.XLOOKUP(1,('2013 E Maize Soil VWC'!$C$2:$C$4000=$AA45)*('2013 E Maize Soil VWC'!$E$2:$E$4000=$AB45)*('2013 E Maize Soil VWC'!$F$2:$F$4000=AE$5),'2013 E Maize Soil VWC'!$G$2:$G$4000)} -> 0.25671471 | AF45: {=_xlfn.XLOOKUP(1,('2013 E Maize Soil VWC'!$C$2:$C$4000=$AA45)*('2013 E Maize Soil VWC'!$E$2:$E$4000=$AB45)*('2013 E Maize Soil VWC'!$F$2:$F$4000=AF$5),'2013 E Maize Soil VWC'!$G$2:$G$4000)} -> 0.22283996 | AG45: {=_xlfn.XLOOKUP(1,('2013 E Maize Soil VWC'!$C$2:$C$4000=$AA45)*('2013 E Maize Soil VWC'!$E$2:$E$4000=$AB45)*('2013 E Maize Soil VWC'!$F$2:$F$4000=AG$5),'2013 E Maize Soil VWC'!$G$2:$G$4000)} -> 0.21718774 | AH45: {=_xlfn.XLOOKUP(1,('2013 E Maize Soil VWC'!$C$2:$C$4000=$AA45)*('2013 E Maize Soil VWC'!$E$2:$E$4000=$AB45)*('2013 E Maize Soil VWC'!$F$2:$F$4000=AH$5),'2013 E Maize Soil VWC'!$G$2:$G$4000)} -> 0.20997296 | AI45: {=_xlfn.XLOOKUP(1,('2013 E Maize Soil VWC'!$C$2:$C$4000=$AA45)*('2013 E Maize Soil VWC'!$E$2:$E$4000=$AB45)*('2013 E Maize Soil VWC'!$F$2:$F$4000=AI$5),'2013 E Maize Soil VWC'!$G$2:$G$4000)} -> 0.22882013 | AJ45: {=_xlfn.XLOOKUP(1,('2013 E Maize Soil VWC'!$C$2:$C$4000=$AA45)*('2013 E Maize Soil VWC'!$E$2:$E$4000=$AB45)*('2013 E Maize Soil VWC'!$F$2:$F$4000=AJ$5),'2013 E Maize Soil VWC'!$G$2:$G$4000)} -> 0.20856473 | ... AV45: {=_xlfn.XLOOKUP(1,('2013 E Maize Soil VWC'!$C$2:$C$4000=$AA45)*('2013 E Maize Soil VWC'!$E$2:$E$4000=$AB45)*('2013 E Maize Soil VWC'!$F$2:$F$4000=AV$5),'2013 E Maize Soil VWC'!$G$2:$G$4000)} -> 0.21068672 | AW45: =Z45 -> 176 | AX45: =AA45 -> 41450 | AY45: =1400*AVERAGE(AG45:AH51)+100*AVERAGE(AG52:AH52) -> 475.36297 | AZ45: =1400*AVERAGE(AC45:AF51,AI45:AL51)+100*AVERAGE(AC52:AF52,AI52:AL52) -> 488.56182 | BA45: =1400*AVERAGE(AQ45:AR51)+100*AVERAGE(AQ52:AR52) -> 460.79909 | BB45: =1400*AVERAGE(AM45:AP51,AS45:AV51)+100*AVERAGE(AM52:AP52,AS52:AV52) -> 481.37142 | BC45: =AVERAGE(AC45:AD56)*2400 -> 761.10965 | BD45: =AVERAGE(AE45:AF56)*2400 -> 743.99529 | BE45: =AVERAGE(AG45:AH54)*2000 -> 643.6486 | BF45: =AVERAGE(AI45:AJ56)*2400 -> 761.08425 | BG45: =AVERAGE(AK45:AL56)*2400 -> 760.05023 | BH45: =AVERAGE(AM45:AN56)*2400 -> 767.8633 | BI45: =AVERAGE(AO45:AP56)*2400 -> 752.43746 | BJ45: =AVERAGE(AQ45:AR54)*2000 -> 624.65771 | BK45: =AVERAGE(AS45:AT56)*2400 -> 770.94408 | BL45: =AVERAGE(AU45:AV56)*2400 -> 752.89625
AA46: =AA45 -> 41450 | AB46: =AB45+20 -> 30 | AC46: {=_xlfn.XLOOKUP(1,('2013 E Maize Soil VWC'!$C$2:$C$4000=$AA46)*('2013 E Maize Soil VWC'!$E$2:$E$4000=$AB46)*('2013 E Maize Soil VWC'!$F$2:$F$4000=AC$5),'2013 E Maize Soil VWC'!$G$2:$G$4000)} -> 0.34733157 | AD46: {=_xlfn.XLOOKUP(1,('2013 E Maize Soil VWC'!$C$2:$C$4000=$AA46)*('2013 E Maize Soil VWC'!$E$2:$E$4000=$AB46)*('2013 E Maize Soil VWC'!$F$2:$F$4000=AD$5),'2013 E Maize Soil VWC'!$G$2:$G$4000)} -> 0.33832725 | AE46: {=_xlfn.XLOOKUP(1,('2013 E Maize Soil VWC'!$C$2:$C$4000=$AA46)*('2013 E Maize Soil VWC'!$E$2:$E$4000=$AB46)*('2013 E Maize Soil VWC'!$F$2:$F$4000=AE$5),'2013 E Maize Soil VWC'!$G$2:$G$4000)} -> 0.35361847 | AF46: {=_xlfn.XLOOKUP(1,('2013 E Maize Soil VWC'!$C$2:$C$4000=$AA46)*('2013 E Maize Soil VWC'!$E$2:$E$4000=$AB46)*('2013 E Maize Soil VWC'!$F$2:$F$4000=AF$5),'2013 E Maize Soil VWC'!$G$2:$G$4000)} -> 0.32425655 | AG46: {=_xlfn.XLOOKUP(1,('2013 E Maize Soil VWC'!$C$2:$C$4000=$AA46)*('2013 E Maize Soil VWC'!$E$2:$E$4000=$AB46)*('2013 E Maize Soil VWC'!$F$2:$F$4000=AG$5),'2013 E Maize Soil VWC'!$G$2:$G$4000)} -> 0.33190217 | AH46: {=_xlfn.XLOOKUP(1,('2013 E Maize Soil VWC'!$C$2:$C$4000=$AA46)*('2013 E Maize Soil VWC'!$E$2:$E$4000=$AB46)*('2013 E Maize Soil VWC'!$F$2:$F$4000=AH$5),'2013 E Maize Soil VWC'!$G$2:$G$4000)} -> 0.32121673 | AI46: {=_xlfn.XLOOKUP(1,('2013 E Maize Soil VWC'!$C$2:$C$4000=$AA46)*('2013 E Maize Soil VWC'!$E$2:$E$4000=$AB46)*('2013 E Maize Soil VWC'!$F$2:$F$4000=AI$5),'2013 E Maize Soil VWC'!$G$2:$G$4000)} -> 0.33993927 | AJ46: {=_xlfn.XLOOKUP(1,('2013 E Maize Soil VWC'!$C$2:$C$4000=$AA46)*('2013 E Maize Soil VWC'!$E$2:$E$4000=$AB46)*('2013 E Maize Soil VWC'!$F$2:$F$4000=AJ$5),'2013 E Maize Soil VWC'!$G$2:$G$4000)} -> 0.33422809 | ... AV46: {=_xlfn.XLOOKUP(1,('2013 E Maize Soil VWC'!$C$2:$C$4000=$AA46)*('2013 E Maize Soil VWC'!$E$2:$E$4000=$AB46)*('2013 E Maize Soil VWC'!$F$2:$F$4000=AV$5),'2013 E Maize Soil VWC'!$G$2:$G$4000)} -> 0.34323241
AA47: =AA46 -> 41450 | AB47: =AB46+20 -> 50 | AC47: {=_xlfn.XLOOKUP(1,('2013 E Maize Soil VWC'!$C$2:$C$4000=$AA47)*('2013 E Maize Soil VWC'!$E$2:$E$4000=$AB47)*('2013 E Maize Soil VWC'!$F$2:$F$4000=AC$5),'2013 E Maize Soil VWC'!$G$2:$G$4000)} -> 0.34894359 | AD47: {=_xlfn.XLOOKUP(1,('2013 E Maize Soil VWC'!$C$2:$C$4000=$AA47)*('2013 E Maize Soil VWC'!$E$2:$E$4000=$AB47)*('2013 E Maize Soil VWC'!$F$2:$F$4000=AD$5),'2013 E Maize Soil VWC'!$G$2:$G$4000)} -> 0.36220827 | AE47: {=_xlfn.XLOOKUP(1,('2013 E Maize Soil VWC'!$C$2:$C$4000=$AA47)*('2013 E Maize Soil VWC'!$E$2:$E$4000=$AB47)*('2013 E Maize Soil VWC'!$F$2:$F$4000=AE$5),'2013 E Maize Soil VWC'!$G$2:$G$4000)} -> 0.35792489 | AF47: {=_xlfn.XLOOKUP(1,('2013 E Maize Soil VWC'!$C$2:$C$4000=$AA47)*('2013 E Maize Soil VWC'!$E$2:$E$4000=$AB47)*('2013 E Maize Soil VWC'!$F$2:$F$4000=AF$5),'2013 E Maize Soil VWC'!$G$2:$G$4000)} -> 0.34641041 | AG47: {=_xlfn.XLOOKUP(1,('2013 E Maize Soil VWC'!$C$2:$C$4000=$AA47)*('2013 E Maize Soil VWC'!$E$2:$E$4000=$AB47)*('2013 E Maize Soil VWC'!$F$2:$F$4000=AG$5),'2013 E Maize Soil VWC'!$G$2:$G$4000)} -> 0.33887994 | AH47: {=_xlfn.XLOOKUP(1,('2013 E Maize Soil VWC'!$C$2:$C$4000=$AA47)*('2013 E Maize Soil VWC'!$E$2:$E$4000=$AB47)*('2013 E Maize Soil VWC'!$F$2:$F$4000=AH$5),'2013 E Maize Soil VWC'!$G$2:$G$4000)} -> 0.34562742 | AI47: {=_xlfn.XLOOKUP(1,('2013 E Maize Soil VWC'!$C$2:$C$4000=$AA47)*('2013 E Maize Soil VWC'!$E$2:$E$4000=$AB47)*('2013 E Maize Soil VWC'!$F$2:$F$4000=AI$5),'2013 E Maize Soil VWC'!$G$2:$G$4000)} -> 0.36329063 | AJ47: {=_xlfn.XLOOKUP(1,('2013 E Maize Soil VWC'!$C$2:$C$4000=$AA47)*('2013 E Maize Soil VWC'!$E$2:$E$4000=$AB47)*('2013 E Maize Soil VWC'!$F$2:$F$4000=AJ$5),'2013 E Maize Soil VWC'!$G$2:$G$4000)} -> 0.34740065 | ... AV47: {=_xlfn.XLOOKUP(1,('2013 E Maize Soil VWC'!$C$2:$C$4000=$AA47)*('2013 E Maize Soil VWC'!$E$2:$E$4000=$AB47)*('2013 E Maize Soil VWC'!$F$2:$F$4000=AV$5),'2013 E Maize Soil VWC'!$G$2:$G$4000)} -> 0.358017
AA48: =AA47 -> 41450 | AB48: =AB47+20 -> 70 | AC48: {=_xlfn.XLOOKUP(1,('2013 E Maize Soil VWC'!$C$2:$C$4000=$AA48)*('2013 E Maize Soil VWC'!$E$2:$E$4000=$AB48)*('2013 E Maize Soil VWC'!$F$2:$F$4000=AC$5),'2013 E Maize Soil VWC'!$G$2:$G$4000)} -> 0.34677887 | AD48: {=_xlfn.XLOOKUP(1,('2013 E Maize Soil VWC'!$C$2:$C$4000=$AA48)*('2013 E Maize Soil VWC'!$E$2:$E$4000=$AB48)*('2013 E Maize Soil VWC'!$F$2:$F$4000=AD$5),'2013 E Maize Soil VWC'!$G$2:$G$4000)} -> 0.35327304 | AE48: {=_xlfn.XLOOKUP(1,('2013 E Maize Soil VWC'!$C$2:$C$4000=$AA48)*('2013 E Maize Soil VWC'!$E$2:$E$4000=$AB48)*('2013 E Maize Soil VWC'!$F$2:$F$4000=AE$5),'2013 E Maize Soil VWC'!$G$2:$G$4000)} -> 0.34993384 | AF48: {=_xlfn.XLOOKUP(1,('2013 E Maize Soil VWC'!$C$2:$C$4000=$AA48)*('2013 E Maize Soil VWC'!$E$2:$E$4000=$AB48)*('2013 E Maize Soil VWC'!$F$2:$F$4000=AF$5),'2013 E Maize Soil VWC'!$G$2:$G$4000)} -> 0.34000836 | AG48: {=_xlfn.XLOOKUP(1,('2013 E Maize Soil VWC'!$C$2:$C$4000=$AA48)*('2013 E Maize Soil VWC'!$E$2:$E$4000=$AB48)*('2013 E Maize Soil VWC'!$F$2:$F$4000=AG$5),'2013 E Maize Soil VWC'!$G$2:$G$4000)} -> 0.34233428 | AH48: {=_xlfn.XLOOKUP(1,('2013 E Maize Soil VWC'!$C$2:$C$4000=$AA48)*('2013 E Maize Soil VWC'!$E$2:$E$4000=$AB48)*('2013 E Maize Soil VWC'!$F$2:$F$4000=AH$5),'2013 E Maize Soil VWC'!$G$2:$G$4000)} -> 0.33650796 | AI48: {=_xlfn.XLOOKUP(1,('2013 E Maize Soil VWC'!$C$2:$C$4000=$AA48)*('2013 E Maize Soil VWC'!$E$2:$E$4000=$AB48)*('2013 E Maize Soil VWC'!$F$2:$F$4000=AI$5),'2013 E Maize Soil VWC'!$G$2:$G$4000)} -> 0.35258217 | AJ48: {=_xlfn.XLOOKUP(1,('2013 E Maize Soil VWC'!$C$2:$C$4000=$AA48)*('2013 E Maize Soil VWC'!$E$2:$E$4000=$AB48)*('2013 E Maize Soil VWC'!$F$2:$F$4000=AJ$5),'2013 E Maize Soil VWC'!$G$2:$G$4000)} -> 0.3425876 | ... AV48: {=_xlfn.XLOOKUP(1,('2013 E Maize Soil VWC'!$C$2:$C$4000=$AA48)*('2013 E Maize Soil VWC'!$E$2:$E$4000=$AB48)*('2013 E Maize Soil VWC'!$F$2:$F$4000=AV$5),'2013 E Maize Soil VWC'!$G$2:$G$4000)} -> 0.340515
AA49: =AA48 -> 41450 | AB49: =AB48+20 -> 90 | AC49: {=_xlfn.XLOOKUP(1,('2013 E Maize Soil VWC'!$C$2:$C$4000=$AA49)*('2013 E Maize Soil VWC'!$E$2:$E$4000=$AB49)*('2013 E Maize Soil VWC'!$F$2:$F$4000=AC$5),'2013 E Maize Soil VWC'!$G$2:$G$4000)} -> 0.34267972 | AD49: {=_xlfn.XLOOKUP(1,('2013 E Maize Soil VWC'!$C$2:$C$4000=$AA49)*('2013 E Maize Soil VWC'!$E$2:$E$4000=$AB49)*('2013 E Maize Soil VWC'!$F$2:$F$4000=AD$5),'2013 E Maize Soil VWC'!$G$2:$G$4000)} -> 0.34827575 | AE49: {=_xlfn.XLOOKUP(1,('2013 E Maize Soil VWC'!$C$2:$C$4000=$AA49)*('2013 E Maize Soil VWC'!$E$2:$E$4000=$AB49)*('2013 E Maize Soil VWC'!$F$2:$F$4000=AE$5),'2013 E Maize Soil VWC'!$G$2:$G$4000)} -> 0.33639281 | AF49: {=_xlfn.XLOOKUP(1,('2013 E Maize Soil VWC'!$C$2:$C$4000=$AA49)*('2013 E Maize Soil VWC'!$E$2:$E$4000=$AB49)*('2013 E Maize Soil VWC'!$F$2:$F$4000=AF$5),'2013 E Maize Soil VWC'!$G$2:$G$4000)} -> 0.34115981 | AG49: {=_xlfn.XLOOKUP(1,('2013 E Maize Soil VWC'!$C$2:$C$4000=$AA49)*('2013 E Maize Soil VWC'!$E$2:$E$4000=$AB49)*('2013 E Maize Soil VWC'!$F$2:$F$4000=AG$5),'2013 E Maize Soil VWC'!$G$2:$G$4000)} -> 0.34191976 | AH49: {=_xlfn.XLOOKUP(1,('2013 E Maize Soil VWC'!$C$2:$C$4000=$AA49)*('2013 E Maize Soil VWC'!$E$2:$E$4000=$AB49)*('2013 E Maize Soil VWC'!$F$2:$F$4000=AH$5),'2013 E Maize Soil VWC'!$G$2:$G$4000)} -> 0.3280333 | AI49: {=_xlfn.XLOOKUP(1,('2013 E Maize Soil VWC'!$C$2:$C$4000=$AA49)*('2013 E Maize Soil VWC'!$E$2:$E$4000=$AB49)*('2013 E Maize Soil VWC'!$F$2:$F$4000=AI$5),'2013 E Maize Soil VWC'!$G$2:$G$4000)} -> 0.347677 | AJ49: {=_xlfn.XLOOKUP(1,('2013 E Maize Soil VWC'!$C$2:$C$4000=$AA49)*('2013 E Maize Soil VWC'!$E$2:$E$4000=$AB49)*('2013 E Maize Soil VWC'!$F$2:$F$4000=AJ$5),'2013 E Maize Soil VWC'!$G$2:$G$4000)} -> 0.34081437 | ... AV49: {=_xlfn.XLOOKUP(1,('2013 E Maize Soil VWC'!$C$2:$C$4000=$AA49)*('2013 E Maize Soil VWC'!$E$2:$E$4000=$AB49)*('2013 E Maize Soil VWC'!$F$2:$F$4000=AV$5),'2013 E Maize Soil VWC'!$G$2:$G$4000)} -> 0.33604738
AA50: =AA49 -> 41450 | AB50: =AB49+20 -> 110 | AC50: {=_xlfn.XLOOKUP(1,('2013 E Maize Soil VWC'!$C$2:$C$4000=$AA50)*('2013 E Maize Soil VWC'!$E$2:$E$4000=$AB50)*('2013 E Maize Soil VWC'!$F$2:$F$4000=AC$5),'2013 E Maize Soil VWC'!$G$2:$G$4000)} -> 0.34627224 | AD50: {=_xlfn.XLOOKUP(1,('2013 E Maize Soil VWC'!$C$2:$C$4000=$AA50)*('2013 E Maize Soil VWC'!$E$2:$E$4000=$AB50)*('2013 E Maize Soil VWC'!$F$2:$F$4000=AD$5),'2013 E Maize Soil VWC'!$G$2:$G$4000)} -> 0.33770546 | AE50: {=_xlfn.XLOOKUP(1,('2013 E Maize Soil VWC'!$C$2:$C$4000=$AA50)*('2013 E Maize Soil VWC'!$E$2:$E$4000=$AB50)*('2013 E Maize Soil VWC'!$F$2:$F$4000=AE$5),'2013 E Maize Soil VWC'!$G$2:$G$4000)} -> 0.32837874 | AF50: {=_xlfn.XLOOKUP(1,('2013 E Maize Soil VWC'!$C$2:$C$4000=$AA50)*('2013 E Maize Soil VWC'!$E$2:$E$4000=$AB50)*('2013 E Maize Soil VWC'!$F$2:$F$4000=AF$5),'2013 E Maize Soil VWC'!$G$2:$G$4000)} -> 0.33607041 | AG50: {=_xlfn.XLOOKUP(1,('2013 E Maize Soil VWC'!$C$2:$C$4000=$AA50)*('2013 E Maize Soil VWC'!$E$2:$E$4000=$AB50)*('2013 E Maize Soil VWC'!$F$2:$F$4000=AG$5),'2013 E Maize Soil VWC'!$G$2:$G$4000)} -> 0.34049197 | AH50: {=_xlfn.XLOOKUP(1,('2013 E Maize Soil VWC'!$C$2:$C$4000=$AA50)*('2013 E Maize Soil VWC'!$E$2:$E$4000=$AB50)*('2013 E Maize Soil VWC'!$F$2:$F$4000=AH$5),'2013 E Maize Soil VWC'!$G$2:$G$4000)} -> 0.32704306 | AI50: {=_xlfn.XLOOKUP(1,('2013 E Maize Soil VWC'!$C$2:$C$4000=$AA50)*('2013 E Maize Soil VWC'!$E$2:$E$4000=$AB50)*('2013 E Maize Soil VWC'!$F$2:$F$4000=AI$5),'2013 E Maize Soil VWC'!$G$2:$G$4000)} -> 0.34765397 | AJ50: {=_xlfn.XLOOKUP(1,('2013 E Maize Soil VWC'!$C$2:$C$4000=$AA50)*('2013 E Maize Soil VWC'!$E$2:$E$4000=$AB50)*('2013 E Maize Soil VWC'!$F$2:$F$4000=AJ$5),'2013 E Maize Soil VWC'!$G$2:$G$4000)} -> 0.3431403 | ... AV50: {=_xlfn.XLOOKUP(1,('2013 E Maize Soil VWC'!$C$2:$C$4000=$AA50)*('2013 E Maize Soil VWC'!$E$2:$E$4000=$AB50)*('2013 E Maize Soil VWC'!$F$2:$F$4000=AV$5),'2013 E Maize Soil VWC'!$G$2:$G$4000)} -> 0.32925384
AA51: =AA50 -> 41450 | AB51: =AB50+20 -> 130 | AC51: {=_xlfn.XLOOKUP(1,('2013 E Maize Soil VWC'!$C$2:$C$4000=$AA51)*('2013 E Maize Soil VWC'!$E$2:$E$4000=$AB51)*('2013 E Maize Soil VWC'!$F$2:$F$4000=AC$5),'2013 E Maize Soil VWC'!$G$2:$G$4000)} -> 0.30969793 | AD51: {=_xlfn.XLOOKUP(1,('2013 E Maize Soil VWC'!$C$2:$C$4000=$AA51)*('2013 E Maize Soil VWC'!$E$2:$E$4000=$AB51)*('2013 E Maize Soil VWC'!$F$2:$F$4000=AD$5),'2013 E Maize Soil VWC'!$G$2:$G$4000)} -> 0.31312366 | AE51: {=_xlfn.XLOOKUP(1,('2013 E Maize Soil VWC'!$C$2:$C$4000=$AA51)*('2013 E Maize Soil VWC'!$E$2:$E$4000=$AB51)*('2013 E Maize Soil VWC'!$F$2:$F$4000=AE$5),'2013 E Maize Soil VWC'!$G$2:$G$4000)} -> 0.30417762 | AF51: {=_xlfn.XLOOKUP(1,('2013 E Maize Soil VWC'!$C$2:$C$4000=$AA51)*('2013 E Maize Soil VWC'!$E$2:$E$4000=$AB51)*('2013 E Maize Soil VWC'!$F$2:$F$4000=AF$5),'2013 E Maize Soil VWC'!$G$2:$G$4000)} -> 0.30672245 | AG51: {=_xlfn.XLOOKUP(1,('2013 E Maize Soil VWC'!$C$2:$C$4000=$AA51)*('2013 E Maize Soil VWC'!$E$2:$E$4000=$AB51)*('2013 E Maize Soil VWC'!$F$2:$F$4000=AG$5),'2013 E Maize Soil VWC'!$G$2:$G$4000)} -> 0.3190942 | AH51: {=_xlfn.XLOOKUP(1,('2013 E Maize Soil VWC'!$C$2:$C$4000=$AA51)*('2013 E Maize Soil VWC'!$E$2:$E$4000=$AB51)*('2013 E Maize Soil VWC'!$F$2:$F$4000=AH$5),'2013 E Maize Soil VWC'!$G$2:$G$4000)} -> 0.30249412 | AI51: {=_xlfn.XLOOKUP(1,('2013 E Maize Soil VWC'!$C$2:$C$4000=$AA51)*('2013 E Maize Soil VWC'!$E$2:$E$4000=$AB51)*('2013 E Maize Soil VWC'!$F$2:$F$4000=AI$5),'2013 E Maize Soil VWC'!$G$2:$G$4000)} -> 0.31378923 | AJ51: {=_xlfn.XLOOKUP(1,('2013 E Maize Soil VWC'!$C$2:$C$4000=$AA51)*('2013 E Maize Soil VWC'!$E$2:$E$4000=$AB51)*('2013 E Maize Soil VWC'!$F$2:$F$4000=AJ$5),'2013 E Maize Soil VWC'!$G$2:$G$4000)} -> 0.33346267 | ... AV51: {=_xlfn.XLOOKUP(1,('2013 E Maize Soil VWC'!$C$2:$C$4000=$AA51)*('2013 E Maize Soil VWC'!$E$2:$E$4000=$AB51)*('2013 E Maize Soil VWC'!$F$2:$F$4000=AV$5),'2013 E Maize Soil VWC'!$G$2:$G$4000)} -> 0.299225
AA52: =AA51 -> 41450 | AB52: =AB51+20 -> 150 | AC52: {=_xlfn.XLOOKUP(1,('2013 E Maize Soil VWC'!$C$2:$C$4000=$AA52)*('2013 E Maize Soil VWC'!$E$2:$E$4000=$AB52)*('2013 E Maize Soil VWC'!$F$2:$F$4000=AC$5),'2013 E Maize Soil VWC'!$G$2:$G$4000)} -> 0.33422612 | AD52: {=_xlfn.XLOOKUP(1,('2013 E Maize Soil VWC'!$C$2:$C$4000=$AA52)*('2013 E Maize Soil VWC'!$E$2:$E$4000=$AB52)*('2013 E Maize Soil VWC'!$F$2:$F$4000=AD$5),'2013 E Maize Soil VWC'!$G$2:$G$4000)} -> 0.32782491 | AE52: {=_xlfn.XLOOKUP(1,('2013 E Maize Soil VWC'!$C$2:$C$4000=$AA52)*('2013 E Maize Soil VWC'!$E$2:$E$4000=$AB52)*('2013 E Maize Soil VWC'!$F$2:$F$4000=AE$5),'2013 E Maize Soil VWC'!$G$2:$G$4000)} -> 0.31026562 | AF52: {=_xlfn.XLOOKUP(1,('2013 E Maize Soil VWC'!$C$2:$C$4000=$AA52)*('2013 E Maize Soil VWC'!$E$2:$E$4000=$AB52)*('2013 E Maize Soil VWC'!$F$2:$F$4000=AF$5),'2013 E Maize Soil VWC'!$G$2:$G$4000)} -> 0.29695424 | AG52: {=_xlfn.XLOOKUP(1,('2013 E Maize Soil VWC'!$C$2:$C$4000=$AA52)*('2013 E Maize Soil VWC'!$E$2:$E$4000=$AB52)*('2013 E Maize Soil VWC'!$F$2:$F$4000=AG$5),'2013 E Maize Soil VWC'!$G$2:$G$4000)} -> 0.35495664 | AH52: {=_xlfn.XLOOKUP(1,('2013 E Maize Soil VWC'!$C$2:$C$4000=$AA52)*('2013 E Maize Soil VWC'!$E$2:$E$4000=$AB52)*('2013 E Maize Soil VWC'!$F$2:$F$4000=AH$5),'2013 E Maize Soil VWC'!$G$2:$G$4000)} -> 0.34689151 | AI52: {=_xlfn.XLOOKUP(1,('2013 E Maize Soil VWC'!$C$2:$C$4000=$AA52)*('2013 E Maize Soil VWC'!$E$2:$E$4000=$AB52)*('2013 E Maize Soil VWC'!$F$2:$F$4000=AI$5),'2013 E Maize Soil VWC'!$G$2:$G$4000)} -> 0.33113318 | AJ52: {=_xlfn.XLOOKUP(1,('2013 E Maize Soil VWC'!$C$2:$C$4000=$AA52)*('2013 E Maize Soil VWC'!$E$2:$E$4000=$AB52)*('2013 E Maize Soil VWC'!$F$2:$F$4000=AJ$5),'2013 E Maize Soil VWC'!$G$2:$G$4000)} -> 0.34616721 | ... AV52: {=_xlfn.XLOOKUP(1,('2013 E Maize Soil VWC'!$C$2:$C$4000=$AA52)*('2013 E Maize Soil VWC'!$E$2:$E$4000=$AB52)*('2013 E Maize Soil VWC'!$F$2:$F$4000=AV$5),'2013 E Maize Soil VWC'!$G$2:$G$4000)} -> 0.34473819
AA53: =AA52 -> 41450 | AB53: =AB52+20 -> 170 | AC53: {=_xlfn.XLOOKUP(1,('2013 E Maize Soil VWC'!$C$2:$C$4000=$AA53)*('2013 E Maize Soil VWC'!$E$2:$E$4000=$AB53)*('2013 E Maize Soil VWC'!$F$2:$F$4000=AC$5),'2013 E Maize Soil VWC'!$G$2:$G$4000)} -> 0.27829873 | AD53: {=_xlfn.XLOOKUP(1,('2013 E Maize Soil VWC'!$C$2:$C$4000=$AA53)*('2013 E Maize Soil VWC'!$E$2:$E$4000=$AB53)*('2013 E Maize Soil VWC'!$F$2:$F$4000=AD$5),'2013 E Maize Soil VWC'!$G$2:$G$4000)} -> 0.27356144 | AE53: {=_xlfn.XLOOKUP(1,('2013 E Maize Soil VWC'!$C$2:$C$4000=$AA53)*('2013 E Maize Soil VWC'!$E$2:$E$4000=$AB53)*('2013 E Maize Soil VWC'!$F$2:$F$4000=AE$5),'2013 E Maize Soil VWC'!$G$2:$G$4000)} -> 0.29141435 | AF53: {=_xlfn.XLOOKUP(1,('2013 E Maize Soil VWC'!$C$2:$C$4000=$AA53)*('2013 E Maize Soil VWC'!$E$2:$E$4000=$AB53)*('2013 E Maize Soil VWC'!$F$2:$F$4000=AF$5),'2013 E Maize Soil VWC'!$G$2:$G$4000)} -> 0.29767854 | AG53: {=_xlfn.XLOOKUP(1,('2013 E Maize Soil VWC'!$C$2:$C$4000=$AA53)*('2013 E Maize Soil VWC'!$E$2:$E$4000=$AB53)*('2013 E Maize Soil VWC'!$F$2:$F$4000=AG$5),'2013 E Maize Soil VWC'!$G$2:$G$4000)} -> 0.32759 | AH53: {=_xlfn.XLOOKUP(1,('2013 E Maize Soil VWC'!$C$2:$C$4000=$AA53)*('2013 E Maize Soil VWC'!$E$2:$E$4000=$AB53)*('2013 E Maize Soil VWC'!$F$2:$F$4000=AH$5),'2013 E Maize Soil VWC'!$G$2:$G$4000)} -> 0.33170087 | AI53: {=_xlfn.XLOOKUP(1,('2013 E Maize Soil VWC'!$C$2:$C$4000=$AA53)*('2013 E Maize Soil VWC'!$E$2:$E$4000=$AB53)*('2013 E Maize Soil VWC'!$F$2:$F$4000=AI$5),'2013 E Maize Soil VWC'!$G$2:$G$4000)} -> 0.30257243 | AJ53: {=_xlfn.XLOOKUP(1,('2013 E Maize Soil VWC'!$C$2:$C$4000=$AA53)*('2013 E Maize Soil VWC'!$E$2:$E$4000=$AB53)*('2013 E Maize Soil VWC'!$F$2:$F$4000=AJ$5),'2013 E Maize Soil VWC'!$G$2:$G$4000)} -> 0.31003072 | ... AV53: {=_xlfn.XLOOKUP(1,('2013 E Maize Soil VWC'!$C$2:$C$4000=$AA53)*('2013 E Maize Soil VWC'!$E$2:$E$4000=$AB53)*('2013 E Maize Soil VWC'!$F$2:$F$4000=AV$5),'2013 E Maize Soil VWC'!$G$2:$G$4000)} -> 0.32101261
AA54: =AA53 -> 41450 | AB54: =AB53+20 -> 190 | AC54: {=_xlfn.XLOOKUP(1,('2013 E Maize Soil VWC'!$C$2:$C$4000=$AA54)*('2013 E Maize Soil VWC'!$E$2:$E$4000=$AB54)*('2013 E Maize Soil VWC'!$F$2:$F$4000=AC$5),'2013 E Maize Soil VWC'!$G$2:$G$4000)} -> 0.28646174 | AD54: {=_xlfn.XLOOKUP(1,('2013 E Maize Soil VWC'!$C$2:$C$4000=$AA54)*('2013 E Maize Soil VWC'!$E$2:$E$4000=$AB54)*('2013 E Maize Soil VWC'!$F$2:$F$4000=AD$5),'2013 E Maize Soil VWC'!$G$2:$G$4000)} -> 0.29002449 | AE54: {=_xlfn.XLOOKUP(1,('2013 E Maize Soil VWC'!$C$2:$C$4000=$AA54)*('2013 E Maize Soil VWC'!$E$2:$E$4000=$AB54)*('2013 E Maize Soil VWC'!$F$2:$F$4000=AE$5),'2013 E Maize Soil VWC'!$G$2:$G$4000)} -> 0.2954665 | AF54: {=_xlfn.XLOOKUP(1,('2013 E Maize Soil VWC'!$C$2:$C$4000=$AA54)*('2013 E Maize Soil VWC'!$E$2:$E$4000=$AB54)*('2013 E Maize Soil VWC'!$F$2:$F$4000=AF$5),'2013 E Maize Soil VWC'!$G$2:$G$4000)} -> 0.29955779 | AG54: {=_xlfn.XLOOKUP(1,('2013 E Maize Soil VWC'!$C$2:$C$4000=$AA54)*('2013 E Maize Soil VWC'!$E$2:$E$4000=$AB54)*('2013 E Maize Soil VWC'!$F$2:$F$4000=AG$5),'2013 E Maize Soil VWC'!$G$2:$G$4000)} -> 0.33040888 | AH54: {=_xlfn.XLOOKUP(1,('2013 E Maize Soil VWC'!$C$2:$C$4000=$AA54)*('2013 E Maize Soil VWC'!$E$2:$E$4000=$AB54)*('2013 E Maize Soil VWC'!$F$2:$F$4000=AH$5),'2013 E Maize Soil VWC'!$G$2:$G$4000)} -> 0.34223252 | AI54: {=_xlfn.XLOOKUP(1,('2013 E Maize Soil VWC'!$C$2:$C$4000=$AA54)*('2013 E Maize Soil VWC'!$E$2:$E$4000=$AB54)*('2013 E Maize Soil VWC'!$F$2:$F$4000=AI$5),'2013 E Maize Soil VWC'!$G$2:$G$4000)} -> 0.28822354 | AJ54: {=_xlfn.XLOOKUP(1,('2013 E Maize Soil VWC'!$C$2:$C$4000=$AA54)*('2013 E Maize Soil VWC'!$E$2:$E$4000=$AB54)*('2013 E Maize Soil VWC'!$F$2:$F$4000=AJ$5),'2013 E Maize Soil VWC'!$G$2:$G$4000)} -> 0.29779599 | ... AV54: {=_xlfn.XLOOKUP(1,('2013 E Maize Soil VWC'!$C$2:$C$4000=$AA54)*('2013 E Maize Soil VWC'!$E$2:$E$4000=$AB54)*('2013 E Maize Soil VWC'!$F$2:$F$4000=AV$5),'2013 E Maize Soil VWC'!$G$2:$G$4000)} -> 0.30642881
AA55: =AA54 -> 41450 | AB55: =AB54+20 -> 210 | AC55: {=_xlfn.XLOOKUP(1,('2013 E Maize Soil VWC'!$C$2:$C$4000=$AA55)*('2013 E Maize Soil VWC'!$E$2:$E$4000=$AB55)*('2013 E Maize Soil VWC'!$F$2:$F$4000=AC$5),'2013 E Maize Soil VWC'!$G$2:$G$4000)} -> 0.30357078 | AD55: {=_xlfn.XLOOKUP(1,('2013 E Maize Soil VWC'!$C$2:$C$4000=$AA55)*('2013 E Maize Soil VWC'!$E$2:$E$4000=$AB55)*('2013 E Maize Soil VWC'!$F$2:$F$4000=AD$5),'2013 E Maize Soil VWC'!$G$2:$G$4000)} -> 0.30045827 | AE55: {=_xlfn.XLOOKUP(1,('2013 E Maize Soil VWC'!$C$2:$C$4000=$AA55)*('2013 E Maize Soil VWC'!$E$2:$E$4000=$AB55)*('2013 E Maize Soil VWC'!$F$2:$F$4000=AE$5),'2013 E Maize Soil VWC'!$G$2:$G$4000)} -> 0.27933623 | AF55: {=_xlfn.XLOOKUP(1,('2013 E Maize Soil VWC'!$C$2:$C$4000=$AA55)*('2013 E Maize Soil VWC'!$E$2:$E$4000=$AB55)*('2013 E Maize Soil VWC'!$F$2:$F$4000=AF$5),'2013 E Maize Soil VWC'!$G$2:$G$4000)} -> 0.29127733 | AG55: {=_xlfn.XLOOKUP(1,('2013 E Maize Soil VWC'!$C$2:$C$4000=$AA55)*('2013 E Maize Soil VWC'!$E$2:$E$4000=$AB55)*('2013 E Maize Soil VWC'!$F$2:$F$4000=AG$5),'2013 E Maize Soil VWC'!$G$2:$G$4000)} -> #N/A | AH55: {=_xlfn.XLOOKUP(1,('2013 E Maize Soil VWC'!$C$2:$C$4000=$AA55)*('2013 E Maize Soil VWC'!$E$2:$E$4000=$AB55)*('2013 E Maize Soil VWC'!$F$2:$F$4000=AH$5),'2013 E Maize Soil VWC'!$G$2:$G$4000)} -> #N/A | AI55: {=_xlfn.XLOOKUP(1,('2013 E Maize Soil VWC'!$C$2:$C$4000=$AA55)*('2013 E Maize Soil VWC'!$E$2:$E$4000=$AB55)*('2013 E Maize Soil VWC'!$F$2:$F$4000=AI$5),'2013 E Maize Soil VWC'!$G$2:$G$4000)} -> 0.28691197 | AJ55: {=_xlfn.XLOOKUP(1,('2013 E Maize Soil VWC'!$C$2:$C$4000=$AA55)*('2013 E Maize Soil VWC'!$E$2:$E$4000=$AB55)*('2013 E Maize Soil VWC'!$F$2:$F$4000=AJ$5),'2013 E Maize Soil VWC'!$G$2:$G$4000)} -> 0.30474531 | ... AV55: {=_xlfn.XLOOKUP(1,('2013 E Maize Soil VWC'!$C$2:$C$4000=$AA55)*('2013 E Maize Soil VWC'!$E$2:$E$4000=$AB55)*('2013 E Maize Soil VWC'!$F$2:$F$4000=AV$5),'2013 E Maize Soil VWC'!$G$2:$G$4000)} -> 0.30106511
AA56: =AA55 -> 41450 | AB56: =AB55+20 -> 230 | AC56: {=_xlfn.XLOOKUP(1,('2013 E Maize Soil VWC'!$C$2:$C$4000=$AA56)*('2013 E Maize Soil VWC'!$E$2:$E$4000=$AB56)*('2013 E Maize Soil VWC'!$F$2:$F$4000=AC$5),'2013 E Maize Soil VWC'!$G$2:$G$4000)} -> 0.30039954 | AD56: {=_xlfn.XLOOKUP(1,('2013 E Maize Soil VWC'!$C$2:$C$4000=$AA56)*('2013 E Maize Soil VWC'!$E$2:$E$4000=$AB56)*('2013 E Maize Soil VWC'!$F$2:$F$4000=AD$5),'2013 E Maize Soil VWC'!$G$2:$G$4000)} -> 0.30118256 | AE56: {=_xlfn.XLOOKUP(1,('2013 E Maize Soil VWC'!$C$2:$C$4000=$AA56)*('2013 E Maize Soil VWC'!$E$2:$E$4000=$AB56)*('2013 E Maize Soil VWC'!$F$2:$F$4000=AE$5),'2013 E Maize Soil VWC'!$G$2:$G$4000)} -> 0.28826269 | AF56: {=_xlfn.XLOOKUP(1,('2013 E Maize Soil VWC'!$C$2:$C$4000=$AA56)*('2013 E Maize Soil VWC'!$E$2:$E$4000=$AB56)*('2013 E Maize Soil VWC'!$F$2:$F$4000=AF$5),'2013 E Maize Soil VWC'!$G$2:$G$4000)} -> 0.2851306 | AG56: {=_xlfn.XLOOKUP(1,('2013 E Maize Soil VWC'!$C$2:$C$4000=$AA56)*('2013 E Maize Soil VWC'!$E$2:$E$4000=$AB56)*('2013 E Maize Soil VWC'!$F$2:$F$4000=AG$5),'2013 E Maize Soil VWC'!$G$2:$G$4000)} -> #N/A | AH56: {=_xlfn.XLOOKUP(1,('2013 E Maize Soil VWC'!$C$2:$C$4000=$AA56)*('2013 E Maize Soil VWC'!$E$2:$E$4000=$AB56)*('2013 E Maize Soil VWC'!$F$2:$F$4000=AH$5),'2013 E Maize Soil VWC'!$G$2:$G$4000)} -> #N/A | AI56: {=_xlfn.XLOOKUP(1,('2013 E Maize Soil VWC'!$C$2:$C$4000=$AA56)*('2013 E Maize Soil VWC'!$E$2:$E$4000=$AB56)*('2013 E Maize Soil VWC'!$F$2:$F$4000=AI$5),'2013 E Maize Soil VWC'!$G$2:$G$4000)} -> 0.2888108 | AJ56: {=_xlfn.XLOOKUP(1,('2013 E Maize Soil VWC'!$C$2:$C$4000=$AA56)*('2013 E Maize Soil VWC'!$E$2:$E$4000=$AB56)*('2013 E Maize Soil VWC'!$F$2:$F$4000=AJ$5),'2013 E Maize Soil VWC'!$G$2:$G$4000)} -> 0.31050053 | ... AV56: {=_xlfn.XLOOKUP(1,('2013 E Maize Soil VWC'!$C$2:$C$4000=$AA56)*('2013 E Maize Soil VWC'!$E$2:$E$4000=$AB56)*('2013 E Maize Soil VWC'!$F$2:$F$4000=AV$5),'2013 E Maize Soil VWC'!$G$2:$G$4000)} -> 0.30272903
Y58: 2013 | Z58: 183 | AA58: =DATE(Y58,1,Z58) -> 41457 | AB58: 10 | AC58: {=_xlfn.XLOOKUP(1,('2013 E Maize Soil VWC'!$C$2:$C$4000=$AA58)*('2013 E Maize Soil VWC'!$E$2:$E$4000=$AB58)*('2013 E Maize Soil VWC'!$F$2:$F$4000=AC$5),'2013 E Maize Soil VWC'!$G$2:$G$4000)} -> 0.19234112 | AD58: {=_xlfn.XLOOKUP(1,('2013 E Maize Soil VWC'!$C$2:$C$4000=$AA58)*('2013 E Maize Soil VWC'!$E$2:$E$4000=$AB58)*('2013 E Maize Soil VWC'!$F$2:$F$4000=AD$5),'2013 E Maize Soil VWC'!$G$2:$G$4000)} -> 0.21159339 | AE58: {=_xlfn.XLOOKUP(1,('2013 E Maize Soil VWC'!$C$2:$C$4000=$AA58)*('2013 E Maize Soil VWC'!$E$2:$E$4000=$AB58)*('2013 E Maize Soil VWC'!$F$2:$F$4000=AE$5),'2013 E Maize Soil VWC'!$G$2:$G$4000)} -> 0.2096836 | AF58: {=_xlfn.XLOOKUP(1,('2013 E Maize Soil VWC'!$C$2:$C$4000=$AA58)*('2013 E Maize Soil VWC'!$E$2:$E$4000=$AB58)*('2013 E Maize Soil VWC'!$F$2:$F$4000=AF$5),'2013 E Maize Soil VWC'!$G$2:$G$4000)} -> 0.19064352 | AG58: {=_xlfn.XLOOKUP(1,('2013 E Maize Soil VWC'!$C$2:$C$4000=$AA58)*('2013 E Maize Soil VWC'!$E$2:$E$4000=$AB58)*('2013 E Maize Soil VWC'!$F$2:$F$4000=AG$5),'2013 E Maize Soil VWC'!$G$2:$G$4000)} -> 0.20360698 | AH58: {=_xlfn.XLOOKUP(1,('2013 E Maize Soil VWC'!$C$2:$C$4000=$AA58)*('2013 E Maize Soil VWC'!$E$2:$E$4000=$AB58)*('2013 E Maize Soil VWC'!$F$2:$F$4000=AH$5),'2013 E Maize Soil VWC'!$G$2:$G$4000)} -> 0.1984949 | AI58: {=_xlfn.XLOOKUP(1,('2013 E Maize Soil VWC'!$C$2:$C$4000=$AA58)*('2013 E Maize Soil VWC'!$E$2:$E$4000=$AB58)*('2013 E Maize Soil VWC'!$F$2:$F$4000=AI$5),'2013 E Maize Soil VWC'!$G$2:$G$4000)} -> 0.2352054 | AJ58: {=_xlfn.XLOOKUP(1,('2013 E Maize Soil VWC'!$C$2:$C$4000=$AA58)*('2013 E Maize Soil VWC'!$E$2:$E$4000=$AB58)*('2013 E Maize Soil VWC'!$F$2:$F$4000=AJ$5),'2013 E Maize Soil VWC'!$G$2:$G$4000)} -> 0.23512824 | ... AV58: {=_xlfn.XLOOKUP(1,('2013 E Maize Soil VWC'!$C$2:$C$4000=$AA58)*('2013 E Maize Soil VWC'!$E$2:$E$4000=$AB58)*('2013 E Maize Soil VWC'!$F$2:$F$4000=AV$5),'2013 E Maize Soil VWC'!$G$2:$G$4000)} -> 0.15069215 | AW58: =Z58 -> 183 | AX58: =AA58 -> 41457 | AY58: =1400*AVERAGE(AG58:AH64)+100*AVERAGE(AG65:AH65) -> 456.07393 | AZ58: =1400*AVERAGE(AC58:AF64,AI58:AL64)+100*AVERAGE(AC65:AF65,AI65:AL65) -> 480.07498 | BA58: =1400*AVERAGE(AQ58:AR64)+100*AVERAGE(AQ65:AR65) -> 444.1267 | BB58: =1400*AVERAGE(AM58:AP64,AS58:AV64)+100*AVERAGE(AM65:AP65,AS65:AV65) -> 464.43469 | BC58: =AVERAGE(AC58:AD69)*2400 -> 743.27934 | BD58: =AVERAGE(AE58:AF69)*2400 -> 729.86029 | BE58: =AVERAGE(AG58:AH67)*2000 -> 623.86235 | BF58: =AVERAGE(AI58:AJ69)*2400 -> 761.91323 | BG58: =AVERAGE(AK58:AL69)*2400 -> 752.30909 | BH58: =AVERAGE(AM58:AN69)*2400 -> 749.47797 | BI58: =AVERAGE(AO58:AP69)*2400 -> 737.33697 | BJ58: =AVERAGE(AQ58:AR67)*2000 -> 608.67144 | BK58: =AVERAGE(AS58:AT69)*2400 -> 755.71128 | BL58: =AVERAGE(AU58:AV69)*2400 -> 738.92724
AA59: =AA58 -> 41457 | AB59: =AB58+20 -> 30 | AC59: {=_xlfn.XLOOKUP(1,('2013 E Maize Soil VWC'!$C$2:$C$4000=$AA59)*('2013 E Maize Soil VWC'!$E$2:$E$4000=$AB59)*('2013 E Maize Soil VWC'!$F$2:$F$4000=AC$5),'2013 E Maize Soil VWC'!$G$2:$G$4000)} -> 0.31278813 | AD59: {=_xlfn.XLOOKUP(1,('2013 E Maize Soil VWC'!$C$2:$C$4000=$AA59)*('2013 E Maize Soil VWC'!$E$2:$E$4000=$AB59)*('2013 E Maize Soil VWC'!$F$2:$F$4000=AD$5),'2013 E Maize Soil VWC'!$G$2:$G$4000)} -> 0.30592551 | AE59: {=_xlfn.XLOOKUP(1,('2013 E Maize Soil VWC'!$C$2:$C$4000=$AA59)*('2013 E Maize Soil VWC'!$E$2:$E$4000=$AB59)*('2013 E Maize Soil VWC'!$F$2:$F$4000=AE$5),'2013 E Maize Soil VWC'!$G$2:$G$4000)} -> 0.32600675 | AF59: {=_xlfn.XLOOKUP(1,('2013 E Maize Soil VWC'!$C$2:$C$4000=$AA59)*('2013 E Maize Soil VWC'!$E$2:$E$4000=$AB59)*('2013 E Maize Soil VWC'!$F$2:$F$4000=AF$5),'2013 E Maize Soil VWC'!$G$2:$G$4000)} -> 0.30049067 | AG59: {=_xlfn.XLOOKUP(1,('2013 E Maize Soil VWC'!$C$2:$C$4000=$AA59)*('2013 E Maize Soil VWC'!$E$2:$E$4000=$AB59)*('2013 E Maize Soil VWC'!$F$2:$F$4000=AG$5),'2013 E Maize Soil VWC'!$G$2:$G$4000)} -> 0.28764052 | AH59: {=_xlfn.XLOOKUP(1,('2013 E Maize Soil VWC'!$C$2:$C$4000=$AA59)*('2013 E Maize Soil VWC'!$E$2:$E$4000=$AB59)*('2013 E Maize Soil VWC'!$F$2:$F$4000=AH$5),'2013 E Maize Soil VWC'!$G$2:$G$4000)} -> 0.28556791 | AI59: {=_xlfn.XLOOKUP(1,('2013 E Maize Soil VWC'!$C$2:$C$4000=$AA59)*('2013 E Maize Soil VWC'!$E$2:$E$4000=$AB59)*('2013 E Maize Soil VWC'!$F$2:$F$4000=AI$5),'2013 E Maize Soil VWC'!$G$2:$G$4000)} -> 0.32713517 | AJ59: {=_xlfn.XLOOKUP(1,('2013 E Maize Soil VWC'!$C$2:$C$4000=$AA59)*('2013 E Maize Soil VWC'!$E$2:$E$4000=$AB59)*('2013 E Maize Soil VWC'!$F$2:$F$4000=AJ$5),'2013 E Maize Soil VWC'!$G$2:$G$4000)} -> 0.32923081 | ... AV59: {=_xlfn.XLOOKUP(1,('2013 E Maize Soil VWC'!$C$2:$C$4000=$AA59)*('2013 E Maize Soil VWC'!$E$2:$E$4000=$AB59)*('2013 E Maize Soil VWC'!$F$2:$F$4000=AV$5),'2013 E Maize Soil VWC'!$G$2:$G$4000)} -> 0.31214332
AA60: =AA59 -> 41457 | AB60: =AB59+20 -> 50 | AC60: {=_xlfn.XLOOKUP(1,('2013 E Maize Soil VWC'!$C$2:$C$4000=$AA60)*('2013 E Maize Soil VWC'!$E$2:$E$4000=$AB60)*('2013 E Maize Soil VWC'!$F$2:$F$4000=AC$5),'2013 E Maize Soil VWC'!$G$2:$G$4000)} -> 0.34650252 | AD60: {=_xlfn.XLOOKUP(1,('2013 E Maize Soil VWC'!$C$2:$C$4000=$AA60)*('2013 E Maize Soil VWC'!$E$2:$E$4000=$AB60)*('2013 E Maize Soil VWC'!$F$2:$F$4000=AD$5),'2013 E Maize Soil VWC'!$G$2:$G$4000)} -> 0.35979023 | AE60: {=_xlfn.XLOOKUP(1,('2013 E Maize Soil VWC'!$C$2:$C$4000=$AA60)*('2013 E Maize Soil VWC'!$E$2:$E$4000=$AB60)*('2013 E Maize Soil VWC'!$F$2:$F$4000=AE$5),'2013 E Maize Soil VWC'!$G$2:$G$4000)} -> 0.35576016 | AF60: {=_xlfn.XLOOKUP(1,('2013 E Maize Soil VWC'!$C$2:$C$4000=$AA60)*('2013 E Maize Soil VWC'!$E$2:$E$4000=$AB60)*('2013 E Maize Soil VWC'!$F$2:$F$4000=AF$5),'2013 E Maize Soil VWC'!$G$2:$G$4000)} -> 0.34500564 | AG60: {=_xlfn.XLOOKUP(1,('2013 E Maize Soil VWC'!$C$2:$C$4000=$AA60)*('2013 E Maize Soil VWC'!$E$2:$E$4000=$AB60)*('2013 E Maize Soil VWC'!$F$2:$F$4000=AG$5),'2013 E Maize Soil VWC'!$G$2:$G$4000)} -> 0.30382987 | AH60: {=_xlfn.XLOOKUP(1,('2013 E Maize Soil VWC'!$C$2:$C$4000=$AA60)*('2013 E Maize Soil VWC'!$E$2:$E$4000=$AB60)*('2013 E Maize Soil VWC'!$F$2:$F$4000=AH$5),'2013 E Maize Soil VWC'!$G$2:$G$4000)} -> 0.32402626 | AI60: {=_xlfn.XLOOKUP(1,('2013 E Maize Soil VWC'!$C$2:$C$4000=$AA60)*('2013 E Maize Soil VWC'!$E$2:$E$4000=$AB60)*('2013 E Maize Soil VWC'!$F$2:$F$4000=AI$5),'2013 E Maize Soil VWC'!$G$2:$G$4000)} -> 0.35932965 | AJ60: {=_xlfn.XLOOKUP(1,('2013 E Maize Soil VWC'!$C$2:$C$4000=$AA60)*('2013 E Maize Soil VWC'!$E$2:$E$4000=$AB60)*('2013 E Maize Soil VWC'!$F$2:$F$4000=AJ$5),'2013 E Maize Soil VWC'!$G$2:$G$4000)} -> 0.34624921 | ... AV60: {=_xlfn.XLOOKUP(1,('2013 E Maize Soil VWC'!$C$2:$C$4000=$AA60)*('2013 E Maize Soil VWC'!$E$2:$E$4000=$AB60)*('2013 E Maize Soil VWC'!$F$2:$F$4000=AV$5),'2013 E Maize Soil VWC'!$G$2:$G$4000)} -> 0.356428
AA61: =AA60 -> 41457 | AB61: =AB60+20 -> 70 | AC61: {=_xlfn.XLOOKUP(1,('2013 E Maize Soil VWC'!$C$2:$C$4000=$AA61)*('2013 E Maize Soil VWC'!$E$2:$E$4000=$AB61)*('2013 E Maize Soil VWC'!$F$2:$F$4000=AC$5),'2013 E Maize Soil VWC'!$G$2:$G$4000)} -> 0.34972658 | AD61: {=_xlfn.XLOOKUP(1,('2013 E Maize Soil VWC'!$C$2:$C$4000=$AA61)*('2013 E Maize Soil VWC'!$E$2:$E$4000=$AB61)*('2013 E Maize Soil VWC'!$F$2:$F$4000=AD$5),'2013 E Maize Soil VWC'!$G$2:$G$4000)} -> 0.35695767 | AE61: {=_xlfn.XLOOKUP(1,('2013 E Maize Soil VWC'!$C$2:$C$4000=$AA61)*('2013 E Maize Soil VWC'!$E$2:$E$4000=$AB61)*('2013 E Maize Soil VWC'!$F$2:$F$4000=AE$5),'2013 E Maize Soil VWC'!$G$2:$G$4000)} -> 0.34604195 | AF61: {=_xlfn.XLOOKUP(1,('2013 E Maize Soil VWC'!$C$2:$C$4000=$AA61)*('2013 E Maize Soil VWC'!$E$2:$E$4000=$AB61)*('2013 E Maize Soil VWC'!$F$2:$F$4000=AF$5),'2013 E Maize Soil VWC'!$G$2:$G$4000)} -> 0.34459112 | AG61: {=_xlfn.XLOOKUP(1,('2013 E Maize Soil VWC'!$C$2:$C$4000=$AA61)*('2013 E Maize Soil VWC'!$E$2:$E$4000=$AB61)*('2013 E Maize Soil VWC'!$F$2:$F$4000=AG$5),'2013 E Maize Soil VWC'!$G$2:$G$4000)} -> 0.3208713 | AH61: {=_xlfn.XLOOKUP(1,('2013 E Maize Soil VWC'!$C$2:$C$4000=$AA61)*('2013 E Maize Soil VWC'!$E$2:$E$4000=$AB61)*('2013 E Maize Soil VWC'!$F$2:$F$4000=AH$5),'2013 E Maize Soil VWC'!$G$2:$G$4000)} -> 0.33432021 | AI61: {=_xlfn.XLOOKUP(1,('2013 E Maize Soil VWC'!$C$2:$C$4000=$AA61)*('2013 E Maize Soil VWC'!$E$2:$E$4000=$AB61)*('2013 E Maize Soil VWC'!$F$2:$F$4000=AI$5),'2013 E Maize Soil VWC'!$G$2:$G$4000)} -> 0.35338818 | AJ61: {=_xlfn.XLOOKUP(1,('2013 E Maize Soil VWC'!$C$2:$C$4000=$AA61)*('2013 E Maize Soil VWC'!$E$2:$E$4000=$AB61)*('2013 E Maize Soil VWC'!$F$2:$F$4000=AJ$5),'2013 E Maize Soil VWC'!$G$2:$G$4000)} -> 0.34581166 | ... AV61: {=_xlfn.XLOOKUP(1,('2013 E Maize Soil VWC'!$C$2:$C$4000=$AA61)*('2013 E Maize Soil VWC'!$E$2:$E$4000=$AB61)*('2013 E Maize Soil VWC'!$F$2:$F$4000=AV$5),'2013 E Maize Soil VWC'!$G$2:$G$4000)} -> 0.34350876
AA62: =AA61 -> 41457 | AB62: =AB61+20 -> 90 | AC62: {=_xlfn.XLOOKUP(1,('2013 E Maize Soil VWC'!$C$2:$C$4000=$AA62)*('2013 E Maize Soil VWC'!$E$2:$E$4000=$AB62)*('2013 E Maize Soil VWC'!$F$2:$F$4000=AC$5),'2013 E Maize Soil VWC'!$G$2:$G$4000)} -> 0.34622618 | AD62: {=_xlfn.XLOOKUP(1,('2013 E Maize Soil VWC'!$C$2:$C$4000=$AA62)*('2013 E Maize Soil VWC'!$E$2:$E$4000=$AB62)*('2013 E Maize Soil VWC'!$F$2:$F$4000=AD$5),'2013 E Maize Soil VWC'!$G$2:$G$4000)} -> 0.34539713 | AE62: {=_xlfn.XLOOKUP(1,('2013 E Maize Soil VWC'!$C$2:$C$4000=$AA62)*('2013 E Maize Soil VWC'!$E$2:$E$4000=$AB62)*('2013 E Maize Soil VWC'!$F$2:$F$4000=AE$5),'2013 E Maize Soil VWC'!$G$2:$G$4000)} -> 0.34136707 | AF62: {=_xlfn.XLOOKUP(1,('2013 E Maize Soil VWC'!$C$2:$C$4000=$AA62)*('2013 E Maize Soil VWC'!$E$2:$E$4000=$AB62)*('2013 E Maize Soil VWC'!$F$2:$F$4000=AF$5),'2013 E Maize Soil VWC'!$G$2:$G$4000)} -> 0.33802787 | AG62: {=_xlfn.XLOOKUP(1,('2013 E Maize Soil VWC'!$C$2:$C$4000=$AA62)*('2013 E Maize Soil VWC'!$E$2:$E$4000=$AB62)*('2013 E Maize Soil VWC'!$F$2:$F$4000=AG$5),'2013 E Maize Soil VWC'!$G$2:$G$4000)} -> 0.33595526 | AH62: {=_xlfn.XLOOKUP(1,('2013 E Maize Soil VWC'!$C$2:$C$4000=$AA62)*('2013 E Maize Soil VWC'!$E$2:$E$4000=$AB62)*('2013 E Maize Soil VWC'!$F$2:$F$4000=AH$5),'2013 E Maize Soil VWC'!$G$2:$G$4000)} -> 0.33243183 | AI62: {=_xlfn.XLOOKUP(1,('2013 E Maize Soil VWC'!$C$2:$C$4000=$AA62)*('2013 E Maize Soil VWC'!$E$2:$E$4000=$AB62)*('2013 E Maize Soil VWC'!$F$2:$F$4000=AI$5),'2013 E Maize Soil VWC'!$G$2:$G$4000)} -> 0.3485521 | AJ62: {=_xlfn.XLOOKUP(1,('2013 E Maize Soil VWC'!$C$2:$C$4000=$AA62)*('2013 E Maize Soil VWC'!$E$2:$E$4000=$AB62)*('2013 E Maize Soil VWC'!$F$2:$F$4000=AJ$5),'2013 E Maize Soil VWC'!$G$2:$G$4000)} -> 0.34811455 | ... AV62: {=_xlfn.XLOOKUP(1,('2013 E Maize Soil VWC'!$C$2:$C$4000=$AA62)*('2013 E Maize Soil VWC'!$E$2:$E$4000=$AB62)*('2013 E Maize Soil VWC'!$F$2:$F$4000=AV$5),'2013 E Maize Soil VWC'!$G$2:$G$4000)} -> 0.33782061
AA63: =AA62 -> 41457 | AB63: =AB62+20 -> 110 | AC63: {=_xlfn.XLOOKUP(1,('2013 E Maize Soil VWC'!$C$2:$C$4000=$AA63)*('2013 E Maize Soil VWC'!$E$2:$E$4000=$AB63)*('2013 E Maize Soil VWC'!$F$2:$F$4000=AC$5),'2013 E Maize Soil VWC'!$G$2:$G$4000)} -> 0.34390025 | AD63: {=_xlfn.XLOOKUP(1,('2013 E Maize Soil VWC'!$C$2:$C$4000=$AA63)*('2013 E Maize Soil VWC'!$E$2:$E$4000=$AB63)*('2013 E Maize Soil VWC'!$F$2:$F$4000=AD$5),'2013 E Maize Soil VWC'!$G$2:$G$4000)} -> 0.34044591 | AE63: {=_xlfn.XLOOKUP(1,('2013 E Maize Soil VWC'!$C$2:$C$4000=$AA63)*('2013 E Maize Soil VWC'!$E$2:$E$4000=$AB63)*('2013 E Maize Soil VWC'!$F$2:$F$4000=AE$5),'2013 E Maize Soil VWC'!$G$2:$G$4000)} -> 0.33001379 | AF63: {=_xlfn.XLOOKUP(1,('2013 E Maize Soil VWC'!$C$2:$C$4000=$AA63)*('2013 E Maize Soil VWC'!$E$2:$E$4000=$AB63)*('2013 E Maize Soil VWC'!$F$2:$F$4000=AF$5),'2013 E Maize Soil VWC'!$G$2:$G$4000)} -> 0.33927143 | AG63: {=_xlfn.XLOOKUP(1,('2013 E Maize Soil VWC'!$C$2:$C$4000=$AA63)*('2013 E Maize Soil VWC'!$E$2:$E$4000=$AB63)*('2013 E Maize Soil VWC'!$F$2:$F$4000=AG$5),'2013 E Maize Soil VWC'!$G$2:$G$4000)} -> 0.33657705 | AH63: {=_xlfn.XLOOKUP(1,('2013 E Maize Soil VWC'!$C$2:$C$4000=$AA63)*('2013 E Maize Soil VWC'!$E$2:$E$4000=$AB63)*('2013 E Maize Soil VWC'!$F$2:$F$4000=AH$5),'2013 E Maize Soil VWC'!$G$2:$G$4000)} -> 0.32492439 | AI63: {=_xlfn.XLOOKUP(1,('2013 E Maize Soil VWC'!$C$2:$C$4000=$AA63)*('2013 E Maize Soil VWC'!$E$2:$E$4000=$AB63)*('2013 E Maize Soil VWC'!$F$2:$F$4000=AI$5),'2013 E Maize Soil VWC'!$G$2:$G$4000)} -> 0.34790729 | AJ63: {=_xlfn.XLOOKUP(1,('2013 E Maize Soil VWC'!$C$2:$C$4000=$AA63)*('2013 E Maize Soil VWC'!$E$2:$E$4000=$AB63)*('2013 E Maize Soil VWC'!$F$2:$F$4000=AJ$5),'2013 E Maize Soil VWC'!$G$2:$G$4000)} -> 0.34449901 | ... AV63: {=_xlfn.XLOOKUP(1,('2013 E Maize Soil VWC'!$C$2:$C$4000=$AA63)*('2013 E Maize Soil VWC'!$E$2:$E$4000=$AB63)*('2013 E Maize Soil VWC'!$F$2:$F$4000=AV$5),'2013 E Maize Soil VWC'!$G$2:$G$4000)} -> 0.34270275
AA64: =AA63 -> 41457 | AB64: =AB63+20 -> 130 | AC64: {=_xlfn.XLOOKUP(1,('2013 E Maize Soil VWC'!$C$2:$C$4000=$AA64)*('2013 E Maize Soil VWC'!$E$2:$E$4000=$AB64)*('2013 E Maize Soil VWC'!$F$2:$F$4000=AC$5),'2013 E Maize Soil VWC'!$G$2:$G$4000)} -> 0.31547272 | AD64: {=_xlfn.XLOOKUP(1,('2013 E Maize Soil VWC'!$C$2:$C$4000=$AA64)*('2013 E Maize Soil VWC'!$E$2:$E$4000=$AB64)*('2013 E Maize Soil VWC'!$F$2:$F$4000=AD$5),'2013 E Maize Soil VWC'!$G$2:$G$4000)} -> 0.30850382 | AE64: {=_xlfn.XLOOKUP(1,('2013 E Maize Soil VWC'!$C$2:$C$4000=$AA64)*('2013 E Maize Soil VWC'!$E$2:$E$4000=$AB64)*('2013 E Maize Soil VWC'!$F$2:$F$4000=AE$5),'2013 E Maize Soil VWC'!$G$2:$G$4000)} -> 0.30400144 | AF64: {=_xlfn.XLOOKUP(1,('2013 E Maize Soil VWC'!$C$2:$C$4000=$AA64)*('2013 E Maize Soil VWC'!$E$2:$E$4000=$AB64)*('2013 E Maize Soil VWC'!$F$2:$F$4000=AF$5),'2013 E Maize Soil VWC'!$G$2:$G$4000)} -> 0.30783825 | AG64: {=_xlfn.XLOOKUP(1,('2013 E Maize Soil VWC'!$C$2:$C$4000=$AA64)*('2013 E Maize Soil VWC'!$E$2:$E$4000=$AB64)*('2013 E Maize Soil VWC'!$F$2:$F$4000=AG$5),'2013 E Maize Soil VWC'!$G$2:$G$4000)} -> 0.31699962 | AH64: {=_xlfn.XLOOKUP(1,('2013 E Maize Soil VWC'!$C$2:$C$4000=$AA64)*('2013 E Maize Soil VWC'!$E$2:$E$4000=$AB64)*('2013 E Maize Soil VWC'!$F$2:$F$4000=AH$5),'2013 E Maize Soil VWC'!$G$2:$G$4000)} -> 0.30476489 | AI64: {=_xlfn.XLOOKUP(1,('2013 E Maize Soil VWC'!$C$2:$C$4000=$AA64)*('2013 E Maize Soil VWC'!$E$2:$E$4000=$AB64)*('2013 E Maize Soil VWC'!$F$2:$F$4000=AI$5),'2013 E Maize Soil VWC'!$G$2:$G$4000)} -> 0.31206658 | AJ64: {=_xlfn.XLOOKUP(1,('2013 E Maize Soil VWC'!$C$2:$C$4000=$AA64)*('2013 E Maize Soil VWC'!$E$2:$E$4000=$AB64)*('2013 E Maize Soil VWC'!$F$2:$F$4000=AJ$5),'2013 E Maize Soil VWC'!$G$2:$G$4000)} -> 0.34702853 | ... AV64: {=_xlfn.XLOOKUP(1,('2013 E Maize Soil VWC'!$C$2:$C$4000=$AA64)*('2013 E Maize Soil VWC'!$E$2:$E$4000=$AB64)*('2013 E Maize Soil VWC'!$F$2:$F$4000=AV$5),'2013 E Maize Soil VWC'!$G$2:$G$4000)} -> 0.30282691
AA65: =AA64 -> 41457 | AB65: =AB64+20 -> 150 | AC65: {=_xlfn.XLOOKUP(1,('2013 E Maize Soil VWC'!$C$2:$C$4000=$AA65)*('2013 E Maize Soil VWC'!$E$2:$E$4000=$AB65)*('2013 E Maize Soil VWC'!$F$2:$F$4000=AC$5),'2013 E Maize Soil VWC'!$G$2:$G$4000)} -> 0.33894383 | AD65: {=_xlfn.XLOOKUP(1,('2013 E Maize Soil VWC'!$C$2:$C$4000=$AA65)*('2013 E Maize Soil VWC'!$E$2:$E$4000=$AB65)*('2013 E Maize Soil VWC'!$F$2:$F$4000=AD$5),'2013 E Maize Soil VWC'!$G$2:$G$4000)} -> 0.32874496 | AE65: {=_xlfn.XLOOKUP(1,('2013 E Maize Soil VWC'!$C$2:$C$4000=$AA65)*('2013 E Maize Soil VWC'!$E$2:$E$4000=$AB65)*('2013 E Maize Soil VWC'!$F$2:$F$4000=AE$5),'2013 E Maize Soil VWC'!$G$2:$G$4000)} -> 0.31390668 | AF65: {=_xlfn.XLOOKUP(1,('2013 E Maize Soil VWC'!$C$2:$C$4000=$AA65)*('2013 E Maize Soil VWC'!$E$2:$E$4000=$AB65)*('2013 E Maize Soil VWC'!$F$2:$F$4000=AF$5),'2013 E Maize Soil VWC'!$G$2:$G$4000)} -> 0.29783514 | AG65: {=_xlfn.XLOOKUP(1,('2013 E Maize Soil VWC'!$C$2:$C$4000=$AA65)*('2013 E Maize Soil VWC'!$E$2:$E$4000=$AB65)*('2013 E Maize Soil VWC'!$F$2:$F$4000=AG$5),'2013 E Maize Soil VWC'!$G$2:$G$4000)} -> 0.35742316 | AH65: {=_xlfn.XLOOKUP(1,('2013 E Maize Soil VWC'!$C$2:$C$4000=$AA65)*('2013 E Maize Soil VWC'!$E$2:$E$4000=$AB65)*('2013 E Maize Soil VWC'!$F$2:$F$4000=AH$5),'2013 E Maize Soil VWC'!$G$2:$G$4000)} -> 0.34403347 | AI65: {=_xlfn.XLOOKUP(1,('2013 E Maize Soil VWC'!$C$2:$C$4000=$AA65)*('2013 E Maize Soil VWC'!$E$2:$E$4000=$AB65)*('2013 E Maize Soil VWC'!$F$2:$F$4000=AI$5),'2013 E Maize Soil VWC'!$G$2:$G$4000)} -> 0.32715934 | AJ65: {=_xlfn.XLOOKUP(1,('2013 E Maize Soil VWC'!$C$2:$C$4000=$AA65)*('2013 E Maize Soil VWC'!$E$2:$E$4000=$AB65)*('2013 E Maize Soil VWC'!$F$2:$F$4000=AJ$5),'2013 E Maize Soil VWC'!$G$2:$G$4000)} -> 0.33841529 | ... AV65: {=_xlfn.XLOOKUP(1,('2013 E Maize Soil VWC'!$C$2:$C$4000=$AA65)*('2013 E Maize Soil VWC'!$E$2:$E$4000=$AB65)*('2013 E Maize Soil VWC'!$F$2:$F$4000=AV$5),'2013 E Maize Soil VWC'!$G$2:$G$4000)} -> 0.3484967
AA66: =AA65 -> 41457 | AB66: =AB65+20 -> 170 | AC66: {=_xlfn.XLOOKUP(1,('2013 E Maize Soil VWC'!$C$2:$C$4000=$AA66)*('2013 E Maize Soil VWC'!$E$2:$E$4000=$AB66)*('2013 E Maize Soil VWC'!$F$2:$F$4000=AC$5),'2013 E Maize Soil VWC'!$G$2:$G$4000)} -> 0.27694801 | AD66: {=_xlfn.XLOOKUP(1,('2013 E Maize Soil VWC'!$C$2:$C$4000=$AA66)*('2013 E Maize Soil VWC'!$E$2:$E$4000=$AB66)*('2013 E Maize Soil VWC'!$F$2:$F$4000=AD$5),'2013 E Maize Soil VWC'!$G$2:$G$4000)} -> 0.27064468 | AE66: {=_xlfn.XLOOKUP(1,('2013 E Maize Soil VWC'!$C$2:$C$4000=$AA66)*('2013 E Maize Soil VWC'!$E$2:$E$4000=$AB66)*('2013 E Maize Soil VWC'!$F$2:$F$4000=AE$5),'2013 E Maize Soil VWC'!$G$2:$G$4000)} -> 0.29164926 | AF66: {=_xlfn.XLOOKUP(1,('2013 E Maize Soil VWC'!$C$2:$C$4000=$AA66)*('2013 E Maize Soil VWC'!$E$2:$E$4000=$AB66)*('2013 E Maize Soil VWC'!$F$2:$F$4000=AF$5),'2013 E Maize Soil VWC'!$G$2:$G$4000)} -> 0.29489881 | AG66: {=_xlfn.XLOOKUP(1,('2013 E Maize Soil VWC'!$C$2:$C$4000=$AA66)*('2013 E Maize Soil VWC'!$E$2:$E$4000=$AB66)*('2013 E Maize Soil VWC'!$F$2:$F$4000=AG$5),'2013 E Maize Soil VWC'!$G$2:$G$4000)} -> 0.32206969 | AH66: {=_xlfn.XLOOKUP(1,('2013 E Maize Soil VWC'!$C$2:$C$4000=$AA66)*('2013 E Maize Soil VWC'!$E$2:$E$4000=$AB66)*('2013 E Maize Soil VWC'!$F$2:$F$4000=AH$5),'2013 E Maize Soil VWC'!$G$2:$G$4000)} -> 0.33177917 | AI66: {=_xlfn.XLOOKUP(1,('2013 E Maize Soil VWC'!$C$2:$C$4000=$AA66)*('2013 E Maize Soil VWC'!$E$2:$E$4000=$AB66)*('2013 E Maize Soil VWC'!$F$2:$F$4000=AI$5),'2013 E Maize Soil VWC'!$G$2:$G$4000)} -> 0.29720872 | AJ66: {=_xlfn.XLOOKUP(1,('2013 E Maize Soil VWC'!$C$2:$C$4000=$AA66)*('2013 E Maize Soil VWC'!$E$2:$E$4000=$AB66)*('2013 E Maize Soil VWC'!$F$2:$F$4000=AJ$5),'2013 E Maize Soil VWC'!$G$2:$G$4000)} -> 0.30822976 | ... AV66: {=_xlfn.XLOOKUP(1,('2013 E Maize Soil VWC'!$C$2:$C$4000=$AA66)*('2013 E Maize Soil VWC'!$E$2:$E$4000=$AB66)*('2013 E Maize Soil VWC'!$F$2:$F$4000=AV$5),'2013 E Maize Soil VWC'!$G$2:$G$4000)} -> 0.32263738
AA67: =AA66 -> 41457 | AB67: =AB66+20 -> 190 | AC67: {=_xlfn.XLOOKUP(1,('2013 E Maize Soil VWC'!$C$2:$C$4000=$AA67)*('2013 E Maize Soil VWC'!$E$2:$E$4000=$AB67)*('2013 E Maize Soil VWC'!$F$2:$F$4000=AC$5),'2013 E Maize Soil VWC'!$G$2:$G$4000)} -> 0.28475866 | AD67: {=_xlfn.XLOOKUP(1,('2013 E Maize Soil VWC'!$C$2:$C$4000=$AA67)*('2013 E Maize Soil VWC'!$E$2:$E$4000=$AB67)*('2013 E Maize Soil VWC'!$F$2:$F$4000=AD$5),'2013 E Maize Soil VWC'!$G$2:$G$4000)} -> 0.29008322 | AE67: {=_xlfn.XLOOKUP(1,('2013 E Maize Soil VWC'!$C$2:$C$4000=$AA67)*('2013 E Maize Soil VWC'!$E$2:$E$4000=$AB67)*('2013 E Maize Soil VWC'!$F$2:$F$4000=AE$5),'2013 E Maize Soil VWC'!$G$2:$G$4000)} -> 0.28998534 | AF67: {=_xlfn.XLOOKUP(1,('2013 E Maize Soil VWC'!$C$2:$C$4000=$AA67)*('2013 E Maize Soil VWC'!$E$2:$E$4000=$AB67)*('2013 E Maize Soil VWC'!$F$2:$F$4000=AF$5),'2013 E Maize Soil VWC'!$G$2:$G$4000)} -> 0.29360682 | AG67: {=_xlfn.XLOOKUP(1,('2013 E Maize Soil VWC'!$C$2:$C$4000=$AA67)*('2013 E Maize Soil VWC'!$E$2:$E$4000=$AB67)*('2013 E Maize Soil VWC'!$F$2:$F$4000=AG$5),'2013 E Maize Soil VWC'!$G$2:$G$4000)} -> 0.33193577 | AH67: {=_xlfn.XLOOKUP(1,('2013 E Maize Soil VWC'!$C$2:$C$4000=$AA67)*('2013 E Maize Soil VWC'!$E$2:$E$4000=$AB67)*('2013 E Maize Soil VWC'!$F$2:$F$4000=AH$5),'2013 E Maize Soil VWC'!$G$2:$G$4000)} -> 0.3413712 | AI67: {=_xlfn.XLOOKUP(1,('2013 E Maize Soil VWC'!$C$2:$C$4000=$AA67)*('2013 E Maize Soil VWC'!$E$2:$E$4000=$AB67)*('2013 E Maize Soil VWC'!$F$2:$F$4000=AI$5),'2013 E Maize Soil VWC'!$G$2:$G$4000)} -> 0.28258577 | AJ67: {=_xlfn.XLOOKUP(1,('2013 E Maize Soil VWC'!$C$2:$C$4000=$AA67)*('2013 E Maize Soil VWC'!$E$2:$E$4000=$AB67)*('2013 E Maize Soil VWC'!$F$2:$F$4000=AJ$5),'2013 E Maize Soil VWC'!$G$2:$G$4000)} -> 0.29683679 | ... AV67: {=_xlfn.XLOOKUP(1,('2013 E Maize Soil VWC'!$C$2:$C$4000=$AA67)*('2013 E Maize Soil VWC'!$E$2:$E$4000=$AB67)*('2013 E Maize Soil VWC'!$F$2:$F$4000=AV$5),'2013 E Maize Soil VWC'!$G$2:$G$4000)} -> 0.31069629
AA68: =AA67 -> 41457 | AB68: =AB67+20 -> 210 | AC68: {=_xlfn.XLOOKUP(1,('2013 E Maize Soil VWC'!$C$2:$C$4000=$AA68)*('2013 E Maize Soil VWC'!$E$2:$E$4000=$AB68)*('2013 E Maize Soil VWC'!$F$2:$F$4000=AC$5),'2013 E Maize Soil VWC'!$G$2:$G$4000)} -> 0.30233752 | AD68: {=_xlfn.XLOOKUP(1,('2013 E Maize Soil VWC'!$C$2:$C$4000=$AA68)*('2013 E Maize Soil VWC'!$E$2:$E$4000=$AB68)*('2013 E Maize Soil VWC'!$F$2:$F$4000=AD$5),'2013 E Maize Soil VWC'!$G$2:$G$4000)} -> 0.30421677 | AE68: {=_xlfn.XLOOKUP(1,('2013 E Maize Soil VWC'!$C$2:$C$4000=$AA68)*('2013 E Maize Soil VWC'!$E$2:$E$4000=$AB68)*('2013 E Maize Soil VWC'!$F$2:$F$4000=AE$5),'2013 E Maize Soil VWC'!$G$2:$G$4000)} -> 0.27557772 | AF68: {=_xlfn.XLOOKUP(1,('2013 E Maize Soil VWC'!$C$2:$C$4000=$AA68)*('2013 E Maize Soil VWC'!$E$2:$E$4000=$AB68)*('2013 E Maize Soil VWC'!$F$2:$F$4000=AF$5),'2013 E Maize Soil VWC'!$G$2:$G$4000)} -> 0.29108157 | AG68: {=_xlfn.XLOOKUP(1,('2013 E Maize Soil VWC'!$C$2:$C$4000=$AA68)*('2013 E Maize Soil VWC'!$E$2:$E$4000=$AB68)*('2013 E Maize Soil VWC'!$F$2:$F$4000=AG$5),'2013 E Maize Soil VWC'!$G$2:$G$4000)} -> #N/A | AH68: {=_xlfn.XLOOKUP(1,('2013 E Maize Soil VWC'!$C$2:$C$4000=$AA68)*('2013 E Maize Soil VWC'!$E$2:$E$4000=$AB68)*('2013 E Maize Soil VWC'!$F$2:$F$4000=AH$5),'2013 E Maize Soil VWC'!$G$2:$G$4000)} -> #N/A | AI68: {=_xlfn.XLOOKUP(1,('2013 E Maize Soil VWC'!$C$2:$C$4000=$AA68)*('2013 E Maize Soil VWC'!$E$2:$E$4000=$AB68)*('2013 E Maize Soil VWC'!$F$2:$F$4000=AI$5),'2013 E Maize Soil VWC'!$G$2:$G$4000)} -> 0.2827228 | AJ68: {=_xlfn.XLOOKUP(1,('2013 E Maize Soil VWC'!$C$2:$C$4000=$AA68)*('2013 E Maize Soil VWC'!$E$2:$E$4000=$AB68)*('2013 E Maize Soil VWC'!$F$2:$F$4000=AJ$5),'2013 E Maize Soil VWC'!$G$2:$G$4000)} -> 0.30546961 | ... AV68: {=_xlfn.XLOOKUP(1,('2013 E Maize Soil VWC'!$C$2:$C$4000=$AA68)*('2013 E Maize Soil VWC'!$E$2:$E$4000=$AB68)*('2013 E Maize Soil VWC'!$F$2:$F$4000=AV$5),'2013 E Maize Soil VWC'!$G$2:$G$4000)} -> 0.30605688
AA69: =AA68 -> 41457 | AB69: =AB68+20 -> 230 | AC69: {=_xlfn.XLOOKUP(1,('2013 E Maize Soil VWC'!$C$2:$C$4000=$AA69)*('2013 E Maize Soil VWC'!$E$2:$E$4000=$AB69)*('2013 E Maize Soil VWC'!$F$2:$F$4000=AC$5),'2013 E Maize Soil VWC'!$G$2:$G$4000)} -> 0.30077147 | AD69: {=_xlfn.XLOOKUP(1,('2013 E Maize Soil VWC'!$C$2:$C$4000=$AA69)*('2013 E Maize Soil VWC'!$E$2:$E$4000=$AB69)*('2013 E Maize Soil VWC'!$F$2:$F$4000=AD$5),'2013 E Maize Soil VWC'!$G$2:$G$4000)} -> 0.29977312 | AE69: {=_xlfn.XLOOKUP(1,('2013 E Maize Soil VWC'!$C$2:$C$4000=$AA69)*('2013 E Maize Soil VWC'!$E$2:$E$4000=$AB69)*('2013 E Maize Soil VWC'!$F$2:$F$4000=AE$5),'2013 E Maize Soil VWC'!$G$2:$G$4000)} -> 0.28654004 | AF69: {=_xlfn.XLOOKUP(1,('2013 E Maize Soil VWC'!$C$2:$C$4000=$AA69)*('2013 E Maize Soil VWC'!$E$2:$E$4000=$AB69)*('2013 E Maize Soil VWC'!$F$2:$F$4000=AF$5),'2013 E Maize Soil VWC'!$G$2:$G$4000)} -> 0.28477824 | AG69: {=_xlfn.XLOOKUP(1,('2013 E Maize Soil VWC'!$C$2:$C$4000=$AA69)*('2013 E Maize Soil VWC'!$E$2:$E$4000=$AB69)*('2013 E Maize Soil VWC'!$F$2:$F$4000=AG$5),'2013 E Maize Soil VWC'!$G$2:$G$4000)} -> #N/A | AH69: {=_xlfn.XLOOKUP(1,('2013 E Maize Soil VWC'!$C$2:$C$4000=$AA69)*('2013 E Maize Soil VWC'!$E$2:$E$4000=$AB69)*('2013 E Maize Soil VWC'!$F$2:$F$4000=AH$5),'2013 E Maize Soil VWC'!$G$2:$G$4000)} -> #N/A | AI69: {=_xlfn.XLOOKUP(1,('2013 E Maize Soil VWC'!$C$2:$C$4000=$AA69)*('2013 E Maize Soil VWC'!$E$2:$E$4000=$AB69)*('2013 E Maize Soil VWC'!$F$2:$F$4000=AI$5),'2013 E Maize Soil VWC'!$G$2:$G$4000)} -> 0.28742094 | AJ69: {=_xlfn.XLOOKUP(1,('2013 E Maize Soil VWC'!$C$2:$C$4000=$AA69)*('2013 E Maize Soil VWC'!$E$2:$E$4000=$AB69)*('2013 E Maize Soil VWC'!$F$2:$F$4000=AJ$5),'2013 E Maize Soil VWC'!$G$2:$G$4000)} -> 0.31343687 | ... AV69: {=_xlfn.XLOOKUP(1,('2013 E Maize Soil VWC'!$C$2:$C$4000=$AA69)*('2013 E Maize Soil VWC'!$E$2:$E$4000=$AB69)*('2013 E Maize Soil VWC'!$F$2:$F$4000=AV$5),'2013 E Maize Soil VWC'!$G$2:$G$4000)} -> 0.30208304
Y71: 2013 | Z71: 189 | AA71: =DATE(Y71,1,Z71) -> 41463 | AB71: 10 | AC71: {=_xlfn.XLOOKUP(1,('2013 E Maize Soil VWC'!$C$2:$C$4000=$AA71)*('2013 E Maize Soil VWC'!$E$2:$E$4000=$AB71)*('2013 E Maize Soil VWC'!$F$2:$F$4000=AC$5),'2013 E Maize Soil VWC'!$G$2:$G$4000)} -> 0.27947793 | AD71: {=_xlfn.XLOOKUP(1,('2013 E Maize Soil VWC'!$C$2:$C$4000=$AA71)*('2013 E Maize Soil VWC'!$E$2:$E$4000=$AB71)*('2013 E Maize Soil VWC'!$F$2:$F$4000=AD$5),'2013 E Maize Soil VWC'!$G$2:$G$4000)} -> 0.28813952 | AE71: {=_xlfn.XLOOKUP(1,('2013 E Maize Soil VWC'!$C$2:$C$4000=$AA71)*('2013 E Maize Soil VWC'!$E$2:$E$4000=$AB71)*('2013 E Maize Soil VWC'!$F$2:$F$4000=AE$5),'2013 E Maize Soil VWC'!$G$2:$G$4000)} -> 0.29780424 | AF71: {=_xlfn.XLOOKUP(1,('2013 E Maize Soil VWC'!$C$2:$C$4000=$AA71)*('2013 E Maize Soil VWC'!$E$2:$E$4000=$AB71)*('2013 E Maize Soil VWC'!$F$2:$F$4000=AF$5),'2013 E Maize Soil VWC'!$G$2:$G$4000)} -> 0.25621315 | AG71: {=_xlfn.XLOOKUP(1,('2013 E Maize Soil VWC'!$C$2:$C$4000=$AA71)*('2013 E Maize Soil VWC'!$E$2:$E$4000=$AB71)*('2013 E Maize Soil VWC'!$F$2:$F$4000=AG$5),'2013 E Maize Soil VWC'!$G$2:$G$4000)} -> 0.26570425 | AH71: {=_xlfn.XLOOKUP(1,('2013 E Maize Soil VWC'!$C$2:$C$4000=$AA71)*('2013 E Maize Soil VWC'!$E$2:$E$4000=$AB71)*('2013 E Maize Soil VWC'!$F$2:$F$4000=AH$5),'2013 E Maize Soil VWC'!$G$2:$G$4000)} -> 0.24461934 | AI71: {=_xlfn.XLOOKUP(1,('2013 E Maize Soil VWC'!$C$2:$C$4000=$AA71)*('2013 E Maize Soil VWC'!$E$2:$E$4000=$AB71)*('2013 E Maize Soil VWC'!$F$2:$F$4000=AI$5),'2013 E Maize Soil VWC'!$G$2:$G$4000)} -> 0.30247263 | AJ71: {=_xlfn.XLOOKUP(1,('2013 E Maize Soil VWC'!$C$2:$C$4000=$AA71)*('2013 E Maize Soil VWC'!$E$2:$E$4000=$AB71)*('2013 E Maize Soil VWC'!$F$2:$F$4000=AJ$5),'2013 E Maize Soil VWC'!$G$2:$G$4000)} -> 0.29354096 | ... AV71: {=_xlfn.XLOOKUP(1,('2013 E Maize Soil VWC'!$C$2:$C$4000=$AA71)*('2013 E Maize Soil VWC'!$E$2:$E$4000=$AB71)*('2013 E Maize Soil VWC'!$F$2:$F$4000=AV$5),'2013 E Maize Soil VWC'!$G$2:$G$4000)} -> 0.2246533 | AW71: =Z71 -> 189 | AX71: =AA71 -> 41463 | AY71: =1400*AVERAGE(AG71:AH77)+100*AVERAGE(AG78:AH78) -> 459.89126 | AZ71: =1400*AVERAGE(AC71:AF77,AI71:AL77)+100*AVERAGE(AC78:AF78,AI78:AL78) -> 493.56863 | BA71: =1400*AVERAGE(AQ71:AR77)+100*AVERAGE(AQ78:AR78) -> 443.71051 | BB71: =1400*AVERAGE(AM71:AP77,AS71:AV77)+100*AVERAGE(AM78:AP78,AS78:AV78) -> 479.82985 | BC71: =AVERAGE(AC71:AD82)*2400 -> 760.8071 | BD71: =AVERAGE(AE71:AF82)*2400 -> 747.56899 | BE71: =AVERAGE(AG71:AH80)*2000 -> 628.91978 | BF71: =AVERAGE(AI71:AJ82)*2400 -> 776.75582 | BG71: =AVERAGE(AK71:AL82)*2400 -> 763.09037 | BH71: =AVERAGE(AM71:AN82)*2400 -> 763.88475 | BI71: =AVERAGE(AO71:AP82)*2400 -> 754.06791 | BJ71: =AVERAGE(AQ71:AR80)*2000 -> 608.92767 | BK71: =AVERAGE(AS71:AT82)*2400 -> 770.27881 | BL71: =AVERAGE(AU71:AV82)*2400 -> 752.56223
AA72: =AA71 -> 41463 | AB72: =AB71+20 -> 30 | AC72: {=_xlfn.XLOOKUP(1,('2013 E Maize Soil VWC'!$C$2:$C$4000=$AA72)*('2013 E Maize Soil VWC'!$E$2:$E$4000=$AB72)*('2013 E Maize Soil VWC'!$F$2:$F$4000=AC$5),'2013 E Maize Soil VWC'!$G$2:$G$4000)} -> 0.30714604 | AD72: {=_xlfn.XLOOKUP(1,('2013 E Maize Soil VWC'!$C$2:$C$4000=$AA72)*('2013 E Maize Soil VWC'!$E$2:$E$4000=$AB72)*('2013 E Maize Soil VWC'!$F$2:$F$4000=AD$5),'2013 E Maize Soil VWC'!$G$2:$G$4000)} -> 0.30583339 | AE72: {=_xlfn.XLOOKUP(1,('2013 E Maize Soil VWC'!$C$2:$C$4000=$AA72)*('2013 E Maize Soil VWC'!$E$2:$E$4000=$AB72)*('2013 E Maize Soil VWC'!$F$2:$F$4000=AE$5),'2013 E Maize Soil VWC'!$G$2:$G$4000)} -> 0.31668003 | AF72: {=_xlfn.XLOOKUP(1,('2013 E Maize Soil VWC'!$C$2:$C$4000=$AA72)*('2013 E Maize Soil VWC'!$E$2:$E$4000=$AB72)*('2013 E Maize Soil VWC'!$F$2:$F$4000=AF$5),'2013 E Maize Soil VWC'!$G$2:$G$4000)} -> 0.30233299 | AG72: {=_xlfn.XLOOKUP(1,('2013 E Maize Soil VWC'!$C$2:$C$4000=$AA72)*('2013 E Maize Soil VWC'!$E$2:$E$4000=$AB72)*('2013 E Maize Soil VWC'!$F$2:$F$4000=AG$5),'2013 E Maize Soil VWC'!$G$2:$G$4000)} -> 0.28093909 | AH72: {=_xlfn.XLOOKUP(1,('2013 E Maize Soil VWC'!$C$2:$C$4000=$AA72)*('2013 E Maize Soil VWC'!$E$2:$E$4000=$AB72)*('2013 E Maize Soil VWC'!$F$2:$F$4000=AH$5),'2013 E Maize Soil VWC'!$G$2:$G$4000)} -> 0.28192934 | AI72: {=_xlfn.XLOOKUP(1,('2013 E Maize Soil VWC'!$C$2:$C$4000=$AA72)*('2013 E Maize Soil VWC'!$E$2:$E$4000=$AB72)*('2013 E Maize Soil VWC'!$F$2:$F$4000=AI$5),'2013 E Maize Soil VWC'!$G$2:$G$4000)} -> 0.32729638 | AJ72: {=_xlfn.XLOOKUP(1,('2013 E Maize Soil VWC'!$C$2:$C$4000=$AA72)*('2013 E Maize Soil VWC'!$E$2:$E$4000=$AB72)*('2013 E Maize Soil VWC'!$F$2:$F$4000=AJ$5),'2013 E Maize Soil VWC'!$G$2:$G$4000)} -> 0.32706609 | ... AV72: {=_xlfn.XLOOKUP(1,('2013 E Maize Soil VWC'!$C$2:$C$4000=$AA72)*('2013 E Maize Soil VWC'!$E$2:$E$4000=$AB72)*('2013 E Maize Soil VWC'!$F$2:$F$4000=AV$5),'2013 E Maize Soil VWC'!$G$2:$G$4000)} -> 0.31138337
AA73: =AA72 -> 41463 | AB73: =AB72+20 -> 50 | AC73: {=_xlfn.XLOOKUP(1,('2013 E Maize Soil VWC'!$C$2:$C$4000=$AA73)*('2013 E Maize Soil VWC'!$E$2:$E$4000=$AB73)*('2013 E Maize Soil VWC'!$F$2:$F$4000=AC$5),'2013 E Maize Soil VWC'!$G$2:$G$4000)} -> 0.3448905 | AD73: {=_xlfn.XLOOKUP(1,('2013 E Maize Soil VWC'!$C$2:$C$4000=$AA73)*('2013 E Maize Soil VWC'!$E$2:$E$4000=$AB73)*('2013 E Maize Soil VWC'!$F$2:$F$4000=AD$5),'2013 E Maize Soil VWC'!$G$2:$G$4000)} -> 0.35691161 | AE73: {=_xlfn.XLOOKUP(1,('2013 E Maize Soil VWC'!$C$2:$C$4000=$AA73)*('2013 E Maize Soil VWC'!$E$2:$E$4000=$AB73)*('2013 E Maize Soil VWC'!$F$2:$F$4000=AE$5),'2013 E Maize Soil VWC'!$G$2:$G$4000)} -> 0.35055562 | AF73: {=_xlfn.XLOOKUP(1,('2013 E Maize Soil VWC'!$C$2:$C$4000=$AA73)*('2013 E Maize Soil VWC'!$E$2:$E$4000=$AB73)*('2013 E Maize Soil VWC'!$F$2:$F$4000=AF$5),'2013 E Maize Soil VWC'!$G$2:$G$4000)} -> 0.34364693 | AG73: {=_xlfn.XLOOKUP(1,('2013 E Maize Soil VWC'!$C$2:$C$4000=$AA73)*('2013 E Maize Soil VWC'!$E$2:$E$4000=$AB73)*('2013 E Maize Soil VWC'!$F$2:$F$4000=AG$5),'2013 E Maize Soil VWC'!$G$2:$G$4000)} -> 0.2933517 | AH73: {=_xlfn.XLOOKUP(1,('2013 E Maize Soil VWC'!$C$2:$C$4000=$AA73)*('2013 E Maize Soil VWC'!$E$2:$E$4000=$AB73)*('2013 E Maize Soil VWC'!$F$2:$F$4000=AH$5),'2013 E Maize Soil VWC'!$G$2:$G$4000)} -> 0.30553401 | AI73: {=_xlfn.XLOOKUP(1,('2013 E Maize Soil VWC'!$C$2:$C$4000=$AA73)*('2013 E Maize Soil VWC'!$E$2:$E$4000=$AB73)*('2013 E Maize Soil VWC'!$F$2:$F$4000=AI$5),'2013 E Maize Soil VWC'!$G$2:$G$4000)} -> 0.35502324 | AJ73: {=_xlfn.XLOOKUP(1,('2013 E Maize Soil VWC'!$C$2:$C$4000=$AA73)*('2013 E Maize Soil VWC'!$E$2:$E$4000=$AB73)*('2013 E Maize Soil VWC'!$F$2:$F$4000=AJ$5),'2013 E Maize Soil VWC'!$G$2:$G$4000)} -> 0.34300212 | ... AV73: {=_xlfn.XLOOKUP(1,('2013 E Maize Soil VWC'!$C$2:$C$4000=$AA73)*('2013 E Maize Soil VWC'!$E$2:$E$4000=$AB73)*('2013 E Maize Soil VWC'!$F$2:$F$4000=AV$5),'2013 E Maize Soil VWC'!$G$2:$G$4000)} -> 0.35249005
AA74: =AA73 -> 41463 | AB74: =AB73+20 -> 70 | AC74: {=_xlfn.XLOOKUP(1,('2013 E Maize Soil VWC'!$C$2:$C$4000=$AA74)*('2013 E Maize Soil VWC'!$E$2:$E$4000=$AB74)*('2013 E Maize Soil VWC'!$F$2:$F$4000=AC$5),'2013 E Maize Soil VWC'!$G$2:$G$4000)} -> 0.34802244 | AD74: {=_xlfn.XLOOKUP(1,('2013 E Maize Soil VWC'!$C$2:$C$4000=$AA74)*('2013 E Maize Soil VWC'!$E$2:$E$4000=$AB74)*('2013 E Maize Soil VWC'!$F$2:$F$4000=AD$5),'2013 E Maize Soil VWC'!$G$2:$G$4000)} -> 0.35601348 | AE74: {=_xlfn.XLOOKUP(1,('2013 E Maize Soil VWC'!$C$2:$C$4000=$AA74)*('2013 E Maize Soil VWC'!$E$2:$E$4000=$AB74)*('2013 E Maize Soil VWC'!$F$2:$F$4000=AE$5),'2013 E Maize Soil VWC'!$G$2:$G$4000)} -> 0.34859816 | AF74: {=_xlfn.XLOOKUP(1,('2013 E Maize Soil VWC'!$C$2:$C$4000=$AA74)*('2013 E Maize Soil VWC'!$E$2:$E$4000=$AB74)*('2013 E Maize Soil VWC'!$F$2:$F$4000=AF$5),'2013 E Maize Soil VWC'!$G$2:$G$4000)} -> 0.34074529 | AG74: {=_xlfn.XLOOKUP(1,('2013 E Maize Soil VWC'!$C$2:$C$4000=$AA74)*('2013 E Maize Soil VWC'!$E$2:$E$4000=$AB74)*('2013 E Maize Soil VWC'!$F$2:$F$4000=AG$5),'2013 E Maize Soil VWC'!$G$2:$G$4000)} -> 0.30737633 | AH74: {=_xlfn.XLOOKUP(1,('2013 E Maize Soil VWC'!$C$2:$C$4000=$AA74)*('2013 E Maize Soil VWC'!$E$2:$E$4000=$AB74)*('2013 E Maize Soil VWC'!$F$2:$F$4000=AH$5),'2013 E Maize Soil VWC'!$G$2:$G$4000)} -> 0.31900595 | AI74: {=_xlfn.XLOOKUP(1,('2013 E Maize Soil VWC'!$C$2:$C$4000=$AA74)*('2013 E Maize Soil VWC'!$E$2:$E$4000=$AB74)*('2013 E Maize Soil VWC'!$F$2:$F$4000=AI$5),'2013 E Maize Soil VWC'!$G$2:$G$4000)} -> 0.35021019 | AJ74: {=_xlfn.XLOOKUP(1,('2013 E Maize Soil VWC'!$C$2:$C$4000=$AA74)*('2013 E Maize Soil VWC'!$E$2:$E$4000=$AB74)*('2013 E Maize Soil VWC'!$F$2:$F$4000=AJ$5),'2013 E Maize Soil VWC'!$G$2:$G$4000)} -> 0.34903571 | ... AV74: {=_xlfn.XLOOKUP(1,('2013 E Maize Soil VWC'!$C$2:$C$4000=$AA74)*('2013 E Maize Soil VWC'!$E$2:$E$4000=$AB74)*('2013 E Maize Soil VWC'!$F$2:$F$4000=AV$5),'2013 E Maize Soil VWC'!$G$2:$G$4000)} -> 0.34668676
AA75: =AA74 -> 41463 | AB75: =AB74+20 -> 90 | AC75: {=_xlfn.XLOOKUP(1,('2013 E Maize Soil VWC'!$C$2:$C$4000=$AA75)*('2013 E Maize Soil VWC'!$E$2:$E$4000=$AB75)*('2013 E Maize Soil VWC'!$F$2:$F$4000=AC$5),'2013 E Maize Soil VWC'!$G$2:$G$4000)} -> 0.34825273 | AD75: {=_xlfn.XLOOKUP(1,('2013 E Maize Soil VWC'!$C$2:$C$4000=$AA75)*('2013 E Maize Soil VWC'!$E$2:$E$4000=$AB75)*('2013 E Maize Soil VWC'!$F$2:$F$4000=AD$5),'2013 E Maize Soil VWC'!$G$2:$G$4000)} -> 0.34892056 | AE75: {=_xlfn.XLOOKUP(1,('2013 E Maize Soil VWC'!$C$2:$C$4000=$AA75)*('2013 E Maize Soil VWC'!$E$2:$E$4000=$AB75)*('2013 E Maize Soil VWC'!$F$2:$F$4000=AE$5),'2013 E Maize Soil VWC'!$G$2:$G$4000)} -> 0.33710671 | AF75: {=_xlfn.XLOOKUP(1,('2013 E Maize Soil VWC'!$C$2:$C$4000=$AA75)*('2013 E Maize Soil VWC'!$E$2:$E$4000=$AB75)*('2013 E Maize Soil VWC'!$F$2:$F$4000=AF$5),'2013 E Maize Soil VWC'!$G$2:$G$4000)} -> 0.34323241 | AG75: {=_xlfn.XLOOKUP(1,('2013 E Maize Soil VWC'!$C$2:$C$4000=$AA75)*('2013 E Maize Soil VWC'!$E$2:$E$4000=$AB75)*('2013 E Maize Soil VWC'!$F$2:$F$4000=AG$5),'2013 E Maize Soil VWC'!$G$2:$G$4000)} -> 0.33098101 | AH75: {=_xlfn.XLOOKUP(1,('2013 E Maize Soil VWC'!$C$2:$C$4000=$AA75)*('2013 E Maize Soil VWC'!$E$2:$E$4000=$AB75)*('2013 E Maize Soil VWC'!$F$2:$F$4000=AH$5),'2013 E Maize Soil VWC'!$G$2:$G$4000)} -> 0.32455593 | AI75: {=_xlfn.XLOOKUP(1,('2013 E Maize Soil VWC'!$C$2:$C$4000=$AA75)*('2013 E Maize Soil VWC'!$E$2:$E$4000=$AB75)*('2013 E Maize Soil VWC'!$F$2:$F$4000=AI$5),'2013 E Maize Soil VWC'!$G$2:$G$4000)} -> 0.35106226 | AJ75: {=_xlfn.XLOOKUP(1,('2013 E Maize Soil VWC'!$C$2:$C$4000=$AA75)*('2013 E Maize Soil VWC'!$E$2:$E$4000=$AB75)*('2013 E Maize Soil VWC'!$F$2:$F$4000=AJ$5),'2013 E Maize Soil VWC'!$G$2:$G$4000)} -> 0.35170707 | ... AV75: {=_xlfn.XLOOKUP(1,('2013 E Maize Soil VWC'!$C$2:$C$4000=$AA75)*('2013 E Maize Soil VWC'!$E$2:$E$4000=$AB75)*('2013 E Maize Soil VWC'!$F$2:$F$4000=AV$5),'2013 E Maize Soil VWC'!$G$2:$G$4000)} -> 0.33671522
AA76: =AA75 -> 41463 | AB76: =AB75+20 -> 110 | AC76: {=_xlfn.XLOOKUP(1,('2013 E Maize Soil VWC'!$C$2:$C$4000=$AA76)*('2013 E Maize Soil VWC'!$E$2:$E$4000=$AB76)*('2013 E Maize Soil VWC'!$F$2:$F$4000=AC$5),'2013 E Maize Soil VWC'!$G$2:$G$4000)} -> 0.34703219 | AD76: {=_xlfn.XLOOKUP(1,('2013 E Maize Soil VWC'!$C$2:$C$4000=$AA76)*('2013 E Maize Soil VWC'!$E$2:$E$4000=$AB76)*('2013 E Maize Soil VWC'!$F$2:$F$4000=AD$5),'2013 E Maize Soil VWC'!$G$2:$G$4000)} -> 0.3425876 | AE76: {=_xlfn.XLOOKUP(1,('2013 E Maize Soil VWC'!$C$2:$C$4000=$AA76)*('2013 E Maize Soil VWC'!$E$2:$E$4000=$AB76)*('2013 E Maize Soil VWC'!$F$2:$F$4000=AE$5),'2013 E Maize Soil VWC'!$G$2:$G$4000)} -> 0.3320864 | AF76: {=_xlfn.XLOOKUP(1,('2013 E Maize Soil VWC'!$C$2:$C$4000=$AA76)*('2013 E Maize Soil VWC'!$E$2:$E$4000=$AB76)*('2013 E Maize Soil VWC'!$F$2:$F$4000=AF$5),'2013 E Maize Soil VWC'!$G$2:$G$4000)} -> 0.34104466 | AG76: {=_xlfn.XLOOKUP(1,('2013 E Maize Soil VWC'!$C$2:$C$4000=$AA76)*('2013 E Maize Soil VWC'!$E$2:$E$4000=$AB76)*('2013 E Maize Soil VWC'!$F$2:$F$4000=AG$5),'2013 E Maize Soil VWC'!$G$2:$G$4000)} -> 0.33825816 | AH76: {=_xlfn.XLOOKUP(1,('2013 E Maize Soil VWC'!$C$2:$C$4000=$AA76)*('2013 E Maize Soil VWC'!$E$2:$E$4000=$AB76)*('2013 E Maize Soil VWC'!$F$2:$F$4000=AH$5),'2013 E Maize Soil VWC'!$G$2:$G$4000)} -> 0.32538497 | AI76: {=_xlfn.XLOOKUP(1,('2013 E Maize Soil VWC'!$C$2:$C$4000=$AA76)*('2013 E Maize Soil VWC'!$E$2:$E$4000=$AB76)*('2013 E Maize Soil VWC'!$F$2:$F$4000=AI$5),'2013 E Maize Soil VWC'!$G$2:$G$4000)} -> 0.34491353 | AJ76: {=_xlfn.XLOOKUP(1,('2013 E Maize Soil VWC'!$C$2:$C$4000=$AA76)*('2013 E Maize Soil VWC'!$E$2:$E$4000=$AB76)*('2013 E Maize Soil VWC'!$F$2:$F$4000=AJ$5),'2013 E Maize Soil VWC'!$G$2:$G$4000)} -> 0.3448905 | ... AV76: {=_xlfn.XLOOKUP(1,('2013 E Maize Soil VWC'!$C$2:$C$4000=$AA76)*('2013 E Maize Soil VWC'!$E$2:$E$4000=$AB76)*('2013 E Maize Soil VWC'!$F$2:$F$4000=AV$5),'2013 E Maize Soil VWC'!$G$2:$G$4000)} -> 0.33786667
AA77: =AA76 -> 41463 | AB77: =AB76+20 -> 130 | AC77: {=_xlfn.XLOOKUP(1,('2013 E Maize Soil VWC'!$C$2:$C$4000=$AA77)*('2013 E Maize Soil VWC'!$E$2:$E$4000=$AB77)*('2013 E Maize Soil VWC'!$F$2:$F$4000=AC$5),'2013 E Maize Soil VWC'!$G$2:$G$4000)} -> 0.31263427 | AD77: {=_xlfn.XLOOKUP(1,('2013 E Maize Soil VWC'!$C$2:$C$4000=$AA77)*('2013 E Maize Soil VWC'!$E$2:$E$4000=$AB77)*('2013 E Maize Soil VWC'!$F$2:$F$4000=AD$5),'2013 E Maize Soil VWC'!$G$2:$G$4000)} -> 0.31052011 | AE77: {=_xlfn.XLOOKUP(1,('2013 E Maize Soil VWC'!$C$2:$C$4000=$AA77)*('2013 E Maize Soil VWC'!$E$2:$E$4000=$AB77)*('2013 E Maize Soil VWC'!$F$2:$F$4000=AE$5),'2013 E Maize Soil VWC'!$G$2:$G$4000)} -> 0.30623306 | AF77: {=_xlfn.XLOOKUP(1,('2013 E Maize Soil VWC'!$C$2:$C$4000=$AA77)*('2013 E Maize Soil VWC'!$E$2:$E$4000=$AB77)*('2013 E Maize Soil VWC'!$F$2:$F$4000=AF$5),'2013 E Maize Soil VWC'!$G$2:$G$4000)} -> 0.30897364 | AG77: {=_xlfn.XLOOKUP(1,('2013 E Maize Soil VWC'!$C$2:$C$4000=$AA77)*('2013 E Maize Soil VWC'!$E$2:$E$4000=$AB77)*('2013 E Maize Soil VWC'!$F$2:$F$4000=AG$5),'2013 E Maize Soil VWC'!$G$2:$G$4000)} -> 0.32618056 | AH77: {=_xlfn.XLOOKUP(1,('2013 E Maize Soil VWC'!$C$2:$C$4000=$AA77)*('2013 E Maize Soil VWC'!$E$2:$E$4000=$AB77)*('2013 E Maize Soil VWC'!$F$2:$F$4000=AH$5),'2013 E Maize Soil VWC'!$G$2:$G$4000)} -> 0.30294436 | AI77: {=_xlfn.XLOOKUP(1,('2013 E Maize Soil VWC'!$C$2:$C$4000=$AA77)*('2013 E Maize Soil VWC'!$E$2:$E$4000=$AB77)*('2013 E Maize Soil VWC'!$F$2:$F$4000=AI$5),'2013 E Maize Soil VWC'!$G$2:$G$4000)} -> 0.31899633 | AJ77: {=_xlfn.XLOOKUP(1,('2013 E Maize Soil VWC'!$C$2:$C$4000=$AA77)*('2013 E Maize Soil VWC'!$E$2:$E$4000=$AB77)*('2013 E Maize Soil VWC'!$F$2:$F$4000=AJ$5),'2013 E Maize Soil VWC'!$G$2:$G$4000)} -> 0.35209861 | ... AV77: {=_xlfn.XLOOKUP(1,('2013 E Maize Soil VWC'!$C$2:$C$4000=$AA77)*('2013 E Maize Soil VWC'!$E$2:$E$4000=$AB77)*('2013 E Maize Soil VWC'!$F$2:$F$4000=AV$5),'2013 E Maize Soil VWC'!$G$2:$G$4000)} -> 0.30969793
AA78: =AA77 -> 41463 | AB78: =AB77+20 -> 150 | AC78: {=_xlfn.XLOOKUP(1,('2013 E Maize Soil VWC'!$C$2:$C$4000=$AA78)*('2013 E Maize Soil VWC'!$E$2:$E$4000=$AB78)*('2013 E Maize Soil VWC'!$F$2:$F$4000=AC$5),'2013 E Maize Soil VWC'!$G$2:$G$4000)} -> 0.33592919 | AD78: {=_xlfn.XLOOKUP(1,('2013 E Maize Soil VWC'!$C$2:$C$4000=$AA78)*('2013 E Maize Soil VWC'!$E$2:$E$4000=$AB78)*('2013 E Maize Soil VWC'!$F$2:$F$4000=AD$5),'2013 E Maize Soil VWC'!$G$2:$G$4000)} -> 0.33115275 | AE78: {=_xlfn.XLOOKUP(1,('2013 E Maize Soil VWC'!$C$2:$C$4000=$AA78)*('2013 E Maize Soil VWC'!$E$2:$E$4000=$AB78)*('2013 E Maize Soil VWC'!$F$2:$F$4000=AE$5),'2013 E Maize Soil VWC'!$G$2:$G$4000)} -> 0.30930642 | AF78: {=_xlfn.XLOOKUP(1,('2013 E Maize Soil VWC'!$C$2:$C$4000=$AA78)*('2013 E Maize Soil VWC'!$E$2:$E$4000=$AB78)*('2013 E Maize Soil VWC'!$F$2:$F$4000=AF$5),'2013 E Maize Soil VWC'!$G$2:$G$4000)} -> 0.30084978 | AG78: {=_xlfn.XLOOKUP(1,('2013 E Maize Soil VWC'!$C$2:$C$4000=$AA78)*('2013 E Maize Soil VWC'!$E$2:$E$4000=$AB78)*('2013 E Maize Soil VWC'!$F$2:$F$4000=AG$5),'2013 E Maize Soil VWC'!$G$2:$G$4000)} -> 0.35797128 | AH78: {=_xlfn.XLOOKUP(1,('2013 E Maize Soil VWC'!$C$2:$C$4000=$AA78)*('2013 E Maize Soil VWC'!$E$2:$E$4000=$AB78)*('2013 E Maize Soil VWC'!$F$2:$F$4000=AH$5),'2013 E Maize Soil VWC'!$G$2:$G$4000)} -> 0.34632381 | AI78: {=_xlfn.XLOOKUP(1,('2013 E Maize Soil VWC'!$C$2:$C$4000=$AA78)*('2013 E Maize Soil VWC'!$E$2:$E$4000=$AB78)*('2013 E Maize Soil VWC'!$F$2:$F$4000=AI$5),'2013 E Maize Soil VWC'!$G$2:$G$4000)} -> 0.32988034 | AJ78: {=_xlfn.XLOOKUP(1,('2013 E Maize Soil VWC'!$C$2:$C$4000=$AA78)*('2013 E Maize Soil VWC'!$E$2:$E$4000=$AB78)*('2013 E Maize Soil VWC'!$F$2:$F$4000=AJ$5),'2013 E Maize Soil VWC'!$G$2:$G$4000)} -> 0.33682967 | ... AV78: {=_xlfn.XLOOKUP(1,('2013 E Maize Soil VWC'!$C$2:$C$4000=$AA78)*('2013 E Maize Soil VWC'!$E$2:$E$4000=$AB78)*('2013 E Maize Soil VWC'!$F$2:$F$4000=AV$5),'2013 E Maize Soil VWC'!$G$2:$G$4000)} -> 0.34640212
AA79: =AA78 -> 41463 | AB79: =AB78+20 -> 170 | AC79: {=_xlfn.XLOOKUP(1,('2013 E Maize Soil VWC'!$C$2:$C$4000=$AA79)*('2013 E Maize Soil VWC'!$E$2:$E$4000=$AB79)*('2013 E Maize Soil VWC'!$F$2:$F$4000=AC$5),'2013 E Maize Soil VWC'!$G$2:$G$4000)} -> 0.2801584 | AD79: {=_xlfn.XLOOKUP(1,('2013 E Maize Soil VWC'!$C$2:$C$4000=$AA79)*('2013 E Maize Soil VWC'!$E$2:$E$4000=$AB79)*('2013 E Maize Soil VWC'!$F$2:$F$4000=AD$5),'2013 E Maize Soil VWC'!$G$2:$G$4000)} -> 0.26851094 | AE79: {=_xlfn.XLOOKUP(1,('2013 E Maize Soil VWC'!$C$2:$C$4000=$AA79)*('2013 E Maize Soil VWC'!$E$2:$E$4000=$AB79)*('2013 E Maize Soil VWC'!$F$2:$F$4000=AE$5),'2013 E Maize Soil VWC'!$G$2:$G$4000)} -> 0.30063445 | AF79: {=_xlfn.XLOOKUP(1,('2013 E Maize Soil VWC'!$C$2:$C$4000=$AA79)*('2013 E Maize Soil VWC'!$E$2:$E$4000=$AB79)*('2013 E Maize Soil VWC'!$F$2:$F$4000=AF$5),'2013 E Maize Soil VWC'!$G$2:$G$4000)} -> 0.29875519 | AG79: {=_xlfn.XLOOKUP(1,('2013 E Maize Soil VWC'!$C$2:$C$4000=$AA79)*('2013 E Maize Soil VWC'!$E$2:$E$4000=$AB79)*('2013 E Maize Soil VWC'!$F$2:$F$4000=AG$5),'2013 E Maize Soil VWC'!$G$2:$G$4000)} -> 0.32369446 | AH79: {=_xlfn.XLOOKUP(1,('2013 E Maize Soil VWC'!$C$2:$C$4000=$AA79)*('2013 E Maize Soil VWC'!$E$2:$E$4000=$AB79)*('2013 E Maize Soil VWC'!$F$2:$F$4000=AH$5),'2013 E Maize Soil VWC'!$G$2:$G$4000)} -> 0.33021312 | AI79: {=_xlfn.XLOOKUP(1,('2013 E Maize Soil VWC'!$C$2:$C$4000=$AA79)*('2013 E Maize Soil VWC'!$E$2:$E$4000=$AB79)*('2013 E Maize Soil VWC'!$F$2:$F$4000=AI$5),'2013 E Maize Soil VWC'!$G$2:$G$4000)} -> 0.30088893 | AJ79: {=_xlfn.XLOOKUP(1,('2013 E Maize Soil VWC'!$C$2:$C$4000=$AA79)*('2013 E Maize Soil VWC'!$E$2:$E$4000=$AB79)*('2013 E Maize Soil VWC'!$F$2:$F$4000=AJ$5),'2013 E Maize Soil VWC'!$G$2:$G$4000)} -> 0.30621348 | ... AV79: {=_xlfn.XLOOKUP(1,('2013 E Maize Soil VWC'!$C$2:$C$4000=$AA79)*('2013 E Maize Soil VWC'!$E$2:$E$4000=$AB79)*('2013 E Maize Soil VWC'!$F$2:$F$4000=AV$5),'2013 E Maize Soil VWC'!$G$2:$G$4000)} -> 0.32024916
AA80: =AA79 -> 41463 | AB80: =AB79+20 -> 190 | AC80: {=_xlfn.XLOOKUP(1,('2013 E Maize Soil VWC'!$C$2:$C$4000=$AA80)*('2013 E Maize Soil VWC'!$E$2:$E$4000=$AB80)*('2013 E Maize Soil VWC'!$F$2:$F$4000=AC$5),'2013 E Maize Soil VWC'!$G$2:$G$4000)} -> 0.29254974 | AD80: {=_xlfn.XLOOKUP(1,('2013 E Maize Soil VWC'!$C$2:$C$4000=$AA80)*('2013 E Maize Soil VWC'!$E$2:$E$4000=$AB80)*('2013 E Maize Soil VWC'!$F$2:$F$4000=AD$5),'2013 E Maize Soil VWC'!$G$2:$G$4000)} -> 0.29452687 | AE80: {=_xlfn.XLOOKUP(1,('2013 E Maize Soil VWC'!$C$2:$C$4000=$AA80)*('2013 E Maize Soil VWC'!$E$2:$E$4000=$AB80)*('2013 E Maize Soil VWC'!$F$2:$F$4000=AE$5),'2013 E Maize Soil VWC'!$G$2:$G$4000)} -> 0.29464432 | AF80: {=_xlfn.XLOOKUP(1,('2013 E Maize Soil VWC'!$C$2:$C$4000=$AA80)*('2013 E Maize Soil VWC'!$E$2:$E$4000=$AB80)*('2013 E Maize Soil VWC'!$F$2:$F$4000=AF$5),'2013 E Maize Soil VWC'!$G$2:$G$4000)} -> 0.29773726 | AG80: {=_xlfn.XLOOKUP(1,('2013 E Maize Soil VWC'!$C$2:$C$4000=$AA80)*('2013 E Maize Soil VWC'!$E$2:$E$4000=$AB80)*('2013 E Maize Soil VWC'!$F$2:$F$4000=AG$5),'2013 E Maize Soil VWC'!$G$2:$G$4000)} -> 0.33953109 | AH80: {=_xlfn.XLOOKUP(1,('2013 E Maize Soil VWC'!$C$2:$C$4000=$AA80)*('2013 E Maize Soil VWC'!$E$2:$E$4000=$AB80)*('2013 E Maize Soil VWC'!$F$2:$F$4000=AH$5),'2013 E Maize Soil VWC'!$G$2:$G$4000)} -> 0.34469904 | AI80: {=_xlfn.XLOOKUP(1,('2013 E Maize Soil VWC'!$C$2:$C$4000=$AA80)*('2013 E Maize Soil VWC'!$E$2:$E$4000=$AB80)*('2013 E Maize Soil VWC'!$F$2:$F$4000=AI$5),'2013 E Maize Soil VWC'!$G$2:$G$4000)} -> 0.28832142 | AJ80: {=_xlfn.XLOOKUP(1,('2013 E Maize Soil VWC'!$C$2:$C$4000=$AA80)*('2013 E Maize Soil VWC'!$E$2:$E$4000=$AB80)*('2013 E Maize Soil VWC'!$F$2:$F$4000=AJ$5),'2013 E Maize Soil VWC'!$G$2:$G$4000)} -> 0.29799174 | ... AV80: {=_xlfn.XLOOKUP(1,('2013 E Maize Soil VWC'!$C$2:$C$4000=$AA80)*('2013 E Maize Soil VWC'!$E$2:$E$4000=$AB80)*('2013 E Maize Soil VWC'!$F$2:$F$4000=AV$5),'2013 E Maize Soil VWC'!$G$2:$G$4000)} -> 0.30979581
AA81: =AA80 -> 41463 | AB81: =AB80+20 -> 210 | AC81: {=_xlfn.XLOOKUP(1,('2013 E Maize Soil VWC'!$C$2:$C$4000=$AA81)*('2013 E Maize Soil VWC'!$E$2:$E$4000=$AB81)*('2013 E Maize Soil VWC'!$F$2:$F$4000=AC$5),'2013 E Maize Soil VWC'!$G$2:$G$4000)} -> 0.30384484 | AD81: {=_xlfn.XLOOKUP(1,('2013 E Maize Soil VWC'!$C$2:$C$4000=$AA81)*('2013 E Maize Soil VWC'!$E$2:$E$4000=$AB81)*('2013 E Maize Soil VWC'!$F$2:$F$4000=AD$5),'2013 E Maize Soil VWC'!$G$2:$G$4000)} -> 0.29897052 | AE81: {=_xlfn.XLOOKUP(1,('2013 E Maize Soil VWC'!$C$2:$C$4000=$AA81)*('2013 E Maize Soil VWC'!$E$2:$E$4000=$AB81)*('2013 E Maize Soil VWC'!$F$2:$F$4000=AE$5),'2013 E Maize Soil VWC'!$G$2:$G$4000)} -> 0.27679141 | AF81: {=_xlfn.XLOOKUP(1,('2013 E Maize Soil VWC'!$C$2:$C$4000=$AA81)*('2013 E Maize Soil VWC'!$E$2:$E$4000=$AB81)*('2013 E Maize Soil VWC'!$F$2:$F$4000=AF$5),'2013 E Maize Soil VWC'!$G$2:$G$4000)} -> 0.29591673 | AG81: {=_xlfn.XLOOKUP(1,('2013 E Maize Soil VWC'!$C$2:$C$4000=$AA81)*('2013 E Maize Soil VWC'!$E$2:$E$4000=$AB81)*('2013 E Maize Soil VWC'!$F$2:$F$4000=AG$5),'2013 E Maize Soil VWC'!$G$2:$G$4000)} -> #N/A | AH81: {=_xlfn.XLOOKUP(1,('2013 E Maize Soil VWC'!$C$2:$C$4000=$AA81)*('2013 E Maize Soil VWC'!$E$2:$E$4000=$AB81)*('2013 E Maize Soil VWC'!$F$2:$F$4000=AH$5),'2013 E Maize Soil VWC'!$G$2:$G$4000)} -> #N/A | AI81: {=_xlfn.XLOOKUP(1,('2013 E Maize Soil VWC'!$C$2:$C$4000=$AA81)*('2013 E Maize Soil VWC'!$E$2:$E$4000=$AB81)*('2013 E Maize Soil VWC'!$F$2:$F$4000=AI$5),'2013 E Maize Soil VWC'!$G$2:$G$4000)} -> 0.28642259 | AJ81: {=_xlfn.XLOOKUP(1,('2013 E Maize Soil VWC'!$C$2:$C$4000=$AA81)*('2013 E Maize Soil VWC'!$E$2:$E$4000=$AB81)*('2013 E Maize Soil VWC'!$F$2:$F$4000=AJ$5),'2013 E Maize Soil VWC'!$G$2:$G$4000)} -> 0.309326 | ... AV81: {=_xlfn.XLOOKUP(1,('2013 E Maize Soil VWC'!$C$2:$C$4000=$AA81)*('2013 E Maize Soil VWC'!$E$2:$E$4000=$AB81)*('2013 E Maize Soil VWC'!$F$2:$F$4000=AV$5),'2013 E Maize Soil VWC'!$G$2:$G$4000)} -> 0.30599815
AA82: =AA81 -> 41463 | AB82: =AB81+20 -> 230 | AC82: {=_xlfn.XLOOKUP(1,('2013 E Maize Soil VWC'!$C$2:$C$4000=$AA82)*('2013 E Maize Soil VWC'!$E$2:$E$4000=$AB82)*('2013 E Maize Soil VWC'!$F$2:$F$4000=AC$5),'2013 E Maize Soil VWC'!$G$2:$G$4000)} -> 0.30061487 | AD82: {=_xlfn.XLOOKUP(1,('2013 E Maize Soil VWC'!$C$2:$C$4000=$AA82)*('2013 E Maize Soil VWC'!$E$2:$E$4000=$AB82)*('2013 E Maize Soil VWC'!$F$2:$F$4000=AD$5),'2013 E Maize Soil VWC'!$G$2:$G$4000)} -> 0.30543046 | AE82: {=_xlfn.XLOOKUP(1,('2013 E Maize Soil VWC'!$C$2:$C$4000=$AA82)*('2013 E Maize Soil VWC'!$E$2:$E$4000=$AB82)*('2013 E Maize Soil VWC'!$F$2:$F$4000=AE$5),'2013 E Maize Soil VWC'!$G$2:$G$4000)} -> 0.28943722 | AF82: {=_xlfn.XLOOKUP(1,('2013 E Maize Soil VWC'!$C$2:$C$4000=$AA82)*('2013 E Maize Soil VWC'!$E$2:$E$4000=$AB82)*('2013 E Maize Soil VWC'!$F$2:$F$4000=AF$5),'2013 E Maize Soil VWC'!$G$2:$G$4000)} -> 0.28636386 | AG82: {=_xlfn.XLOOKUP(1,('2013 E Maize Soil VWC'!$C$2:$C$4000=$AA82)*('2013 E Maize Soil VWC'!$E$2:$E$4000=$AB82)*('2013 E Maize Soil VWC'!$F$2:$F$4000=AG$5),'2013 E Maize Soil VWC'!$G$2:$G$4000)} -> #N/A | AH82: {=_xlfn.XLOOKUP(1,('2013 E Maize Soil VWC'!$C$2:$C$4000=$AA82)*('2013 E Maize Soil VWC'!$E$2:$E$4000=$AB82)*('2013 E Maize Soil VWC'!$F$2:$F$4000=AH$5),'2013 E Maize Soil VWC'!$G$2:$G$4000)} -> #N/A | AI82: {=_xlfn.XLOOKUP(1,('2013 E Maize Soil VWC'!$C$2:$C$4000=$AA82)*('2013 E Maize Soil VWC'!$E$2:$E$4000=$AB82)*('2013 E Maize Soil VWC'!$F$2:$F$4000=AI$5),'2013 E Maize Soil VWC'!$G$2:$G$4000)} -> 0.29023982 | AJ82: {=_xlfn.XLOOKUP(1,('2013 E Maize Soil VWC'!$C$2:$C$4000=$AA82)*('2013 E Maize Soil VWC'!$E$2:$E$4000=$AB82)*('2013 E Maize Soil VWC'!$F$2:$F$4000=AJ$5),'2013 E Maize Soil VWC'!$G$2:$G$4000)} -> 0.31012859 | ... AV82: {=_xlfn.XLOOKUP(1,('2013 E Maize Soil VWC'!$C$2:$C$4000=$AA82)*('2013 E Maize Soil VWC'!$E$2:$E$4000=$AB82)*('2013 E Maize Soil VWC'!$F$2:$F$4000=AV$5),'2013 E Maize Soil VWC'!$G$2:$G$4000)} -> 0.30380569
Y84: 2013 | Z84: 197 | AA84: =DATE(Y84,1,Z84) -> 41471 | AB84: 10 | AC84: {=_xlfn.XLOOKUP(1,('2013 E Maize Soil VWC'!$C$2:$C$4000=$AA84)*('2013 E Maize Soil VWC'!$E$2:$E$4000=$AB84)*('2013 E Maize Soil VWC'!$F$2:$F$4000=AC$5),'2013 E Maize Soil VWC'!$G$2:$G$4000)} -> 0.23892854 | AD84: {=_xlfn.XLOOKUP(1,('2013 E Maize Soil VWC'!$C$2:$C$4000=$AA84)*('2013 E Maize Soil VWC'!$E$2:$E$4000=$AB84)*('2013 E Maize Soil VWC'!$F$2:$F$4000=AD$5),'2013 E Maize Soil VWC'!$G$2:$G$4000)} -> 0.27081633 | AE84: {=_xlfn.XLOOKUP(1,('2013 E Maize Soil VWC'!$C$2:$C$4000=$AA84)*('2013 E Maize Soil VWC'!$E$2:$E$4000=$AB84)*('2013 E Maize Soil VWC'!$F$2:$F$4000=AE$5),'2013 E Maize Soil VWC'!$G$2:$G$4000)} -> 0.25858593 | AF84: {=_xlfn.XLOOKUP(1,('2013 E Maize Soil VWC'!$C$2:$C$4000=$AA84)*('2013 E Maize Soil VWC'!$E$2:$E$4000=$AB84)*('2013 E Maize Soil VWC'!$F$2:$F$4000=AF$5),'2013 E Maize Soil VWC'!$G$2:$G$4000)} -> 0.24392487 | AG84: {=_xlfn.XLOOKUP(1,('2013 E Maize Soil VWC'!$C$2:$C$4000=$AA84)*('2013 E Maize Soil VWC'!$E$2:$E$4000=$AB84)*('2013 E Maize Soil VWC'!$F$2:$F$4000=AG$5),'2013 E Maize Soil VWC'!$G$2:$G$4000)} -> 0.24020174 | AH84: {=_xlfn.XLOOKUP(1,('2013 E Maize Soil VWC'!$C$2:$C$4000=$AA84)*('2013 E Maize Soil VWC'!$E$2:$E$4000=$AB84)*('2013 E Maize Soil VWC'!$F$2:$F$4000=AH$5),'2013 E Maize Soil VWC'!$G$2:$G$4000)} -> 0.21525866 | AI84: {=_xlfn.XLOOKUP(1,('2013 E Maize Soil VWC'!$C$2:$C$4000=$AA84)*('2013 E Maize Soil VWC'!$E$2:$E$4000=$AB84)*('2013 E Maize Soil VWC'!$F$2:$F$4000=AI$5),'2013 E Maize Soil VWC'!$G$2:$G$4000)} -> 0.28636476 | AJ84: {=_xlfn.XLOOKUP(1,('2013 E Maize Soil VWC'!$C$2:$C$4000=$AA84)*('2013 E Maize Soil VWC'!$E$2:$E$4000=$AB84)*('2013 E Maize Soil VWC'!$F$2:$F$4000=AJ$5),'2013 E Maize Soil VWC'!$G$2:$G$4000)} -> 0.27994091 | ... AV84: {=_xlfn.XLOOKUP(1,('2013 E Maize Soil VWC'!$C$2:$C$4000=$AA84)*('2013 E Maize Soil VWC'!$E$2:$E$4000=$AB84)*('2013 E Maize Soil VWC'!$F$2:$F$4000=AV$5),'2013 E Maize Soil VWC'!$G$2:$G$4000)} -> #N/A | AW84: =Z84 -> 197 | AX84: =AA84 -> 41471 | AY84: =1400*AVERAGE(AG84:AH90)+100*AVERAGE(AG91:AH91) -> 445.79682 | AZ84: =1400*AVERAGE(AC84:AF90,AI84:AL90)+100*AVERAGE(AC91:AF91,AI91:AL91) -> 485.09249 | BA84: =1400*AVERAGE(AQ84:AR90)+100*AVERAGE(AQ91:AR91) -> 433.5371 | BB84: =1400*AVERAGE(AM84:AP90,AS84:AV90)+100*AVERAGE(AM91:AP91,AS91:AV91) -> #N/A | BC84: =AVERAGE(AC84:AD95)*2400 -> 761.23588 | BD84: =AVERAGE(AE84:AF95)*2400 -> 730.68937 | BE84: =AVERAGE(AG84:AH93)*2000 -> 612.812 | BF84: =AVERAGE(AI84:AJ95)*2400 -> 767.78707 | BG84: =AVERAGE(AK84:AL95)*2400 -> 747.83517 | BH84: =AVERAGE(AM84:AN95)*2400 -> 769.97203 | BI84: =AVERAGE(AO84:AP95)*2400 -> 753.24608 | BJ84: =AVERAGE(AQ84:AR93)*2000 -> 597.48283 | BK84: =AVERAGE(AS84:AT95)*2400 -> #N/A | BL84: =AVERAGE(AU84:AV95)*2400 -> #N/A
AA85: =AA84 -> 41471 | AB85: =AB84+20 -> 30 | AC85: {=_xlfn.XLOOKUP(1,('2013 E Maize Soil VWC'!$C$2:$C$4000=$AA85)*('2013 E Maize Soil VWC'!$E$2:$E$4000=$AB85)*('2013 E Maize Soil VWC'!$F$2:$F$4000=AC$5),'2013 E Maize Soil VWC'!$G$2:$G$4000)} -> 0.31760119 | AD85: {=_xlfn.XLOOKUP(1,('2013 E Maize Soil VWC'!$C$2:$C$4000=$AA85)*('2013 E Maize Soil VWC'!$E$2:$E$4000=$AB85)*('2013 E Maize Soil VWC'!$F$2:$F$4000=AD$5),'2013 E Maize Soil VWC'!$G$2:$G$4000)} -> 0.34076831 | AE85: {=_xlfn.XLOOKUP(1,('2013 E Maize Soil VWC'!$C$2:$C$4000=$AA85)*('2013 E Maize Soil VWC'!$E$2:$E$4000=$AB85)*('2013 E Maize Soil VWC'!$F$2:$F$4000=AE$5),'2013 E Maize Soil VWC'!$G$2:$G$4000)} -> 0.31437713 | AF85: {=_xlfn.XLOOKUP(1,('2013 E Maize Soil VWC'!$C$2:$C$4000=$AA85)*('2013 E Maize Soil VWC'!$E$2:$E$4000=$AB85)*('2013 E Maize Soil VWC'!$F$2:$F$4000=AF$5),'2013 E Maize Soil VWC'!$G$2:$G$4000)} -> 0.2849231 | AG85: {=_xlfn.XLOOKUP(1,('2013 E Maize Soil VWC'!$C$2:$C$4000=$AA85)*('2013 E Maize Soil VWC'!$E$2:$E$4000=$AB85)*('2013 E Maize Soil VWC'!$F$2:$F$4000=AG$5),'2013 E Maize Soil VWC'!$G$2:$G$4000)} -> 0.27426069 | AH85: {=_xlfn.XLOOKUP(1,('2013 E Maize Soil VWC'!$C$2:$C$4000=$AA85)*('2013 E Maize Soil VWC'!$E$2:$E$4000=$AB85)*('2013 E Maize Soil VWC'!$F$2:$F$4000=AH$5),'2013 E Maize Soil VWC'!$G$2:$G$4000)} -> 0.28063971 | AI85: {=_xlfn.XLOOKUP(1,('2013 E Maize Soil VWC'!$C$2:$C$4000=$AA85)*('2013 E Maize Soil VWC'!$E$2:$E$4000=$AB85)*('2013 E Maize Soil VWC'!$F$2:$F$4000=AI$5),'2013 E Maize Soil VWC'!$G$2:$G$4000)} -> 0.35198342 | AJ85: {=_xlfn.XLOOKUP(1,('2013 E Maize Soil VWC'!$C$2:$C$4000=$AA85)*('2013 E Maize Soil VWC'!$E$2:$E$4000=$AB85)*('2013 E Maize Soil VWC'!$F$2:$F$4000=AJ$5),'2013 E Maize Soil VWC'!$G$2:$G$4000)} -> 0.32796422 | ... AV85: {=_xlfn.XLOOKUP(1,('2013 E Maize Soil VWC'!$C$2:$C$4000=$AA85)*('2013 E Maize Soil VWC'!$E$2:$E$4000=$AB85)*('2013 E Maize Soil VWC'!$F$2:$F$4000=AV$5),'2013 E Maize Soil VWC'!$G$2:$G$4000)} -> #N/A
AA86: =AA85 -> 41471 | AB86: =AB85+20 -> 50 | AC86: {=_xlfn.XLOOKUP(1,('2013 E Maize Soil VWC'!$C$2:$C$4000=$AA86)*('2013 E Maize Soil VWC'!$E$2:$E$4000=$AB86)*('2013 E Maize Soil VWC'!$F$2:$F$4000=AC$5),'2013 E Maize Soil VWC'!$G$2:$G$4000)} -> 0.33563286 | AD86: {=_xlfn.XLOOKUP(1,('2013 E Maize Soil VWC'!$C$2:$C$4000=$AA86)*('2013 E Maize Soil VWC'!$E$2:$E$4000=$AB86)*('2013 E Maize Soil VWC'!$F$2:$F$4000=AD$5),'2013 E Maize Soil VWC'!$G$2:$G$4000)} -> 0.35573714 | AE86: {=_xlfn.XLOOKUP(1,('2013 E Maize Soil VWC'!$C$2:$C$4000=$AA86)*('2013 E Maize Soil VWC'!$E$2:$E$4000=$AB86)*('2013 E Maize Soil VWC'!$F$2:$F$4000=AE$5),'2013 E Maize Soil VWC'!$G$2:$G$4000)} -> 0.33395174 | AF86: {=_xlfn.XLOOKUP(1,('2013 E Maize Soil VWC'!$C$2:$C$4000=$AA86)*('2013 E Maize Soil VWC'!$E$2:$E$4000=$AB86)*('2013 E Maize Soil VWC'!$F$2:$F$4000=AF$5),'2013 E Maize Soil VWC'!$G$2:$G$4000)} -> 0.32759575 | AG86: {=_xlfn.XLOOKUP(1,('2013 E Maize Soil VWC'!$C$2:$C$4000=$AA86)*('2013 E Maize Soil VWC'!$E$2:$E$4000=$AB86)*('2013 E Maize Soil VWC'!$F$2:$F$4000=AG$5),'2013 E Maize Soil VWC'!$G$2:$G$4000)} -> 0.28787081 | AH86: {=_xlfn.XLOOKUP(1,('2013 E Maize Soil VWC'!$C$2:$C$4000=$AA86)*('2013 E Maize Soil VWC'!$E$2:$E$4000=$AB86)*('2013 E Maize Soil VWC'!$F$2:$F$4000=AH$5),'2013 E Maize Soil VWC'!$G$2:$G$4000)} -> 0.29404257 | AI86: {=_xlfn.XLOOKUP(1,('2013 E Maize Soil VWC'!$C$2:$C$4000=$AA86)*('2013 E Maize Soil VWC'!$E$2:$E$4000=$AB86)*('2013 E Maize Soil VWC'!$F$2:$F$4000=AI$5),'2013 E Maize Soil VWC'!$G$2:$G$4000)} -> 0.34396934 | AJ86: {=_xlfn.XLOOKUP(1,('2013 E Maize Soil VWC'!$C$2:$C$4000=$AA86)*('2013 E Maize Soil VWC'!$E$2:$E$4000=$AB86)*('2013 E Maize Soil VWC'!$F$2:$F$4000=AJ$5),'2013 E Maize Soil VWC'!$G$2:$G$4000)} -> 0.33600132 | ... AV86: {=_xlfn.XLOOKUP(1,('2013 E Maize Soil VWC'!$C$2:$C$4000=$AA86)*('2013 E Maize Soil VWC'!$E$2:$E$4000=$AB86)*('2013 E Maize Soil VWC'!$F$2:$F$4000=AV$5),'2013 E Maize Soil VWC'!$G$2:$G$4000)} -> #N/A
AA87: =AA86 -> 41471 | AB87: =AB86+20 -> 70 | AC87: {=_xlfn.XLOOKUP(1,('2013 E Maize Soil VWC'!$C$2:$C$4000=$AA87)*('2013 E Maize Soil VWC'!$E$2:$E$4000=$AB87)*('2013 E Maize Soil VWC'!$F$2:$F$4000=AC$5),'2013 E Maize Soil VWC'!$G$2:$G$4000)} -> 0.34921994 | AD87: {=_xlfn.XLOOKUP(1,('2013 E Maize Soil VWC'!$C$2:$C$4000=$AA87)*('2013 E Maize Soil VWC'!$E$2:$E$4000=$AB87)*('2013 E Maize Soil VWC'!$F$2:$F$4000=AD$5),'2013 E Maize Soil VWC'!$G$2:$G$4000)} -> 0.35516141 | AE87: {=_xlfn.XLOOKUP(1,('2013 E Maize Soil VWC'!$C$2:$C$4000=$AA87)*('2013 E Maize Soil VWC'!$E$2:$E$4000=$AB87)*('2013 E Maize Soil VWC'!$F$2:$F$4000=AE$5),'2013 E Maize Soil VWC'!$G$2:$G$4000)} -> 0.34546622 | AF87: {=_xlfn.XLOOKUP(1,('2013 E Maize Soil VWC'!$C$2:$C$4000=$AA87)*('2013 E Maize Soil VWC'!$E$2:$E$4000=$AB87)*('2013 E Maize Soil VWC'!$F$2:$F$4000=AF$5),'2013 E Maize Soil VWC'!$G$2:$G$4000)} -> 0.33374448 | AG87: {=_xlfn.XLOOKUP(1,('2013 E Maize Soil VWC'!$C$2:$C$4000=$AA87)*('2013 E Maize Soil VWC'!$E$2:$E$4000=$AB87)*('2013 E Maize Soil VWC'!$F$2:$F$4000=AG$5),'2013 E Maize Soil VWC'!$G$2:$G$4000)} -> 0.30072096 | AH87: {=_xlfn.XLOOKUP(1,('2013 E Maize Soil VWC'!$C$2:$C$4000=$AA87)*('2013 E Maize Soil VWC'!$E$2:$E$4000=$AB87)*('2013 E Maize Soil VWC'!$F$2:$F$4000=AH$5),'2013 E Maize Soil VWC'!$G$2:$G$4000)} -> 0.30323112 | AI87: {=_xlfn.XLOOKUP(1,('2013 E Maize Soil VWC'!$C$2:$C$4000=$AA87)*('2013 E Maize Soil VWC'!$E$2:$E$4000=$AB87)*('2013 E Maize Soil VWC'!$F$2:$F$4000=AI$5),'2013 E Maize Soil VWC'!$G$2:$G$4000)} -> 0.34539713 | AJ87: {=_xlfn.XLOOKUP(1,('2013 E Maize Soil VWC'!$C$2:$C$4000=$AA87)*('2013 E Maize Soil VWC'!$E$2:$E$4000=$AB87)*('2013 E Maize Soil VWC'!$F$2:$F$4000=AJ$5),'2013 E Maize Soil VWC'!$G$2:$G$4000)} -> 0.34380814 | ... AV87: {=_xlfn.XLOOKUP(1,('2013 E Maize Soil VWC'!$C$2:$C$4000=$AA87)*('2013 E Maize Soil VWC'!$E$2:$E$4000=$AB87)*('2013 E Maize Soil VWC'!$F$2:$F$4000=AV$5),'2013 E Maize Soil VWC'!$G$2:$G$4000)} -> #N/A
AA88: =AA87 -> 41471 | AB88: =AB87+20 -> 90 | AC88: {=_xlfn.XLOOKUP(1,('2013 E Maize Soil VWC'!$C$2:$C$4000=$AA88)*('2013 E Maize Soil VWC'!$E$2:$E$4000=$AB88)*('2013 E Maize Soil VWC'!$F$2:$F$4000=AC$5),'2013 E Maize Soil VWC'!$G$2:$G$4000)} -> 0.35214462 | AD88: {=_xlfn.XLOOKUP(1,('2013 E Maize Soil VWC'!$C$2:$C$4000=$AA88)*('2013 E Maize Soil VWC'!$E$2:$E$4000=$AB88)*('2013 E Maize Soil VWC'!$F$2:$F$4000=AD$5),'2013 E Maize Soil VWC'!$G$2:$G$4000)} -> 0.35670435 | AE88: {=_xlfn.XLOOKUP(1,('2013 E Maize Soil VWC'!$C$2:$C$4000=$AA88)*('2013 E Maize Soil VWC'!$E$2:$E$4000=$AB88)*('2013 E Maize Soil VWC'!$F$2:$F$4000=AE$5),'2013 E Maize Soil VWC'!$G$2:$G$4000)} -> 0.33611647 | AF88: {=_xlfn.XLOOKUP(1,('2013 E Maize Soil VWC'!$C$2:$C$4000=$AA88)*('2013 E Maize Soil VWC'!$E$2:$E$4000=$AB88)*('2013 E Maize Soil VWC'!$F$2:$F$4000=AF$5),'2013 E Maize Soil VWC'!$G$2:$G$4000)} -> 0.33782061 | AG88: {=_xlfn.XLOOKUP(1,('2013 E Maize Soil VWC'!$C$2:$C$4000=$AA88)*('2013 E Maize Soil VWC'!$E$2:$E$4000=$AB88)*('2013 E Maize Soil VWC'!$F$2:$F$4000=AG$5),'2013 E Maize Soil VWC'!$G$2:$G$4000)} -> 0.31889081 | AH88: {=_xlfn.XLOOKUP(1,('2013 E Maize Soil VWC'!$C$2:$C$4000=$AA88)*('2013 E Maize Soil VWC'!$E$2:$E$4000=$AB88)*('2013 E Maize Soil VWC'!$F$2:$F$4000=AH$5),'2013 E Maize Soil VWC'!$G$2:$G$4000)} -> 0.32229909 | AI88: {=_xlfn.XLOOKUP(1,('2013 E Maize Soil VWC'!$C$2:$C$4000=$AA88)*('2013 E Maize Soil VWC'!$E$2:$E$4000=$AB88)*('2013 E Maize Soil VWC'!$F$2:$F$4000=AI$5),'2013 E Maize Soil VWC'!$G$2:$G$4000)} -> 0.34553531 | AJ88: {=_xlfn.XLOOKUP(1,('2013 E Maize Soil VWC'!$C$2:$C$4000=$AA88)*('2013 E Maize Soil VWC'!$E$2:$E$4000=$AB88)*('2013 E Maize Soil VWC'!$F$2:$F$4000=AJ$5),'2013 E Maize Soil VWC'!$G$2:$G$4000)} -> 0.34053803 | ... AV88: {=_xlfn.XLOOKUP(1,('2013 E Maize Soil VWC'!$C$2:$C$4000=$AA88)*('2013 E Maize Soil VWC'!$E$2:$E$4000=$AB88)*('2013 E Maize Soil VWC'!$F$2:$F$4000=AV$5),'2013 E Maize Soil VWC'!$G$2:$G$4000)} -> #N/A
AA89: =AA88 -> 41471 | AB89: =AB88+20 -> 110 | AC89: {=_xlfn.XLOOKUP(1,('2013 E Maize Soil VWC'!$C$2:$C$4000=$AA89)*('2013 E Maize Soil VWC'!$E$2:$E$4000=$AB89)*('2013 E Maize Soil VWC'!$F$2:$F$4000=AC$5),'2013 E Maize Soil VWC'!$G$2:$G$4000)} -> 0.34834484 | AD89: {=_xlfn.XLOOKUP(1,('2013 E Maize Soil VWC'!$C$2:$C$4000=$AA89)*('2013 E Maize Soil VWC'!$E$2:$E$4000=$AB89)*('2013 E Maize Soil VWC'!$F$2:$F$4000=AD$5),'2013 E Maize Soil VWC'!$G$2:$G$4000)} -> 0.34369299 | AE89: {=_xlfn.XLOOKUP(1,('2013 E Maize Soil VWC'!$C$2:$C$4000=$AA89)*('2013 E Maize Soil VWC'!$E$2:$E$4000=$AB89)*('2013 E Maize Soil VWC'!$F$2:$F$4000=AE$5),'2013 E Maize Soil VWC'!$G$2:$G$4000)} -> 0.32619099 | AF89: {=_xlfn.XLOOKUP(1,('2013 E Maize Soil VWC'!$C$2:$C$4000=$AA89)*('2013 E Maize Soil VWC'!$E$2:$E$4000=$AB89)*('2013 E Maize Soil VWC'!$F$2:$F$4000=AF$5),'2013 E Maize Soil VWC'!$G$2:$G$4000)} -> 0.33913326 | AG89: {=_xlfn.XLOOKUP(1,('2013 E Maize Soil VWC'!$C$2:$C$4000=$AA89)*('2013 E Maize Soil VWC'!$E$2:$E$4000=$AB89)*('2013 E Maize Soil VWC'!$F$2:$F$4000=AG$5),'2013 E Maize Soil VWC'!$G$2:$G$4000)} -> 0.33102707 | AH89: {=_xlfn.XLOOKUP(1,('2013 E Maize Soil VWC'!$C$2:$C$4000=$AA89)*('2013 E Maize Soil VWC'!$E$2:$E$4000=$AB89)*('2013 E Maize Soil VWC'!$F$2:$F$4000=AH$5),'2013 E Maize Soil VWC'!$G$2:$G$4000)} -> 0.32216092 | AI89: {=_xlfn.XLOOKUP(1,('2013 E Maize Soil VWC'!$C$2:$C$4000=$AA89)*('2013 E Maize Soil VWC'!$E$2:$E$4000=$AB89)*('2013 E Maize Soil VWC'!$F$2:$F$4000=AI$5),'2013 E Maize Soil VWC'!$G$2:$G$4000)} -> 0.34005442 | AJ89: {=_xlfn.XLOOKUP(1,('2013 E Maize Soil VWC'!$C$2:$C$4000=$AA89)*('2013 E Maize Soil VWC'!$E$2:$E$4000=$AB89)*('2013 E Maize Soil VWC'!$F$2:$F$4000=AJ$5),'2013 E Maize Soil VWC'!$G$2:$G$4000)} -> 0.34650252 | ... AV89: {=_xlfn.XLOOKUP(1,('2013 E Maize Soil VWC'!$C$2:$C$4000=$AA89)*('2013 E Maize Soil VWC'!$E$2:$E$4000=$AB89)*('2013 E Maize Soil VWC'!$F$2:$F$4000=AV$5),'2013 E Maize Soil VWC'!$G$2:$G$4000)} -> #N/A
AA90: =AA89 -> 41471 | AB90: =AB89+20 -> 130 | AC90: {=_xlfn.XLOOKUP(1,('2013 E Maize Soil VWC'!$C$2:$C$4000=$AA90)*('2013 E Maize Soil VWC'!$E$2:$E$4000=$AB90)*('2013 E Maize Soil VWC'!$F$2:$F$4000=AC$5),'2013 E Maize Soil VWC'!$G$2:$G$4000)} -> 0.31938784 | AD90: {=_xlfn.XLOOKUP(1,('2013 E Maize Soil VWC'!$C$2:$C$4000=$AA90)*('2013 E Maize Soil VWC'!$E$2:$E$4000=$AB90)*('2013 E Maize Soil VWC'!$F$2:$F$4000=AD$5),'2013 E Maize Soil VWC'!$G$2:$G$4000)} -> 0.3110095 | AE90: {=_xlfn.XLOOKUP(1,('2013 E Maize Soil VWC'!$C$2:$C$4000=$AA90)*('2013 E Maize Soil VWC'!$E$2:$E$4000=$AB90)*('2013 E Maize Soil VWC'!$F$2:$F$4000=AE$5),'2013 E Maize Soil VWC'!$G$2:$G$4000)} -> 0.3066833 | AF90: {=_xlfn.XLOOKUP(1,('2013 E Maize Soil VWC'!$C$2:$C$4000=$AA90)*('2013 E Maize Soil VWC'!$E$2:$E$4000=$AB90)*('2013 E Maize Soil VWC'!$F$2:$F$4000=AF$5),'2013 E Maize Soil VWC'!$G$2:$G$4000)} -> 0.30809274 | AG90: {=_xlfn.XLOOKUP(1,('2013 E Maize Soil VWC'!$C$2:$C$4000=$AA90)*('2013 E Maize Soil VWC'!$E$2:$E$4000=$AB90)*('2013 E Maize Soil VWC'!$F$2:$F$4000=AG$5),'2013 E Maize Soil VWC'!$G$2:$G$4000)} -> 0.31611872 | AH90: {=_xlfn.XLOOKUP(1,('2013 E Maize Soil VWC'!$C$2:$C$4000=$AA90)*('2013 E Maize Soil VWC'!$E$2:$E$4000=$AB90)*('2013 E Maize Soil VWC'!$F$2:$F$4000=AH$5),'2013 E Maize Soil VWC'!$G$2:$G$4000)} -> 0.30274861 | AI90: {=_xlfn.XLOOKUP(1,('2013 E Maize Soil VWC'!$C$2:$C$4000=$AA90)*('2013 E Maize Soil VWC'!$E$2:$E$4000=$AB90)*('2013 E Maize Soil VWC'!$F$2:$F$4000=AI$5),'2013 E Maize Soil VWC'!$G$2:$G$4000)} -> 0.31421989 | AJ90: {=_xlfn.XLOOKUP(1,('2013 E Maize Soil VWC'!$C$2:$C$4000=$AA90)*('2013 E Maize Soil VWC'!$E$2:$E$4000=$AB90)*('2013 E Maize Soil VWC'!$F$2:$F$4000=AJ$5),'2013 E Maize Soil VWC'!$G$2:$G$4000)} -> 0.33900255 | ... AV90: {=_xlfn.XLOOKUP(1,('2013 E Maize Soil VWC'!$C$2:$C$4000=$AA90)*('2013 E Maize Soil VWC'!$E$2:$E$4000=$AB90)*('2013 E Maize Soil VWC'!$F$2:$F$4000=AV$5),'2013 E Maize Soil VWC'!$G$2:$G$4000)} -> #N/A
AA91: =AA90 -> 41471 | AB91: =AB90+20 -> 150 | AC91: {=_xlfn.XLOOKUP(1,('2013 E Maize Soil VWC'!$C$2:$C$4000=$AA91)*('2013 E Maize Soil VWC'!$E$2:$E$4000=$AB91)*('2013 E Maize Soil VWC'!$F$2:$F$4000=AC$5),'2013 E Maize Soil VWC'!$G$2:$G$4000)} -> 0.34420965 | AD91: {=_xlfn.XLOOKUP(1,('2013 E Maize Soil VWC'!$C$2:$C$4000=$AA91)*('2013 E Maize Soil VWC'!$E$2:$E$4000=$AB91)*('2013 E Maize Soil VWC'!$F$2:$F$4000=AD$5),'2013 E Maize Soil VWC'!$G$2:$G$4000)} -> 0.33577258 | AE91: {=_xlfn.XLOOKUP(1,('2013 E Maize Soil VWC'!$C$2:$C$4000=$AA91)*('2013 E Maize Soil VWC'!$E$2:$E$4000=$AB91)*('2013 E Maize Soil VWC'!$F$2:$F$4000=AE$5),'2013 E Maize Soil VWC'!$G$2:$G$4000)} -> 0.3103635 | AF91: {=_xlfn.XLOOKUP(1,('2013 E Maize Soil VWC'!$C$2:$C$4000=$AA91)*('2013 E Maize Soil VWC'!$E$2:$E$4000=$AB91)*('2013 E Maize Soil VWC'!$F$2:$F$4000=AF$5),'2013 E Maize Soil VWC'!$G$2:$G$4000)} -> 0.29638655 | AG91: {=_xlfn.XLOOKUP(1,('2013 E Maize Soil VWC'!$C$2:$C$4000=$AA91)*('2013 E Maize Soil VWC'!$E$2:$E$4000=$AB91)*('2013 E Maize Soil VWC'!$F$2:$F$4000=AG$5),'2013 E Maize Soil VWC'!$G$2:$G$4000)} -> 0.35485876 | AH91: {=_xlfn.XLOOKUP(1,('2013 E Maize Soil VWC'!$C$2:$C$4000=$AA91)*('2013 E Maize Soil VWC'!$E$2:$E$4000=$AB91)*('2013 E Maize Soil VWC'!$F$2:$F$4000=AH$5),'2013 E Maize Soil VWC'!$G$2:$G$4000)} -> 0.34213464 | AI91: {=_xlfn.XLOOKUP(1,('2013 E Maize Soil VWC'!$C$2:$C$4000=$AA91)*('2013 E Maize Soil VWC'!$E$2:$E$4000=$AB91)*('2013 E Maize Soil VWC'!$F$2:$F$4000=AI$5),'2013 E Maize Soil VWC'!$G$2:$G$4000)} -> 0.33027185 | AJ91: {=_xlfn.XLOOKUP(1,('2013 E Maize Soil VWC'!$C$2:$C$4000=$AA91)*('2013 E Maize Soil VWC'!$E$2:$E$4000=$AB91)*('2013 E Maize Soil VWC'!$F$2:$F$4000=AJ$5),'2013 E Maize Soil VWC'!$G$2:$G$4000)} -> 0.34109714 | ... AV91: {=_xlfn.XLOOKUP(1,('2013 E Maize Soil VWC'!$C$2:$C$4000=$AA91)*('2013 E Maize Soil VWC'!$E$2:$E$4000=$AB91)*('2013 E Maize Soil VWC'!$F$2:$F$4000=AV$5),'2013 E Maize Soil VWC'!$G$2:$G$4000)} -> #N/A
AA92: =AA91 -> 41471 | AB92: =AB91+20 -> 170 | AC92: {=_xlfn.XLOOKUP(1,('2013 E Maize Soil VWC'!$C$2:$C$4000=$AA92)*('2013 E Maize Soil VWC'!$E$2:$E$4000=$AB92)*('2013 E Maize Soil VWC'!$F$2:$F$4000=AC$5),'2013 E Maize Soil VWC'!$G$2:$G$4000)} -> 0.27890557 | AD92: {=_xlfn.XLOOKUP(1,('2013 E Maize Soil VWC'!$C$2:$C$4000=$AA92)*('2013 E Maize Soil VWC'!$E$2:$E$4000=$AB92)*('2013 E Maize Soil VWC'!$F$2:$F$4000=AD$5),'2013 E Maize Soil VWC'!$G$2:$G$4000)} -> 0.27506876 | AE92: {=_xlfn.XLOOKUP(1,('2013 E Maize Soil VWC'!$C$2:$C$4000=$AA92)*('2013 E Maize Soil VWC'!$E$2:$E$4000=$AB92)*('2013 E Maize Soil VWC'!$F$2:$F$4000=AE$5),'2013 E Maize Soil VWC'!$G$2:$G$4000)} -> 0.28552211 | AF92: {=_xlfn.XLOOKUP(1,('2013 E Maize Soil VWC'!$C$2:$C$4000=$AA92)*('2013 E Maize Soil VWC'!$E$2:$E$4000=$AB92)*('2013 E Maize Soil VWC'!$F$2:$F$4000=AF$5),'2013 E Maize Soil VWC'!$G$2:$G$4000)} -> 0.29262804 | AG92: {=_xlfn.XLOOKUP(1,('2013 E Maize Soil VWC'!$C$2:$C$4000=$AA92)*('2013 E Maize Soil VWC'!$E$2:$E$4000=$AB92)*('2013 E Maize Soil VWC'!$F$2:$F$4000=AG$5),'2013 E Maize Soil VWC'!$G$2:$G$4000)} -> 0.32015128 | AH92: {=_xlfn.XLOOKUP(1,('2013 E Maize Soil VWC'!$C$2:$C$4000=$AA92)*('2013 E Maize Soil VWC'!$E$2:$E$4000=$AB92)*('2013 E Maize Soil VWC'!$F$2:$F$4000=AH$5),'2013 E Maize Soil VWC'!$G$2:$G$4000)} -> 0.32753127 | AI92: {=_xlfn.XLOOKUP(1,('2013 E Maize Soil VWC'!$C$2:$C$4000=$AA92)*('2013 E Maize Soil VWC'!$E$2:$E$4000=$AB92)*('2013 E Maize Soil VWC'!$F$2:$F$4000=AI$5),'2013 E Maize Soil VWC'!$G$2:$G$4000)} -> 0.29718915 | AJ92: {=_xlfn.XLOOKUP(1,('2013 E Maize Soil VWC'!$C$2:$C$4000=$AA92)*('2013 E Maize Soil VWC'!$E$2:$E$4000=$AB92)*('2013 E Maize Soil VWC'!$F$2:$F$4000=AJ$5),'2013 E Maize Soil VWC'!$G$2:$G$4000)} -> 0.30873873 | ... AV92: {=_xlfn.XLOOKUP(1,('2013 E Maize Soil VWC'!$C$2:$C$4000=$AA92)*('2013 E Maize Soil VWC'!$E$2:$E$4000=$AB92)*('2013 E Maize Soil VWC'!$F$2:$F$4000=AV$5),'2013 E Maize Soil VWC'!$G$2:$G$4000)} -> #N/A
