Workbook

Sheet 2016 E Maize VWC Introduction
A1: SHEET NAME | B1: CONTENTS
A2: 2016 E Maize VWC Introduction | B2: Explanation of sheet names and contents, authors of the data, key references to methods, symbols, conventions, where VWC stands for volumetric water content.
A3: Dic. 2016 E Maize Profile WC | B3: Data dictionary for sheet or CSV file named "2016 E Maize Profile WC"
A4: 2016 E Maize Profile WC | B4: Summary data of soil profile water content in mm for each tube and date of neutron probe reading for the entire season.
A5: Dic. 2016 E Maize Soil VWC | B5: Data dictionary for sheet or CSV file named "2016 E Maize Soil VWC"
A6: 2016 E Maize Soil VWC | B6: Soil water content (vol/vol) for each date of reading and each depth of reading in each access tube.
A7: Dic. 2016 E Maize Tube Map | B7: Data dictionary for sheet or CSV file named "2016 E Maize Tube Map"
A8: 2016 E Maize Tube Map | B8: Mapping of tube locations within each field and lysimeter by latitude and longitude
A9: 2016 E Maize VWC Graphs | B9: Graphs of the water content profile for all dates when data were taken with one graph for each neutron probe access tube. Also contain summary data of profile water content at each tube location for each date when data were taken.
A10: Data in this spreadsheet are the result of a team effort at the USDA-ARS Conservation & Production Research Laboratory, Soil and Water Management Research Unit (SWMRU).
A11: The scientists responsible for collecting these data, calibrating the instruments, quality control and data analysis are:
A12: Author | B12: Steven R. Evett, Research Soil Scientist (point of contact and responsible for this spreadsheet), Steve.Evett@usda.gov, 806-356-5775, srevett1948@gmail.com
A13: Author | B13: Paul D. Colaizzi, Research Agricultural Engineer, paul.colaizzi@usda.gov
A14: Author | B14: Karen S. Copeland, Soil Scientist, Karen.Copeland@usda.gov, 806-356-5735
A15: Author | B15: Brice B. Ruthardt, Biological Scientist, Brice.Ruthardt@usda.gov, 806-356-5780
A16: All are or were employed in the
A17: USDA-ARS Conservation & Production Research Laboratory
A18: 300 Simmons Road, Unit 10
A19: Bushland, Texas 79012 USA
A20: Persons using these data for scientific research and publication are responsible for:
A21: 1. Contacting all the scientists listed above and obtaining approval to use the data,
A22: 2. Inviting them to be involved in said research, and
A23: 3. Inviting them to be involved as coauthors in the data analysis, drafting and critical review of any publications resulting from the research.
A24: Data contained herein are from experiments in the large weighing lysimeter fields at Bushland, Texas. Neutron count measurements were taken using a model 503DR1.5 HydroProbe manufactured by Campbell Pacific Nuclear, a division of Instrotek, Inc., Concord, California. Soil horizon-specific calibrations were established at field sites using methods described by Evett (2003) and Evett et al. (2008).
A25: REFERENCES:
A26: Evett, S.R. and J.L. Steiner. 1995. Precision of neutron scattering and capacitance type soil water content gauges from field calibration. Soil Sci. Soc. Am. J. 59(4):961-968. https://doi.org/10.2136/sssaj1995.03615995005900040001x
A27: Evett, S.R. 2003a. Soil Water Measurement by Neutron Thermalization. In B.A. Stewart and Terry A. Howell (editors). Encyclopedia of Water Science, Marcel Dekker, Inc. New York. Pp. 889-893.
... A29: Evett, S.R., L.K. Heng, P. Moutonnet and M.L. Nguyen. 2008. Field Estimation of Soil Water Content: A Practical Guide to Methods, Instrumentation, and Sensor Technology. 131 pp. IAEA-TCS-30. International Atomic Energy Agency, Vienna, Austria. ISSN 1018–5518. Available at http://www-pub.iaea.org/mtcd/publications/PubDetails.asp?pubId=7801
A30: CONVENTION | B30: EXPLANATION
A31: Water content | B31: Water content data are in units of volume per unit volume of soil (m3/m3). The neutron probe was used to take readings of neutron counts at each depth in each access tube and to take standard count and Chi ratio statistics with the neutron probe locked within its shield, which was mounted on top of a depth control stand (Evett et al., 2003b). Count ratio data (count divided by long-term mean of standard counts) were converted to water content data using calibrations done in the field as described Evett and Steiner (1995) and Evett et al. (2003a, 2008). Methods for calibration and use of the neutron probe are given in the references (Evett et al., 2003a, 2008). The data have several significant digits after the decimal point but there are only approximately three significant digits after the decimal point. Accuracy of the 10-cm data were improved by use of a depth control stand and a separate calibration for that depth.
A32: Depth | B32: Depths shown are the center depths of sensing with the neutron probe
A33: Porosity | B33: Soil porosity by depth as determined from prior research that determined soil bulk density and porosity values by depth. The porosity is the air-filled pore space as a volume fraction of a unit soil volume when the soil is completely dry. Calculated from dry bulk density (BD, Mg/m3) as: Porosity = 1 - BD/2.65, where 2.65 is the particle density (Mg/m3) of quartz sand. The porosity represents a quality control limit to soil water content data. Soil water content should not be larger than porosity. Notwithstanding its use as a limit, in the case of swelling soils the water content at saturation can be somewhat larger than the porosity that is calculated from dry bulk density.
A34: SYMBOL | B34: MEANING
A35: DAP | B35: Days after planting
A36: DOY | B36: day of year. January 1 is DOY 1, February 1 is DOY 32, etc.
A37: FC | B37: Soil profile water content in mm
A38: VWC | B38: Volumetric water content in units of volume of water per unit volume of soil.
A39: WC | B39: Soil profile water content. Also known as soil profile water storage. Units are typically in depth of water, e.g., mm, in a soil profile from the soil surface to a defined depth.
A40: MAD | B40: Profile water content in mm at management allowed depletion
A41: NE | B41: northeast. Refers to NE field and weighing lysimeter
... A53: Harvested | B53: Lysimeter harvested on DOY 285

Sheet Dic. 2016 E Maize Profile WC
A1: Spreadsheet tab | B1: Element or value display name | C1: Description | D1: Data type | E1: Character length | F1: Acceptable values | G1: Required? | H1: Accepts null value?
A2: 2016 E Maize Profile WC | B2: Date | C2: Date: yyyy-mm-dd | D2: alphanumeric | E2: 10 | G2: Yes | H2: No
A3: 2016 E Maize Profile WC | B3: DAP | C3: Year | D3: integer | E3: 3 | G3: Yes | H3: No
A4: 2016 E Maize Profile WC | B4: DOY | C4: Serial day of the year beginning with 1 for January 1. | D4: integer | E4: 3 | F4: 1 to 366 | G4: Yes | H4: No
A5: 2016 E Maize Profile WC | B5: Storage in top 1.5 m of soil in NE Lys | C5: Water in mm stored in top 1.5 m of soil in NE Lys | D5: decimal | G5: Yes | H5: Yes, #N/A
A6: 2016 E Maize Profile WC | B6: Storage in top 1.5 m of soil in NE Field | C6: Water in mm stored in top 1.5 m of soil in NE Field | D6: decimal | G6: Yes | H6: Yes, #N/A
A7: 2016 E Maize Profile WC | B7: Storage in top 1.5 m of soil in SE Lys | C7: Water in mm stored in top 1.5 m of soil in SE Lys | D7: decimal | G7: Yes | H7: Yes, #N/A
A8: 2016 E Maize Profile WC | B8: Storage in top 1.5 m of soil in SE Field | C8: Water in mm stored in top 1.5 m of soil in SE Field | D8: decimal | G8: Yes | H8: Yes, #N/A
A9: 2016 E Maize Profile WC | B9: FC | C9: Water in mm stored in top 1.5 m of soil at field capacity | D9: decimal | G9: Yes | H9: Yes, #N/A
A10: 2016 E Maize Profile WC | B10: PWP | C10: Water in mm stored in top 1.5 m of soil at permanent wilting point | D10: decimal | G10: Yes | H10: Yes, #N/A
A11: 2016 E Maize Profile WC | B11: MAD | C11: Water in mm stored in top 1.5 m of soil at management allowed depletion | D11: decimal | G11: Yes | H11: Yes, #N/A
A12: 2016 E Maize Profile WC | B12: Storage in top 2.4 m of NE field tubes 1-2 | C12: Water in mm stored in top 2.4 m of NE field tubes 1-2 | D12: decimal | G12: Yes | H12: Yes, #N/A
A13: 2016 E Maize Profile WC | B13: Storage in top 2.4 m of NE field tubes 3-4 | C13: Water in mm stored in top 2.4 m of NE field tubes 3-4 | D13: decimal | G13: Yes | H13: Yes, #N/A
A14: 2016 E Maize Profile WC | B14: Storage in top 2.0 m of NE Lys tubes 5-6 | C14: Water in mm stored in top 2.0 m of NE Lys tubes 5-6 | D14: decimal | G14: Yes | H14: Yes, #N/A
A15: 2016 E Maize Profile WC | B15: Storage in top 2.4 m of NE field tubes 7-8 | C15: Water in mm stored in top 2.4 m of NE field tubes 7-8 | D15: decimal | G15: Yes | H15: Yes, #N/A
A16: 2016 E Maize Profile WC | B16: Storage in top 2.4 m of NE field tubes 9-10 | C16: Water in mm stored in top 2.4 m of NE field tubes 9-10 | D16: decimal | G16: Yes | H16: Yes, #N/A
... A21: 2016 E Maize Profile WC | B21: Storage in top 2.4 m of SE field tubes 19-20 | C21: Water in mm stored in top 2.4 m of SE field tubes 19-20 | D21: decimal | G21: Yes | H21: Yes, #N/A

Sheet 2016 E Maize Profile WC
A1: Date | B1: DAP | C1: DOY | D1: Water (mm) stored in top 1.5 m of soil in NE Lys | E1: Water (mm) stored in top 1.5 m of soil in NE Field | F1: Water (mm) stored in top 1.5 m of soil in SE Lys | G1: Water (mm) stored in top 1.5 m of soil in SE Field | H1: FC | I1: PWP | J1: MAD | K1: Water stored (mm) in top 2.4 m of NE field tubes 1-2 | L1: Water stored (mm) in top 2.4 m of NE field tubes 3-4 | M1: Water stored (mm) in top 2.0 m of NE Lys tubes 5-6 | N1: Water stored (mm) in top 2.4 m of NE field tubes 7-8 | O1: Water stored (mm) in top 2.4 m of NE field tubes 9-10 | P1: Water stored (mm) in top 2.4 m of SE field tubes 11-12 | Q1: Water stored (mm) in top 2.4 m of SE field tubes 13-14 | R1: Water stored (mm) in top 2.0 m of SE Lys tubes 15-16 | S1: Water stored (mm) in top 2.4 m of SE field tubes 17-18 | T1: Water stored (mm) in top 2.4 m of SE field tubes 19-20
A2: 42496 | B2: =C2-131 -> -4 | C2: 127 | D2: 483.59101 | E2: #N/A | F2: 470.92207 | G2: #N/A | H2: 495 | I2: 270 | J2: 360 | K2: #N/A | L2: #N/A | M2: 648.4686 | N2: #N/A | O2: #N/A | P2: #N/A | Q2: #N/A | R2: 632.58413 | S2: #N/A | T2: #N/A
A3: 42515 | B3: =C3-131 -> 15 | C3: 146 | D3: 478.07456 | E3: #N/A | F3: 469.63694 | G3: #N/A | H3: 495 | I3: 270 | J3: 360 | K3: #N/A | L3: #N/A | M3: 644.98522 | N3: #N/A | O3: #N/A | P3: #N/A | Q3: #N/A | R3: 632.89412 | S3: #N/A | T3: #N/A
A4: 42530 | B4: =C4-131 -> 30 | C4: 161 | D4: 483.51502 | E4: 478.26976 | F4: 466.67061 | G4: 461.33498 | H4: 495 | I4: 270 | J4: 360 | K4: 740.78355 | L4: 727.12301 | M4: 651.36777 | N4: 746.52819 | O4: 748.78384 | P4: 741.59187 | Q4: 688.98875 | R4: 628.60906 | S4: 751.99849 | T4: 743.91999
A5: 42536 | B5: =C5-131 -> 36 | C5: 167 | D5: 483.99925 | E5: 483.86716 | F5: 467.75502 | G5: 463.15943 | H5: 495 | I5: 270 | J5: 360 | K5: 755.7947 | L5: 738.99172 | M5: 653.00429 | N5: 754.47289 | O5: 757.70533 | P5: 749.86994 | Q5: 701.51988 | R5: 632.89344 | S5: 759.44339 | T5: 751.22419
A6: 42542 | B6: =C6-131 -> 42 | C6: 173 | D6: 469.5723 | E6: 473.4016 | F6: 453.1181 | G6: 452.60329 | H6: 495 | I6: 270 | J6: 360 | K6: 744.90153 | L6: 734.60264 | M6: 640.16953 | N6: 749.95769 | O6: 749.83116 | P6: 733.50856 | Q6: 706.04695 | R6: 619.2784 | S6: 749.27822 | T6: 742.59315
A7: 42549 | B7: =C7-131 -> 49 | C7: 180 | D7: 450.18568 | E7: 451.61177 | F7: 435.97059 | G7: 433.45411 | H7: 495 | I7: 270 | J7: 360 | K7: 724.28257 | L7: 706.01806 | M7: 621.76977 | N7: 725.45278 | O7: 729.0811 | P7: 714.03389 | Q7: 685.73484 | R7: 602.50753 | S7: 731.57737 | T7: 722.21985
A8: 42562 | B8: =C8-131 -> 62 | C8: 193 | D8: 429.229 | E8: 441.03425 | F8: 425.65229 | G8: 422.07789 | H8: 495 | I8: 270 | J8: 360 | K8: 717.58122 | L8: 695.65332 | M8: 606.8899 | N8: 716.87063 | O8: 712.28885 | P8: 708.49426 | Q8: 671.405 | R8: 596.3235 | S8: 717.99727 | T8: 706.26386
A9: 42569 | B9: =C9-131 -> 69 | C9: 200 | D9: 425.51181 | E9: 442.23595 | F9: 424.69098 | G9: 423.94436 | H9: 495 | I9: 270 | J9: 360 | K9: 715.62979 | L9: 692.93744 | M9: 601.0034 | N9: 718.67497 | O9: 712.79954 | P9: 707.74109 | Q9: 671.39479 | R9: 594.36074 | S9: 725.48626 | T9: 705.43233
A10: 42577 | B10: =C10-131 -> 77 | C10: 208 | D10: 416.275 | E10: 434.80189 | F10: 415.24547 | G10: 415.59231 | H10: 495 | I10: 270 | J10: 360 | K10: 705.58137 | L10: 686.52572 | M10: 589.95931 | N10: 708.32962 | O10: 703.0027 | P10: 691.69786 | Q10: 668.38555 | R10: 584.70209 | S10: 711.6158 | T10: 695.05328
A11: 42584 | B11: =C11-131 -> 84 | C11: 215 | D11: 445.63454 | E11: 458.35753 | F11: 448.34887 | G11: 440.33288 | H11: 495 | I11: 270 | J11: 360 | K11: 743.23246 | L11: 702.86661 | M11: 620.27261 | N11: 729.7733 | O11: 726.99833 | P11: 720.31234 | Q11: 692.43222 | R11: 618.49648 | S11: 736.17592 | T11: 718.04292
A12: 42593 | B12: =C12-131 -> 93 | C12: 224 | D12: 480.73658 | E12: 477.94908 | F12: 473.85545 | G12: 452.18308 | H12: 495 | I12: 270 | J12: 360 | K12: 754.10089 | L12: 731.07688 | M12: 655.91187 | N12: 748.86808 | O12: 751.59391 | P12: 734.29122 | Q12: 696.67056 | R12: 647.96506 | S12: 759.42945 | T12: 740.60054
A13: 42605 | B13: =C13-131 -> 105 | C13: 236 | D13: 479.62585 | E13: 478.39262 | F13: 475.28822 | G13: 452.22585 | H13: 495 | I13: 270 | J13: 360 | K13: 749.62022 | L13: 719.26429 | M13: 648.80413 | N13: 742.3475 | O13: 740.2329 | P13: 729.03847 | Q13: 695.91196 | R13: 643.85823 | S13: 744.89027 | T13: 725.83835
A14: 42625 | B14: =C14-131 -> 125 | C14: 256 | D14: 488.17402 | E14: 480.50244 | F14: 477.34039 | G14: 452.2711 | H14: 495 | I14: 270 | J14: 360 | K14: 738.43231 | L14: 715.72485 | M14: 655.39807 | N14: 745.15803 | O14: 742.11916 | P14: 720.52363 | Q14: 687.95056 | R14: 636.66282 | S14: 748.04125 | T14: 727.22701
A15: 42632 | B15: =C15-131 -> 132 | C15: 263 | D15: 467.05822 | E15: 466.27337 | F15: 467.67267 | G15: 437.19299 | H15: 495 | I15: 270 | J15: 360 | K15: 718.16251 | L15: 701.15957 | M15: 633.98931 | N15: 742.10005 | O15: 721.15824 | P15: 701.43561 | Q15: 673.15479 | R15: 633.08748 | S15: 731.28183 | T15: 714.46973
... A17: 42655 | B17: =C17-131 -> 155 | C17: 286 | D17: 456.11618 | E17: 439.65244 | F17: 447.11626 | G17: 416.8206 | H17: 495 | I17: 270 | J17: 360 | K17: 689.57768 | L17: 673.73662 | M17: 621.88817 | N17: 701.64644 | O17: 694.15214 | P17: 676.76095 | Q17: 643.0871 | R17: 612.86197 | S17: 712.09435 | T17: 694.82448
A18: 42671 | B18: =C18-131 -> 171 | C18: 302 | D18: 456.10632 | E18: 433.6947 | F18: #N/A | G18: #N/A | H18: 495 | I18: 270 | J18: 360 | K18: 683.30735 | L18: 666.19839 | M18: 621.4569 | N18: 696.48496 | O18: 684.90296 | P18: #N/A | Q18: #N/A | R18: #N/A | S18: #N/A | T18: #N/A

Sheet Dic. 2016 E Maize Soil VWC
A1: Spreadsheet tab | B1: Element or value display name | C1: Description | D1: Data type | E1: Character length | F1: Acceptable values | G1: Required? | H1: Accepts null value?
A2: 2016 E Maize Soil VWC | B2: Year | C2: Year | D2: year - yyyy | E2: 4 | G2: Yes | H2: No
A3: 2016 E Maize Soil VWC | B3: DOY | C3: Serial day of the year beginning with 1 for January 1. | D3: integer | E3: 3 | F3: 1 to 366 | G3: Yes | H3: No
A4: 2016 E Maize Soil VWC | B4: Date | C4: Date in yyyy-mm-dd format | D4: date - year/month/day preferably ISO 8601: yyyy-mm-dd | E4: 10 | G4: Yes | H4: No
A5: 2016 E Maize Soil VWC | B5: Time | C5: Time of day in hh:mm format | D5: time: hh:mm | F5: 0 to 24:00 | G5: Yes | H5: Yes, #N/A
A6: 2016 E Maize Soil VWC | B6: Depth in cm | C6: Center depth in cm below the soil surface of soil water content sensing | D6: decimal | G6: Yes | H6: No
A7: 2016 E Maize Soil VWC | B7: Tube no. | C7: Number of the access tube in which the neutron probe was used to sense water content. The tube map gives the relative tube locations in the lysimeters and in the fields surrounding the lysimeters. | D7: integer | F7: 1 to 20 | G7: Yes | H7: No
A8: 2016 E Maize Soil VWC | B8: VWC | C8: Soil volumetric water content. This is a unitless fraction. | D8: decimal | F8: Zero to <1 | G8: Yes | H8: Yes, #N/A
A9: 2016 E Maize Soil VWC | B9: Location | C9: Indicates wether the access tube was in the field, indicated by Fld, or in a lysimeter, indicated by Lys, and what field it was in as indicated by the four intercardinal directions NW, SW, NE, and SE. | D9: varchar(6) | E9: 6 | H9: No

Sheet 2016 E Maize Soil VWC
A1: Year | B1: DOY | C1: Date | D1: Time | E1: Depth in cm | F1: Tube no. | G1: VWC | H1: Location
A2: 2016 | B2: 127 | C2: 42496 | D2: #N/A | E2: 230 | F2: 1 | G2: #N/A | H2: NE Fld
A3: 2016 | B3: 127 | C3: 42496 | D3: #N/A | E3: 230 | F3: 2 | G3: #N/A | H3: NE Fld
A4: 2016 | B4: 127 | C4: 42496 | D4: #N/A | E4: 230 | F4: 3 | G4: #N/A | H4: NE Fld
A5: 2016 | B5: 127 | C5: 42496 | D5: #N/A | E5: 230 | F5: 4 | G5: #N/A | H5: NE Fld
A6: 2016 | B6: 127 | C6: 42496 | D6: 0.36805556 | E6: 230 | F6: 5 | G6: #N/A | H6: NE Lys
A7: 2016 | B7: 127 | C7: 42496 | D7: 0.36875 | E7: 230 | F7: 6 | G7: #N/A | H7: NE Lys
A8: 2016 | B8: 127 | C8: 42496 | D8: #N/A | E8: 230 | F8: 7 | G8: #N/A | H8: NE Fld
A9: 2016 | B9: 127 | C9: 42496 | D9: #N/A | E9: 230 | F9: 8 | G9: #N/A | H9: NE Fld
A10: 2016 | B10: 127 | C10: 42496 | D10: #N/A | E10: 230 | F10: 9 | G10: #N/A | H10: NE Fld
A11: 2016 | B11: 127 | C11: 42496 | D11: #N/A | E11: 230 | F11: 10 | G11: #N/A | H11: NE Fld
A12: 2016 | B12: 127 | C12: 42496 | D12: #N/A | E12: 230 | F12: 11 | G12: #N/A | H12: SE Fld
A13: 2016 | B13: 127 | C13: 42496 | D13: #N/A | E13: 230 | F13: 12 | G13: #N/A | H13: SE Fld
A14: 2016 | B14: 127 | C14: 42496 | D14: #N/A | E14: 230 | F14: 13 | G14: #N/A | H14: SE Fld
A15: 2016 | B15: 127 | C15: 42496 | D15: #N/A | E15: 230 | F15: 14 | G15: #N/A | H15: SE Fld
A16: 2016 | B16: 127 | C16: 42496 | D16: 0.34722222 | E16: 230 | F16: 15 | G16: #N/A | H16: SE Lys
A17: 2016 | B17: 127 | C17: 42496 | D17: 0.34722222 | E17: 230 | F17: 16 | G17: #N/A | H17: SE Lys
A18: 2016 | B18: 127 | C18: 42496 | D18: #N/A | E18: 230 | F18: 17 | G18: #N/A | H18: SE Fld
A19: 2016 | B19: 127 | C19: 42496 | D19: #N/A | E19: 230 | F19: 18 | G19: #N/A | H19: SE Fld
A20: 2016 | B20: 127 | C20: 42496 | D20: #N/A | E20: 230 | F20: 19 | G20: #N/A | H20: SE Fld
A21: 2016 | B21: 127 | C21: 42496 | D21: #N/A | E21: 230 | F21: 20 | G21: #N/A | H21: SE Fld
A22: 2016 | B22: 127 | C22: 42496 | D22: #N/A | E22: 210 | F22: 1 | G22: #N/A | H22: NE Fld
A23: 2016 | B23: 127 | C23: 42496 | D23: #N/A | E23: 210 | F23: 2 | G23: #N/A | H23: NE Fld
A24: 2016 | B24: 127 | C24: 42496 | D24: #N/A | E24: 210 | F24: 3 | G24: #N/A | H24: NE Fld
A25: 2016 | B25: 127 | C25: 42496 | D25: #N/A | E25: 210 | F25: 4 | G25: #N/A | H25: NE Fld
A26: 2016 | B26: 127 | C26: 42496 | D26: 0.36805556 | E26: 210 | F26: 5 | G26: #N/A | H26: NE Lys
A27: 2016 | B27: 127 | C27: 42496 | D27: 0.36875 | E27: 210 | F27: 6 | G27: #N/A | H27: NE Lys
A28: 2016 | B28: 127 | C28: 42496 | D28: #N/A | E28: 210 | F28: 7 | G28: #N/A | H28: NE Fld
A29: 2016 | B29: 127 | C29: 42496 | D29: #N/A | E29: 210 | F29: 8 | G29: #N/A | H29: NE Fld
A30: 2016 | B30: 127 | C30: 42496 | D30: #N/A | E30: 210 | F30: 9 | G30: #N/A | H30: NE Fld
A31: 2016 | B31: 127 | C31: 42496 | D31: #N/A | E31: 210 | F31: 10 | G31: #N/A | H31: NE Fld
A32: 2016 | B32: 127 | C32: 42496 | D32: #N/A | E32: 210 | F32: 11 | G32: #N/A | H32: SE Fld
A33: 2016 | B33: 127 | C33: 42496 | D33: #N/A | E33: 210 | F33: 12 | G33: #N/A | H33: SE Fld
A34: 2016 | B34: 127 | C34: 42496 | D34: #N/A | E34: 210 | F34: 13 | G34: #N/A | H34: SE Fld
A35: 2016 | B35: 127 | C35: 42496 | D35: #N/A | E35: 210 | F35: 14 | G35: #N/A | H35: SE Fld
A36: 2016 | B36: 127 | C36: 42496 | D36: 0.34722222 | E36: 210 | F36: 15 | G36: #N/A | H36: SE Lys
A37: 2016 | B37: 127 | C37: 42496 | D37: 0.34722222 | E37: 210 | F37: 16 | G37: #N/A | H37: SE Lys
A38: 2016 | B38: 127 | C38: 42496 | D38: #N/A | E38: 210 | F38: 17 | G38: #N/A | H38: SE Fld
A39: 2016 | B39: 127 | C39: 42496 | D39: #N/A | E39: 210 | F39: 18 | G39: #N/A | H39: SE Fld
A40: 2016 | B40: 127 | C40: 42496 | D40: #N/A | E40: 210 | F40: 19 | G40: #N/A | H40: SE Fld
A41: 2016 | B41: 127 | C41: 42496 | D41: #N/A | E41: 210 | F41: 20 | G41: #N/A | H41: SE Fld
A42: 2016 | B42: 127 | C42: 42496 | D42: #N/A | E42: 190 | F42: 1 | G42: #N/A | H42: NE Fld
A43: 2016 | B43: 127 | C43: 42496 | D43: #N/A | E43: 190 | F43: 2 | G43: #N/A | H43: NE Fld
A44: 2016 | B44: 127 | C44: 42496 | D44: #N/A | E44: 190 | F44: 3 | G44: #N/A | H44: NE Fld
A45: 2016 | B45: 127 | C45: 42496 | D45: #N/A | E45: 190 | F45: 4 | G45: #N/A | H45: NE Fld
A46: 2016 | B46: 127 | C46: 42496 | D46: 0.36805556 | E46: 190 | F46: 5 | G46: 0.32259614 | H46: NE Lys
A47: 2016 | B47: 127 | C47: 42496 | D47: 0.36875 | E47: 190 | F47: 6 | G47: 0.33446949 | H47: NE Lys
A48: 2016 | B48: 127 | C48: 42496 | D48: #N/A | E48: 190 | F48: 7 | G48: #N/A | H48: NE Fld
A49: 2016 | B49: 127 | C49: 42496 | D49: #N/A | E49: 190 | F49: 8 | G49: #N/A | H49: NE Fld
A50: 2016 | B50: 127 | C50: 42496 | D50: #N/A | E50: 190 | F50: 9 | G50: #N/A | H50: NE Fld
A51: 2016 | B51: 127 | C51: 42496 | D51: #N/A | E51: 190 | F51: 10 | G51: #N/A | H51: NE Fld
A52: 2016 | B52: 127 | C52: 42496 | D52: #N/A | E52: 190 | F52: 11 | G52: #N/A | H52: SE Fld
A53: 2016 | B53: 127 | C53: 42496 | D53: #N/A | E53: 190 | F53: 12 | G53: #N/A | H53: SE Fld
A54: 2016 | B54: 127 | C54: 42496 | D54: #N/A | E54: 190 | F54: 13 | G54: #N/A | H54: SE Fld
A55: 2016 | B55: 127 | C55: 42496 | D55: #N/A | E55: 190 | F55: 14 | G55: #N/A | H55: SE Fld
A56: 2016 | B56: 127 | C56: 42496 | D56: 0.34722222 | E56: 190 | F56: 15 | G56: 0.33020677 | H56: SE Lys
A57: 2016 | B57: 127 | C57: 42496 | D57: 0.34722222 | E57: 190 | F57: 16 | G57: 0.31782734 | H57: SE Lys
A58: 2016 | B58: 127 | C58: 42496 | D58: #N/A | E58: 190 | F58: 17 | G58: #N/A | H58: SE Fld
A59: 2016 | B59: 127 | C59: 42496 | D59: #N/A | E59: 190 | F59: 18 | G59: #N/A | H59: SE Fld
A60: 2016 | B60: 127 | C60: 42496 | D60: #N/A | E60: 190 | F60: 19 | G60: #N/A | H60: SE Fld
A61: 2016 | B61: 127 | C61: 42496 | D61: #N/A | E61: 190 | F61: 20 | G61: #N/A | H61: SE Fld
A62: 2016 | B62: 127 | C62: 42496 | D62: #N/A | E62: 170 | F62: 1 | G62: #N/A | H62: NE Fld
A63: 2016 | B63: 127 | C63: 42496 | D63: #N/A | E63: 170 | F63: 2 | G63: #N/A | H63: NE Fld
A64: 2016 | B64: 127 | C64: 42496 | D64: #N/A | E64: 170 | F64: 3 | G64: #N/A | H64: NE Fld
A65: 2016 | B65: 127 | C65: 42496 | D65: #N/A | E65: 170 | F65: 4 | G65: #N/A | H65: NE Fld
A66: 2016 | B66: 127 | C66: 42496 | D66: 0.36805556 | E66: 170 | F66: 5 | G66: 0.31739912 | H66: NE Lys
A67: 2016 | B67: 127 | C67: 42496 | D67: 0.36875 | E67: 170 | F67: 6 | G67: 0.32631386 | H67: NE Lys
A68: 2016 | B68: 127 | C68: 42496 | D68: #N/A | E68: 170 | F68: 7 | G68: #N/A | H68: NE Fld
A69: 2016 | B69: 127 | C69: 42496 | D69: #N/A | E69: 170 | F69: 8 | G69: #N/A | H69: NE Fld
A70: 2016 | B70: 127 | C70: 42496 | D70: #N/A | E70: 170 | F70: 9 | G70: #N/A | H70: NE Fld
A71: 2016 | B71: 127 | C71: 42496 | D71: #N/A | E71: 170 | F71: 10 | G71: #N/A | H71: NE Fld
A72: 2016 | B72: 127 | C72: 42496 | D72: #N/A | E72: 170 | F72: 11 | G72: #N/A | H72: SE Fld
A73: 2016 | B73: 127 | C73: 42496 | D73: #N/A | E73: 170 | F73: 12 | G73: #N/A | H73: SE Fld
A74: 2016 | B74: 127 | C74: 42496 | D74: #N/A | E74: 170 | F74: 13 | G74: #N/A | H74: SE Fld
A75: 2016 | B75: 127 | C75: 42496 | D75: #N/A | E75: 170 | F75: 14 | G75: #N/A | H75: SE Fld
A76: 2016 | B76: 127 | C76: 42496 | D76: 0.34722222 | E76: 170 | F76: 15 | G76: 0.32479563 | H76: SE Lys
A77: 2016 | B77: 127 | C77: 42496 | D77: 0.34722222 | E77: 170 | F77: 16 | G77: 0.31712662 | H77: SE Lys
A78: 2016 | B78: 127 | C78: 42496 | D78: #N/A | E78: 170 | F78: 17 | G78: #N/A | H78: SE Fld
A79: 2016 | B79: 127 | C79: 42496 | D79: #N/A | E79: 170 | F79: 18 | G79: #N/A | H79: SE Fld
A80: 2016 | B80: 127 | C80: 42496 | D80: #N/A | E80: 170 | F80: 19 | G80: #N/A | H80: SE Fld
A81: 2016 | B81: 127 | C81: 42496 | D81: #N/A | E81: 170 | F81: 20 | G81: #N/A | H81: SE Fld
A82: 2016 | B82: 127 | C82: 42496 | D82: #N/A | E82: 150 | F82: 1 | G82: #N/A | H82: NE Fld
A83: 2016 | B83: 127 | C83: 42496 | D83: #N/A | E83: 150 | F83: 2 | G83: #N/A | H83: NE Fld
A84: 2016 | B84: 127 | C84: 42496 | D84: #N/A | E84: 150 | F84: 3 | G84: #N/A | H84: NE Fld
A85: 2016 | B85: 127 | C85: 42496 | D85: #N/A | E85: 150 | F85: 4 | G85: #N/A | H85: NE Fld
A86: 2016 | B86: 127 | C86: 42496 | D86: 0.36805556 | E86: 150 | F86: 5 | G86: 0.35531598 | H86: NE Lys
A87: 2016 | B87: 127 | C87: 42496 | D87: 0.36875 | E87: 150 | F87: 6 | G87: 0.34067867 | H87: NE Lys
A88: 2016 | B88: 127 | C88: 42496 | D88: #N/A | E88: 150 | F88: 7 | G88: #N/A | H88: NE Fld
A89: 2016 | B89: 127 | C89: 42496 | D89: #N/A | E89: 150 | F89: 8 | G89: #N/A | H89: NE Fld
A90: 2016 | B90: 127 | C90: 42496 | D90: #N/A | E90: 150 | F90: 9 | G90: #N/A | H90: NE Fld
A91: 2016 | B91: 127 | C91: 42496 | D91: #N/A | E91: 150 | F91: 10 | G91: #N/A | H91: NE Fld
A92: 2016 | B92: 127 | C92: 42496 | D92: #N/A | E92: 150 | F92: 11 | G92: #N/A | H92: SE Fld
A93: 2016 | B93: 127 | C93: 42496 | D93: #N/A | E93: 150 | F93: 12 | G93: #N/A | H93: SE Fld
A94: 2016 | B94: 127 | C94: 42496 | D94: #N/A | E94: 150 | F94: 13 | G94: #N/A | H94: SE Fld
A95: 2016 | B95: 127 | C95: 42496 | D95: #N/A | E95: 150 | F95: 14 | G95: #N/A | H95: SE Fld
A96: 2016 | B96: 127 | C96: 42496 | D96: 0.34722222 | E96: 150 | F96: 15 | G96: 0.33647434 | H96: SE Lys
A97: 2016 | B97: 127 | C97: 42496 | D97: 0.34722222 | E97: 150 | F97: 16 | G97: 0.31685411 | H97: SE Lys
A98: 2016 | B98: 127 | C98: 42496 | D98: #N/A | E98: 150 | F98: 17 | G98: #N/A | H98: SE Fld
A99: 2016 | B99: 127 | C99: 42496 | D99: #N/A | E99: 150 | F99: 18 | G99: #N/A | H99: SE Fld
A100: 2016 | B100: 127 | C100: 42496 | D100: #N/A | E100: 150 | F100: 19 | G100: #N/A | H100: SE Fld
...

Sheet Dic. 2016 E Maize Tube Map
A1: Spreadsheet tab | B1: Element or value display name | C1: Description | D1: Data type | E1: Character length | F1: Acceptable values | G1: Required? | H1: Accepts null value?
A2: 2016 E Maize Tube Map | B2: Location | C2: Location of the access tube given as in the northeast (NE) field, NE lysimeter (NE Lys), southeast (SE) field, or SE lysimeter (SE Lys); northwest (NW) field, NW lysimeter (NW Lys), southwest (SW) field, or SW lysimeter (SW Lys) | D2: alphabetical | E2: variable | F2: alphabetical | G2: Yes | H2: No
A3: 2016 E Maize Tube Map | B3: Tube number | C3: Number of the access tube in which the neutron probe was used to sense water content. | D3: integer | F3: 1 through 20 | G3: Yes | H3: No
A4: 2016 E Maize Tube Map | B4: Latitude | C4: The latitude of the access tube in decimal degress. Accuracy is ~2 meters. | D4: decimal | G4: Yes | H4: No
A5: 2016 E Maize Tube Map | B5: Longitude | C5: The longitude of the access tube in decimal degrees. Accuracy is ~2 meters. | D5: decimal | G5: Yes | H5: No

Sheet 2016 E Maize Tube Map
A1: Location | B1: Tube number | C1: latitude | D1: longitude
A2: NE Fld | B2: 1 | C2: 35.188353 | D2: -102.0954
A3: NE Fld | B3: 2 | C3: 35.188353 | D3: -102.09569
A4: NE Fld | B4: 3 | C4: 35.18827 | D4: -102.09569
A5: NE Fld | B5: 4 | C5: 35.18827 | D5: -102.09541
A6: NE Lys | B6: 5 | C6: 35.188173 | D6: -102.09553
A7: NE Lys | B7: 6 | C7: 35.188166 | D7: -102.09555
A8: NE Fld | B8: 7 | C8: 35.188118 | D8: -102.09569
A9: NE Fld | B9: 8 | C9: 35.188118 | D9: -102.0954
A10: NE Fld | B10: 9 | C10: 35.188043 | D10: -102.0954
A11: NE Fld | B11: 10 | C11: 35.188043 | D11: -102.09568
A12: SE Fld | B12: 11 | C12: 35.186281 | D12: -102.09542
A13: SE Fld | B13: 12 | C13: 35.186281 | D13: -102.0957
... A21: SE Fld | B21: 20 | C21: 35.185964 | D21: -102.0957

Sheet 2016 E Maize VWC Graphs
Y1: Depth (cm) | Z1: 230 | AA1: 210 | AB1: 190 | AC1: 170 | AD1: 150 | AE1: 130 | AF1: 110 | AG1: 90 | AH1: 70 | AI1: 50 | AJ1: 30 | AK1: 10 | AW1: Day of year | AX1: Date | AY1: Storage in top 1.5 m of soil in NE Lys | AZ1: Storage in top 1.5 m of soil in NE Field | BA1: Storage in top 1.5 m of soil in SE Lys | BB1: Storage in top 1.5 m of soil in SE Field | BC1: Water stored (mm) in top 2.4 m of NE field tubes 1-2 | BD1: Water stored (mm) in top 2.4 m of NE field tubes 3-4 | BE1: Water stored (mm) in top 2.0 m of NE Lys tubes 5-6 | BF1: Water stored (mm) in top 2.4 m of NE field tubes 7-8 | BG1: Water stored (mm) in top 2.4 m of NE field tubes 9-10 | BH1: Water stored (mm) in top 2.4 m of SE field tubes 11-12 | BI1: Water stored (mm) in top 2.4 m of SE field tubes 13-14 | BJ1: Water stored (mm) in top 2.0 m of SE Lys tubes 15-16 | BK1: Water stored (mm) in top 2.4 m of SE field tubes 17-18 | BL1: Water stored (mm) in top 2.4 m of SE field tubes 19-20 | BM1: Day of year | BN1: Date | BO1: Storage in top 1.5 m of soil in NE Lys | BP1: Storage in top 1.5 m of soil in NE Field | BQ1: Storage in top 1.5 m of soil in SE Lys | BR1: Storage in top 1.5 m of soil in SE Field | BS1: Water stored (mm) in top 2.4 m of NE field tubes 1-2 | BT1: Water stored (mm) in top 2.4 m of NE field tubes 3-4 | BU1: Water stored (mm) in top 2.0 m of NE Lys tubes 5-6 | BV1: Water stored (mm) in top 2.4 m of NE field tubes 7-8 | BW1: Water stored (mm) in top 2.4 m of NE field tubes 9-10 | BX1: Water stored (mm) in top 2.4 m of SE field tubes 11-12 | BY1: Water stored (mm) in top 2.4 m of SE field tubes 13-14 | BZ1: Water stored (mm) in top 2.0 m of SE Lys tubes 15-16 | CA1: Water stored (mm) in top 2.4 m of SE field tubes 17-18 | CB1: Water stored (mm) in top 2.4 m of SE field tubes 19-20
Y2: Porosity (m3/m3) | AA2: 0.46977987 | AB2: 0.4691195 | AC2: 0.45975262 | AD2: 0.46509434 | AE2: 0.42485115 | AF2: 0.41714735 | AG2: 0.44435759 | AH2: 0.45478559 | AI2: 0.43505765 | AJ2: 0.45794811 | AK2: 0.48951842 | BM2: VLOOKUP TABLE
AC3: VWC | AD3: VWC | AE3: VWC | AF3: VWC | AG3: VWC | AH3: VWC | AI3: VWC | AJ3: VWC | AK3: VWC | AL3: VWC | AM3: VWC | AN3: VWC | BM3: Copy columns aw and ax to bm and bn, then sort to eliminate blank lines.
AC4: tube no. | AD4: tube no. | AE4: tube no. | AF4: tube no. | AG4: tube no. | AH4: tube no. | AI4: tube no. | AJ4: tube no. | AK4: tube no. | AL4: tube no. | AM4: tube no. | AN4: tube no. | BM4: VLOOKUP TABLE will find values
Y5: Year | Z5: DOY | AA5: Date | AB5: Depth | AC5: 1 | AD5: 2 | AE5: 3 | AF5: 4 | AG5: 5 | AH5: 6 | AI5: 7 | AJ5: 8 | AK5: 9 | AL5: 10 | AM5: 11 | AN5: 12 | AO5: 13 | AP5: 14 | AQ5: 15 | AR5: 16 | AS5: 17 | AT5: 18 | AU5: 19 | AV5: 20 | BO5: 2 | BP5: 3 | BQ5: 4 | BR5: 5 | BS5: 6 | BT5: 7 | BU5: 8 | BV5: 9 | BW5: 10 | BX5: 11 | BY5: 12 | BZ5: 13 | CA5: 14 | CB5: 15
Y6: 2016 | Z6: 127 | AA6: =DATE(Y6,1,Z6) -> 42496 | AB6: 10 | AC6: {=_xlfn.XLOOKUP(1,('2016 E Maize Soil VWC'!$C$2:$C$4000=$AA6)*('2016 E Maize Soil VWC'!$E$2:$E$4000=$AB6)*('2016 E Maize Soil VWC'!$F$2:$F$4000=AC$5),'2016 E Maize Soil VWC'!$G$2:$G$4000)} -> #N/A | AD6: {=_xlfn.XLOOKUP(1,('2016 E Maize Soil VWC'!$C$2:$C$4000=$AA6)*('2016 E Maize Soil VWC'!$E$2:$E$4000=$AB6)*('2016 E Maize Soil VWC'!$F$2:$F$4000=AD$5),'2016 E Maize Soil VWC'!$G$2:$G$4000)} -> #N/A | AE6: {=_xlfn.XLOOKUP(1,('2016 E Maize Soil VWC'!$C$2:$C$4000=$AA6)*('2016 E Maize Soil VWC'!$E$2:$E$4000=$AB6)*('2016 E Maize Soil VWC'!$F$2:$F$4000=AE$5),'2016 E Maize Soil VWC'!$G$2:$G$4000)} -> #N/A | AF6: {=_xlfn.XLOOKUP(1,('2016 E Maize Soil VWC'!$C$2:$C$4000=$AA6)*('2016 E Maize Soil VWC'!$E$2:$E$4000=$AB6)*('2016 E Maize Soil VWC'!$F$2:$F$4000=AF$5),'2016 E Maize Soil VWC'!$G$2:$G$4000)} -> #N/A | AG6: {=_xlfn.XLOOKUP(1,('2016 E Maize Soil VWC'!$C$2:$C$4000=$AA6)*('2016 E Maize Soil VWC'!$E$2:$E$4000=$AB6)*('2016 E Maize Soil VWC'!$F$2:$F$4000=AG$5),'2016 E Maize Soil VWC'!$G$2:$G$4000)} -> 0.27009308 | AH6: {=_xlfn.XLOOKUP(1,('2016 E Maize Soil VWC'!$C$2:$C$4000=$AA6)*('2016 E Maize Soil VWC'!$E$2:$E$4000=$AB6)*('2016 E Maize Soil VWC'!$F$2:$F$4000=AH$5),'2016 E Maize Soil VWC'!$G$2:$G$4000)} -> 0.25154465 | AI6: {=_xlfn.XLOOKUP(1,('2016 E Maize Soil VWC'!$C$2:$C$4000=$AA6)*('2016 E Maize Soil VWC'!$E$2:$E$4000=$AB6)*('2016 E Maize Soil VWC'!$F$2:$F$4000=AI$5),'2016 E Maize Soil VWC'!$G$2:$G$4000)} -> #N/A | AJ6: {=_xlfn.XLOOKUP(1,('2016 E Maize Soil VWC'!$C$2:$C$4000=$AA6)*('2016 E Maize Soil VWC'!$E$2:$E$4000=$AB6)*('2016 E Maize Soil VWC'!$F$2:$F$4000=AJ$5),'2016 E Maize Soil VWC'!$G$2:$G$4000)} -> #N/A | ... AV6: {=_xlfn.XLOOKUP(1,('2016 E Maize Soil VWC'!$C$2:$C$4000=$AA6)*('2016 E Maize Soil VWC'!$E$2:$E$4000=$AB6)*('2016 E Maize Soil VWC'!$F$2:$F$4000=AV$5),'2016 E Maize Soil VWC'!$G$2:$G$4000)} -> #N/A | AW6: =Z6 -> 127 | AX6: =AA6 -> 42496 | AY6: =1400*AVERAGE(AG6:AH12)+100*AVERAGE(AG13:AH13) -> 483.59101 | AZ6: =1400*AVERAGE(AC6:AF12,AI6:AL12)+100*AVERAGE(AC13:AF13,AI13:AL13) -> #N/A | BA6: =1400*AVERAGE(AQ6:AR12)+100*AVERAGE(AQ13:AR13) -> 470.92207 | BB6: =1400*AVERAGE(AM6:AP12,AS6:AV12)+100*AVERAGE(AM13:AP13,AS13:AV13) -> #N/A | BC6: =AVERAGE(AC6:AD17)*2400 -> #N/A | BD6: =AVERAGE(AE6:AF17)*2400 -> #N/A | BE6: =AVERAGE(AG6:AH15)*2000 -> 648.4686 | BF6: =AVERAGE(AI6:AJ17)*2400 -> #N/A | BG6: =AVERAGE(AK6:AL17)*2400 -> #N/A | BH6: =AVERAGE(AM6:AN17)*2400 -> #N/A | BI6: =AVERAGE(AO6:AP17)*2400 -> #N/A | BJ6: =AVERAGE(AQ6:AR15)*2000 -> 632.58413 | BK6: =AVERAGE(AS6:AT17)*2400 -> #N/A | BL6: =AVERAGE(AU6:AV17)*2400 -> #N/A | BM6: 127 | BN6: 42496 | BO6: =VLOOKUP($BN6,$AX$6:$BL$175,BO$5) -> 483.59101 | BP6: =VLOOKUP($BN6,$AX$6:$BL$175,BP$5) -> #N/A | BQ6: =VLOOKUP($BN6,$AX$6:$BL$175,BQ$5) -> 470.92207 | BR6: =VLOOKUP($BN6,$AX$6:$BL$175,BR$5) -> #N/A | BS6: =VLOOKUP($BN6,$AX$6:$BL$175,BS$5) -> #N/A | BT6: =VLOOKUP($BN6,$AX$6:$BL$175,BT$5) -> #N/A | BU6: =VLOOKUP($BN6,$AX$6:$BL$175,BU$5) -> 648.4686 | BV6: =VLOOKUP($BN6,$AX$6:$BL$175,BV$5) -> #N/A | ... CB6: =VLOOKUP($BN6,$AX$6:$BL$175,CB$5) -> #N/A
AA7: =AA6 -> 42496 | AB7: =AB6+20 -> 30 | AC7: {=_xlfn.XLOOKUP(1,('2016 E Maize Soil VWC'!$C$2:$C$4000=$AA7)*('2016 E Maize Soil VWC'!$E$2:$E$4000=$AB7)*('2016 E Maize Soil VWC'!$F$2:$F$4000=AC$5),'2016 E Maize Soil VWC'!$G$2:$G$4000)} -> #N/A | AD7: {=_xlfn.XLOOKUP(1,('2016 E Maize Soil VWC'!$C$2:$C$4000=$AA7)*('2016 E Maize Soil VWC'!$E$2:$E$4000=$AB7)*('2016 E Maize Soil VWC'!$F$2:$F$4000=AD$5),'2016 E Maize Soil VWC'!$G$2:$G$4000)} -> #N/A | AE7: {=_xlfn.XLOOKUP(1,('2016 E Maize Soil VWC'!$C$2:$C$4000=$AA7)*('2016 E Maize Soil VWC'!$E$2:$E$4000=$AB7)*('2016 E Maize Soil VWC'!$F$2:$F$4000=AE$5),'2016 E Maize Soil VWC'!$G$2:$G$4000)} -> #N/A | AF7: {=_xlfn.XLOOKUP(1,('2016 E Maize Soil VWC'!$C$2:$C$4000=$AA7)*('2016 E Maize Soil VWC'!$E$2:$E$4000=$AB7)*('2016 E Maize Soil VWC'!$F$2:$F$4000=AF$5),'2016 E Maize Soil VWC'!$G$2:$G$4000)} -> #N/A | AG7: {=_xlfn.XLOOKUP(1,('2016 E Maize Soil VWC'!$C$2:$C$4000=$AA7)*('2016 E Maize Soil VWC'!$E$2:$E$4000=$AB7)*('2016 E Maize Soil VWC'!$F$2:$F$4000=AG$5),'2016 E Maize Soil VWC'!$G$2:$G$4000)} -> 0.35042124 | AH7: {=_xlfn.XLOOKUP(1,('2016 E Maize Soil VWC'!$C$2:$C$4000=$AA7)*('2016 E Maize Soil VWC'!$E$2:$E$4000=$AB7)*('2016 E Maize Soil VWC'!$F$2:$F$4000=AH$5),'2016 E Maize Soil VWC'!$G$2:$G$4000)} -> 0.32740844 | AI7: {=_xlfn.XLOOKUP(1,('2016 E Maize Soil VWC'!$C$2:$C$4000=$AA7)*('2016 E Maize Soil VWC'!$E$2:$E$4000=$AB7)*('2016 E Maize Soil VWC'!$F$2:$F$4000=AI$5),'2016 E Maize Soil VWC'!$G$2:$G$4000)} -> #N/A | AJ7: {=_xlfn.XLOOKUP(1,('2016 E Maize Soil VWC'!$C$2:$C$4000=$AA7)*('2016 E Maize Soil VWC'!$E$2:$E$4000=$AB7)*('2016 E Maize Soil VWC'!$F$2:$F$4000=AJ$5),'2016 E Maize Soil VWC'!$G$2:$G$4000)} -> #N/A | ... AV7: {=_xlfn.XLOOKUP(1,('2016 E Maize Soil VWC'!$C$2:$C$4000=$AA7)*('2016 E Maize Soil VWC'!$E$2:$E$4000=$AB7)*('2016 E Maize Soil VWC'!$F$2:$F$4000=AV$5),'2016 E Maize Soil VWC'!$G$2:$G$4000)} -> #N/A | BM7: 146 | BN7: 42515 | BO7: =VLOOKUP($BN7,$AX$6:$BL$175,BO$5) -> 478.07456 | BP7: =VLOOKUP($BN7,$AX$6:$BL$175,BP$5) -> #N/A | BQ7: =VLOOKUP($BN7,$AX$6:$BL$175,BQ$5) -> 469.63694 | BR7: =VLOOKUP($BN7,$AX$6:$BL$175,BR$5) -> #N/A | BS7: =VLOOKUP($BN7,$AX$6:$BL$175,BS$5) -> #N/A | BT7: =VLOOKUP($BN7,$AX$6:$BL$175,BT$5) -> #N/A | BU7: =VLOOKUP($BN7,$AX$6:$BL$175,BU$5) -> 644.98522 | BV7: =VLOOKUP($BN7,$AX$6:$BL$175,BV$5) -> #N/A | ... CB7: =VLOOKUP($BN7,$AX$6:$BL$175,CB$5) -> #N/A
AA8: =AA7 -> 42496 | AB8: =AB7+20 -> 50 | AC8: {=_xlfn.XLOOKUP(1,('2016 E Maize Soil VWC'!$C$2:$C$4000=$AA8)*('2016 E Maize Soil VWC'!$E$2:$E$4000=$AB8)*('2016 E Maize Soil VWC'!$F$2:$F$4000=AC$5),'2016 E Maize Soil VWC'!$G$2:$G$4000)} -> #N/A | AD8: {=_xlfn.XLOOKUP(1,('2016 E Maize Soil VWC'!$C$2:$C$4000=$AA8)*('2016 E Maize Soil VWC'!$E$2:$E$4000=$AB8)*('2016 E Maize Soil VWC'!$F$2:$F$4000=AD$5),'2016 E Maize Soil VWC'!$G$2:$G$4000)} -> #N/A | AE8: {=_xlfn.XLOOKUP(1,('2016 E Maize Soil VWC'!$C$2:$C$4000=$AA8)*('2016 E Maize Soil VWC'!$E$2:$E$4000=$AB8)*('2016 E Maize Soil VWC'!$F$2:$F$4000=AE$5),'2016 E Maize Soil VWC'!$G$2:$G$4000)} -> #N/A | AF8: {=_xlfn.XLOOKUP(1,('2016 E Maize Soil VWC'!$C$2:$C$4000=$AA8)*('2016 E Maize Soil VWC'!$E$2:$E$4000=$AB8)*('2016 E Maize Soil VWC'!$F$2:$F$4000=AF$5),'2016 E Maize Soil VWC'!$G$2:$G$4000)} -> #N/A | AG8: {=_xlfn.XLOOKUP(1,('2016 E Maize Soil VWC'!$C$2:$C$4000=$AA8)*('2016 E Maize Soil VWC'!$E$2:$E$4000=$AB8)*('2016 E Maize Soil VWC'!$F$2:$F$4000=AG$5),'2016 E Maize Soil VWC'!$G$2:$G$4000)} -> 0.34932212 | AH8: {=_xlfn.XLOOKUP(1,('2016 E Maize Soil VWC'!$C$2:$C$4000=$AA8)*('2016 E Maize Soil VWC'!$E$2:$E$4000=$AB8)*('2016 E Maize Soil VWC'!$F$2:$F$4000=AH$5),'2016 E Maize Soil VWC'!$G$2:$G$4000)} -> 0.34604766 | AI8: {=_xlfn.XLOOKUP(1,('2016 E Maize Soil VWC'!$C$2:$C$4000=$AA8)*('2016 E Maize Soil VWC'!$E$2:$E$4000=$AB8)*('2016 E Maize Soil VWC'!$F$2:$F$4000=AI$5),'2016 E Maize Soil VWC'!$G$2:$G$4000)} -> #N/A | AJ8: {=_xlfn.XLOOKUP(1,('2016 E Maize Soil VWC'!$C$2:$C$4000=$AA8)*('2016 E Maize Soil VWC'!$E$2:$E$4000=$AB8)*('2016 E Maize Soil VWC'!$F$2:$F$4000=AJ$5),'2016 E Maize Soil VWC'!$G$2:$G$4000)} -> #N/A | ... AV8: {=_xlfn.XLOOKUP(1,('2016 E Maize Soil VWC'!$C$2:$C$4000=$AA8)*('2016 E Maize Soil VWC'!$E$2:$E$4000=$AB8)*('2016 E Maize Soil VWC'!$F$2:$F$4000=AV$5),'2016 E Maize Soil VWC'!$G$2:$G$4000)} -> #N/A | BM8: 161 | BN8: 42530 | BO8: =VLOOKUP($BN8,$AX$6:$BL$175,BO$5) -> 483.51502 | BP8: =VLOOKUP($BN8,$AX$6:$BL$175,BP$5) -> 478.26976 | BQ8: =VLOOKUP($BN8,$AX$6:$BL$175,BQ$5) -> 466.67061 | BR8: =VLOOKUP($BN8,$AX$6:$BL$175,BR$5) -> 461.33498 | BS8: =VLOOKUP($BN8,$AX$6:$BL$175,BS$5) -> 740.78355 | BT8: =VLOOKUP($BN8,$AX$6:$BL$175,BT$5) -> 727.12301 | BU8: =VLOOKUP($BN8,$AX$6:$BL$175,BU$5) -> 651.36777 | BV8: =VLOOKUP($BN8,$AX$6:$BL$175,BV$5) -> 746.52819 | ... CB8: =VLOOKUP($BN8,$AX$6:$BL$175,CB$5) -> 743.91999
AA9: =AA8 -> 42496 | AB9: =AB8+20 -> 70 | AC9: {=_xlfn.XLOOKUP(1,('2016 E Maize Soil VWC'!$C$2:$C$4000=$AA9)*('2016 E Maize Soil VWC'!$E$2:$E$4000=$AB9)*('2016 E Maize Soil VWC'!$F$2:$F$4000=AC$5),'2016 E Maize Soil VWC'!$G$2:$G$4000)} -> #N/A | AD9: {=_xlfn.XLOOKUP(1,('2016 E Maize Soil VWC'!$C$2:$C$4000=$AA9)*('2016 E Maize Soil VWC'!$E$2:$E$4000=$AB9)*('2016 E Maize Soil VWC'!$F$2:$F$4000=AD$5),'2016 E Maize Soil VWC'!$G$2:$G$4000)} -> #N/A | AE9: {=_xlfn.XLOOKUP(1,('2016 E Maize Soil VWC'!$C$2:$C$4000=$AA9)*('2016 E Maize Soil VWC'!$E$2:$E$4000=$AB9)*('2016 E Maize Soil VWC'!$F$2:$F$4000=AE$5),'2016 E Maize Soil VWC'!$G$2:$G$4000)} -> #N/A | AF9: {=_xlfn.XLOOKUP(1,('2016 E Maize Soil VWC'!$C$2:$C$4000=$AA9)*('2016 E Maize Soil VWC'!$E$2:$E$4000=$AB9)*('2016 E Maize Soil VWC'!$F$2:$F$4000=AF$5),'2016 E Maize Soil VWC'!$G$2:$G$4000)} -> #N/A | AG9: {=_xlfn.XLOOKUP(1,('2016 E Maize Soil VWC'!$C$2:$C$4000=$AA9)*('2016 E Maize Soil VWC'!$E$2:$E$4000=$AB9)*('2016 E Maize Soil VWC'!$F$2:$F$4000=AG$5),'2016 E Maize Soil VWC'!$G$2:$G$4000)} -> 0.33627009 | AH9: {=_xlfn.XLOOKUP(1,('2016 E Maize Soil VWC'!$C$2:$C$4000=$AA9)*('2016 E Maize Soil VWC'!$E$2:$E$4000=$AB9)*('2016 E Maize Soil VWC'!$F$2:$F$4000=AH$5),'2016 E Maize Soil VWC'!$G$2:$G$4000)} -> 0.33395736 | AI9: {=_xlfn.XLOOKUP(1,('2016 E Maize Soil VWC'!$C$2:$C$4000=$AA9)*('2016 E Maize Soil VWC'!$E$2:$E$4000=$AB9)*('2016 E Maize Soil VWC'!$F$2:$F$4000=AI$5),'2016 E Maize Soil VWC'!$G$2:$G$4000)} -> #N/A | AJ9: {=_xlfn.XLOOKUP(1,('2016 E Maize Soil VWC'!$C$2:$C$4000=$AA9)*('2016 E Maize Soil VWC'!$E$2:$E$4000=$AB9)*('2016 E Maize Soil VWC'!$F$2:$F$4000=AJ$5),'2016 E Maize Soil VWC'!$G$2:$G$4000)} -> #N/A | ... AV9: {=_xlfn.XLOOKUP(1,('2016 E Maize Soil VWC'!$C$2:$C$4000=$AA9)*('2016 E Maize Soil VWC'!$E$2:$E$4000=$AB9)*('2016 E Maize Soil VWC'!$F$2:$F$4000=AV$5),'2016 E Maize Soil VWC'!$G$2:$G$4000)} -> #N/A | BM9: 167 | BN9: 42536 | BO9: =VLOOKUP($BN9,$AX$6:$BL$175,BO$5) -> 483.99925 | BP9: =VLOOKUP($BN9,$AX$6:$BL$175,BP$5) -> 483.86716 | BQ9: =VLOOKUP($BN9,$AX$6:$BL$175,BQ$5) -> 467.75502 | BR9: =VLOOKUP($BN9,$AX$6:$BL$175,BR$5) -> 463.15943 | BS9: =VLOOKUP($BN9,$AX$6:$BL$175,BS$5) -> 755.7947 | BT9: =VLOOKUP($BN9,$AX$6:$BL$175,BT$5) -> 738.99172 | BU9: =VLOOKUP($BN9,$AX$6:$BL$175,BU$5) -> 653.00429 | BV9: =VLOOKUP($BN9,$AX$6:$BL$175,BV$5) -> 754.47289 | ... CB9: =VLOOKUP($BN9,$AX$6:$BL$175,CB$5) -> 751.22419
AA10: =AA9 -> 42496 | AB10: =AB9+20 -> 90 | AC10: {=_xlfn.XLOOKUP(1,('2016 E Maize Soil VWC'!$C$2:$C$4000=$AA10)*('2016 E Maize Soil VWC'!$E$2:$E$4000=$AB10)*('2016 E Maize Soil VWC'!$F$2:$F$4000=AC$5),'2016 E Maize Soil VWC'!$G$2:$G$4000)} -> #N/A | AD10: {=_xlfn.XLOOKUP(1,('2016 E Maize Soil VWC'!$C$2:$C$4000=$AA10)*('2016 E Maize Soil VWC'!$E$2:$E$4000=$AB10)*('2016 E Maize Soil VWC'!$F$2:$F$4000=AD$5),'2016 E Maize Soil VWC'!$G$2:$G$4000)} -> #N/A | AE10: {=_xlfn.XLOOKUP(1,('2016 E Maize Soil VWC'!$C$2:$C$4000=$AA10)*('2016 E Maize Soil VWC'!$E$2:$E$4000=$AB10)*('2016 E Maize Soil VWC'!$F$2:$F$4000=AE$5),'2016 E Maize Soil VWC'!$G$2:$G$4000)} -> #N/A | AF10: {=_xlfn.XLOOKUP(1,('2016 E Maize Soil VWC'!$C$2:$C$4000=$AA10)*('2016 E Maize Soil VWC'!$E$2:$E$4000=$AB10)*('2016 E Maize Soil VWC'!$F$2:$F$4000=AF$5),'2016 E Maize Soil VWC'!$G$2:$G$4000)} -> #N/A | AG10: {=_xlfn.XLOOKUP(1,('2016 E Maize Soil VWC'!$C$2:$C$4000=$AA10)*('2016 E Maize Soil VWC'!$E$2:$E$4000=$AB10)*('2016 E Maize Soil VWC'!$F$2:$F$4000=AG$5),'2016 E Maize Soil VWC'!$G$2:$G$4000)} -> 0.33159883 | AH10: {=_xlfn.XLOOKUP(1,('2016 E Maize Soil VWC'!$C$2:$C$4000=$AA10)*('2016 E Maize Soil VWC'!$E$2:$E$4000=$AB10)*('2016 E Maize Soil VWC'!$F$2:$F$4000=AH$5),'2016 E Maize Soil VWC'!$G$2:$G$4000)} -> 0.32360732 | AI10: {=_xlfn.XLOOKUP(1,('2016 E Maize Soil VWC'!$C$2:$C$4000=$AA10)*('2016 E Maize Soil VWC'!$E$2:$E$4000=$AB10)*('2016 E Maize Soil VWC'!$F$2:$F$4000=AI$5),'2016 E Maize Soil VWC'!$G$2:$G$4000)} -> #N/A | AJ10: {=_xlfn.XLOOKUP(1,('2016 E Maize Soil VWC'!$C$2:$C$4000=$AA10)*('2016 E Maize Soil VWC'!$E$2:$E$4000=$AB10)*('2016 E Maize Soil VWC'!$F$2:$F$4000=AJ$5),'2016 E Maize Soil VWC'!$G$2:$G$4000)} -> #N/A | ... AV10: {=_xlfn.XLOOKUP(1,('2016 E Maize Soil VWC'!$C$2:$C$4000=$AA10)*('2016 E Maize Soil VWC'!$E$2:$E$4000=$AB10)*('2016 E Maize Soil VWC'!$F$2:$F$4000=AV$5),'2016 E Maize Soil VWC'!$G$2:$G$4000)} -> #N/A | BM10: 173 | BN10: 42542 | BO10: =VLOOKUP($BN10,$AX$6:$BL$175,BO$5) -> 469.5723 | BP10: =VLOOKUP($BN10,$AX$6:$BL$175,BP$5) -> 473.4016 | BQ10: =VLOOKUP($BN10,$AX$6:$BL$175,BQ$5) -> 453.1181 | BR10: =VLOOKUP($BN10,$AX$6:$BL$175,BR$5) -> 452.60329 | BS10: =VLOOKUP($BN10,$AX$6:$BL$175,BS$5) -> 744.90153 | BT10: =VLOOKUP($BN10,$AX$6:$BL$175,BT$5) -> 734.60264 | BU10: =VLOOKUP($BN10,$AX$6:$BL$175,BU$5) -> 640.16953 | BV10: =VLOOKUP($BN10,$AX$6:$BL$175,BV$5) -> 749.95769 | ... CB10: =VLOOKUP($BN10,$AX$6:$BL$175,CB$5) -> 742.59315
AA11: =AA10 -> 42496 | AB11: =AB10+20 -> 110 | AC11: {=_xlfn.XLOOKUP(1,('2016 E Maize Soil VWC'!$C$2:$C$4000=$AA11)*('2016 E Maize Soil VWC'!$E$2:$E$4000=$AB11)*('2016 E Maize Soil VWC'!$F$2:$F$4000=AC$5),'2016 E Maize Soil VWC'!$G$2:$G$4000)} -> #N/A | AD11: {=_xlfn.XLOOKUP(1,('2016 E Maize Soil VWC'!$C$2:$C$4000=$AA11)*('2016 E Maize Soil VWC'!$E$2:$E$4000=$AB11)*('2016 E Maize Soil VWC'!$F$2:$F$4000=AD$5),'2016 E Maize Soil VWC'!$G$2:$G$4000)} -> #N/A | AE11: {=_xlfn.XLOOKUP(1,('2016 E Maize Soil VWC'!$C$2:$C$4000=$AA11)*('2016 E Maize Soil VWC'!$E$2:$E$4000=$AB11)*('2016 E Maize Soil VWC'!$F$2:$F$4000=AE$5),'2016 E Maize Soil VWC'!$G$2:$G$4000)} -> #N/A | AF11: {=_xlfn.XLOOKUP(1,('2016 E Maize Soil VWC'!$C$2:$C$4000=$AA11)*('2016 E Maize Soil VWC'!$E$2:$E$4000=$AB11)*('2016 E Maize Soil VWC'!$F$2:$F$4000=AF$5),'2016 E Maize Soil VWC'!$G$2:$G$4000)} -> #N/A | AG11: {=_xlfn.XLOOKUP(1,('2016 E Maize Soil VWC'!$C$2:$C$4000=$AA11)*('2016 E Maize Soil VWC'!$E$2:$E$4000=$AB11)*('2016 E Maize Soil VWC'!$F$2:$F$4000=AG$5),'2016 E Maize Soil VWC'!$G$2:$G$4000)} -> 0.33189651 | AH11: {=_xlfn.XLOOKUP(1,('2016 E Maize Soil VWC'!$C$2:$C$4000=$AA11)*('2016 E Maize Soil VWC'!$E$2:$E$4000=$AB11)*('2016 E Maize Soil VWC'!$F$2:$F$4000=AH$5),'2016 E Maize Soil VWC'!$G$2:$G$4000)} -> 0.32358443 | AI11: {=_xlfn.XLOOKUP(1,('2016 E Maize Soil VWC'!$C$2:$C$4000=$AA11)*('2016 E Maize Soil VWC'!$E$2:$E$4000=$AB11)*('2016 E Maize Soil VWC'!$F$2:$F$4000=AI$5),'2016 E Maize Soil VWC'!$G$2:$G$4000)} -> #N/A | AJ11: {=_xlfn.XLOOKUP(1,('2016 E Maize Soil VWC'!$C$2:$C$4000=$AA11)*('2016 E Maize Soil VWC'!$E$2:$E$4000=$AB11)*('2016 E Maize Soil VWC'!$F$2:$F$4000=AJ$5),'2016 E Maize Soil VWC'!$G$2:$G$4000)} -> #N/A | ... AV11: {=_xlfn.XLOOKUP(1,('2016 E Maize Soil VWC'!$C$2:$C$4000=$AA11)*('2016 E Maize Soil VWC'!$E$2:$E$4000=$AB11)*('2016 E Maize Soil VWC'!$F$2:$F$4000=AV$5),'2016 E Maize Soil VWC'!$G$2:$G$4000)} -> #N/A | BM11: 180 | BN11: 42549 | BO11: =VLOOKUP($BN11,$AX$6:$BL$175,BO$5) -> 450.18568 | BP11: =VLOOKUP($BN11,$AX$6:$BL$175,BP$5) -> 451.61177 | BQ11: =VLOOKUP($BN11,$AX$6:$BL$175,BQ$5) -> 435.97059 | BR11: =VLOOKUP($BN11,$AX$6:$BL$175,BR$5) -> 433.45411 | BS11: =VLOOKUP($BN11,$AX$6:$BL$175,BS$5) -> 724.28257 | BT11: =VLOOKUP($BN11,$AX$6:$BL$175,BT$5) -> 706.01806 | BU11: =VLOOKUP($BN11,$AX$6:$BL$175,BU$5) -> 621.76977 | BV11: =VLOOKUP($BN11,$AX$6:$BL$175,BV$5) -> 725.45278 | ... CB11: =VLOOKUP($BN11,$AX$6:$BL$175,CB$5) -> 722.21985
AA12: =AA11 -> 42496 | AB12: =AB11+20 -> 130 | AC12: {=_xlfn.XLOOKUP(1,('2016 E Maize Soil VWC'!$C$2:$C$4000=$AA12)*('2016 E Maize Soil VWC'!$E$2:$E$4000=$AB12)*('2016 E Maize Soil VWC'!$F$2:$F$4000=AC$5),'2016 E Maize Soil VWC'!$G$2:$G$4000)} -> #N/A | AD12: {=_xlfn.XLOOKUP(1,('2016 E Maize Soil VWC'!$C$2:$C$4000=$AA12)*('2016 E Maize Soil VWC'!$E$2:$E$4000=$AB12)*('2016 E Maize Soil VWC'!$F$2:$F$4000=AD$5),'2016 E Maize Soil VWC'!$G$2:$G$4000)} -> #N/A | AE12: {=_xlfn.XLOOKUP(1,('2016 E Maize Soil VWC'!$C$2:$C$4000=$AA12)*('2016 E Maize Soil VWC'!$E$2:$E$4000=$AB12)*('2016 E Maize Soil VWC'!$F$2:$F$4000=AE$5),'2016 E Maize Soil VWC'!$G$2:$G$4000)} -> #N/A | AF12: {=_xlfn.XLOOKUP(1,('2016 E Maize Soil VWC'!$C$2:$C$4000=$AA12)*('2016 E Maize Soil VWC'!$E$2:$E$4000=$AB12)*('2016 E Maize Soil VWC'!$F$2:$F$4000=AF$5),'2016 E Maize Soil VWC'!$G$2:$G$4000)} -> #N/A | AG12: {=_xlfn.XLOOKUP(1,('2016 E Maize Soil VWC'!$C$2:$C$4000=$AA12)*('2016 E Maize Soil VWC'!$E$2:$E$4000=$AB12)*('2016 E Maize Soil VWC'!$F$2:$F$4000=AG$5),'2016 E Maize Soil VWC'!$G$2:$G$4000)} -> 0.30716079 | AH12: {=_xlfn.XLOOKUP(1,('2016 E Maize Soil VWC'!$C$2:$C$4000=$AA12)*('2016 E Maize Soil VWC'!$E$2:$E$4000=$AB12)*('2016 E Maize Soil VWC'!$F$2:$F$4000=AH$5),'2016 E Maize Soil VWC'!$G$2:$G$4000)} -> 0.30500023 | AI12: {=_xlfn.XLOOKUP(1,('2016 E Maize Soil VWC'!$C$2:$C$4000=$AA12)*('2016 E Maize Soil VWC'!$E$2:$E$4000=$AB12)*('2016 E Maize Soil VWC'!$F$2:$F$4000=AI$5),'2016 E Maize Soil VWC'!$G$2:$G$4000)} -> #N/A | AJ12: {=_xlfn.XLOOKUP(1,('2016 E Maize Soil VWC'!$C$2:$C$4000=$AA12)*('2016 E Maize Soil VWC'!$E$2:$E$4000=$AB12)*('2016 E Maize Soil VWC'!$F$2:$F$4000=AJ$5),'2016 E Maize Soil VWC'!$G$2:$G$4000)} -> #N/A | ... AV12: {=_xlfn.XLOOKUP(1,('2016 E Maize Soil VWC'!$C$2:$C$4000=$AA12)*('2016 E Maize Soil VWC'!$E$2:$E$4000=$AB12)*('2016 E Maize Soil VWC'!$F$2:$F$4000=AV$5),'2016 E Maize Soil VWC'!$G$2:$G$4000)} -> #N/A | BM12: 193 | BN12: 42562 | BO12: =VLOOKUP($BN12,$AX$6:$BL$175,BO$5) -> 429.229 | BP12: =VLOOKUP($BN12,$AX$6:$BL$175,BP$5) -> 441.03425 | BQ12: =VLOOKUP($BN12,$AX$6:$BL$175,BQ$5) -> 425.65229 | BR12: =VLOOKUP($BN12,$AX$6:$BL$175,BR$5) -> 422.07789 | BS12: =VLOOKUP($BN12,$AX$6:$BL$175,BS$5) -> 717.58122 | BT12: =VLOOKUP($BN12,$AX$6:$BL$175,BT$5) -> 695.65332 | BU12: =VLOOKUP($BN12,$AX$6:$BL$175,BU$5) -> 606.8899 | BV12: =VLOOKUP($BN12,$AX$6:$BL$175,BV$5) -> 716.87063 | ... CB12: =VLOOKUP($BN12,$AX$6:$BL$175,CB$5) -> 706.26386
AA13: =AA12 -> 42496 | AB13: =AB12+20 -> 150 | AC13: {=_xlfn.XLOOKUP(1,('2016 E Maize Soil VWC'!$C$2:$C$4000=$AA13)*('2016 E Maize Soil VWC'!$E$2:$E$4000=$AB13)*('2016 E Maize Soil VWC'!$F$2:$F$4000=AC$5),'2016 E Maize Soil VWC'!$G$2:$G$4000)} -> #N/A | AD13: {=_xlfn.XLOOKUP(1,('2016 E Maize Soil VWC'!$C$2:$C$4000=$AA13)*('2016 E Maize Soil VWC'!$E$2:$E$4000=$AB13)*('2016 E Maize Soil VWC'!$F$2:$F$4000=AD$5),'2016 E Maize Soil VWC'!$G$2:$G$4000)} -> #N/A | AE13: {=_xlfn.XLOOKUP(1,('2016 E Maize Soil VWC'!$C$2:$C$4000=$AA13)*('2016 E Maize Soil VWC'!$E$2:$E$4000=$AB13)*('2016 E Maize Soil VWC'!$F$2:$F$4000=AE$5),'2016 E Maize Soil VWC'!$G$2:$G$4000)} -> #N/A | AF13: {=_xlfn.XLOOKUP(1,('2016 E Maize Soil VWC'!$C$2:$C$4000=$AA13)*('2016 E Maize Soil VWC'!$E$2:$E$4000=$AB13)*('2016 E Maize Soil VWC'!$F$2:$F$4000=AF$5),'2016 E Maize Soil VWC'!$G$2:$G$4000)} -> #N/A | AG13: {=_xlfn.XLOOKUP(1,('2016 E Maize Soil VWC'!$C$2:$C$4000=$AA13)*('2016 E Maize Soil VWC'!$E$2:$E$4000=$AB13)*('2016 E Maize Soil VWC'!$F$2:$F$4000=AG$5),'2016 E Maize Soil VWC'!$G$2:$G$4000)} -> 0.35531598 | AH13: {=_xlfn.XLOOKUP(1,('2016 E Maize Soil VWC'!$C$2:$C$4000=$AA13)*('2016 E Maize Soil VWC'!$E$2:$E$4000=$AB13)*('2016 E Maize Soil VWC'!$F$2:$F$4000=AH$5),'2016 E Maize Soil VWC'!$G$2:$G$4000)} -> 0.34067867 | AI13: {=_xlfn.XLOOKUP(1,('2016 E Maize Soil VWC'!$C$2:$C$4000=$AA13)*('2016 E Maize Soil VWC'!$E$2:$E$4000=$AB13)*('2016 E Maize Soil VWC'!$F$2:$F$4000=AI$5),'2016 E Maize Soil VWC'!$G$2:$G$4000)} -> #N/A | AJ13: {=_xlfn.XLOOKUP(1,('2016 E Maize Soil VWC'!$C$2:$C$4000=$AA13)*('2016 E Maize Soil VWC'!$E$2:$E$4000=$AB13)*('2016 E Maize Soil VWC'!$F$2:$F$4000=AJ$5),'2016 E Maize Soil VWC'!$G$2:$G$4000)} -> #N/A | ... AV13: {=_xlfn.XLOOKUP(1,('2016 E Maize Soil VWC'!$C$2:$C$4000=$AA13)*('2016 E Maize Soil VWC'!$E$2:$E$4000=$AB13)*('2016 E Maize Soil VWC'!$F$2:$F$4000=AV$5),'2016 E Maize Soil VWC'!$G$2:$G$4000)} -> #N/A | BM13: 200 | BN13: 42569 | BO13: =VLOOKUP($BN13,$AX$6:$BL$175,BO$5) -> 425.51181 | BP13: =VLOOKUP($BN13,$AX$6:$BL$175,BP$5) -> 442.23595 | BQ13: =VLOOKUP($BN13,$AX$6:$BL$175,BQ$5) -> 424.69098 | BR13: =VLOOKUP($BN13,$AX$6:$BL$175,BR$5) -> 423.94436 | BS13: =VLOOKUP($BN13,$AX$6:$BL$175,BS$5) -> 715.62979 | BT13: =VLOOKUP($BN13,$AX$6:$BL$175,BT$5) -> 692.93744 | BU13: =VLOOKUP($BN13,$AX$6:$BL$175,BU$5) -> 601.0034 | BV13: =VLOOKUP($BN13,$AX$6:$BL$175,BV$5) -> 718.67497 | ... CB13: =VLOOKUP($BN13,$AX$6:$BL$175,CB$5) -> 705.43233
AA14: =AA13 -> 42496 | AB14: =AB13+20 -> 170 | AC14: {=_xlfn.XLOOKUP(1,('2016 E Maize Soil VWC'!$C$2:$C$4000=$AA14)*('2016 E Maize Soil VWC'!$E$2:$E$4000=$AB14)*('2016 E Maize Soil VWC'!$F$2:$F$4000=AC$5),'2016 E Maize Soil VWC'!$G$2:$G$4000)} -> #N/A | AD14: {=_xlfn.XLOOKUP(1,('2016 E Maize Soil VWC'!$C$2:$C$4000=$AA14)*('2016 E Maize Soil VWC'!$E$2:$E$4000=$AB14)*('2016 E Maize Soil VWC'!$F$2:$F$4000=AD$5),'2016 E Maize Soil VWC'!$G$2:$G$4000)} -> #N/A | AE14: {=_xlfn.XLOOKUP(1,('2016 E Maize Soil VWC'!$C$2:$C$4000=$AA14)*('2016 E Maize Soil VWC'!$E$2:$E$4000=$AB14)*('2016 E Maize Soil VWC'!$F$2:$F$4000=AE$5),'2016 E Maize Soil VWC'!$G$2:$G$4000)} -> #N/A | AF14: {=_xlfn.XLOOKUP(1,('2016 E Maize Soil VWC'!$C$2:$C$4000=$AA14)*('2016 E Maize Soil VWC'!$E$2:$E$4000=$AB14)*('2016 E Maize Soil VWC'!$F$2:$F$4000=AF$5),'2016 E Maize Soil VWC'!$G$2:$G$4000)} -> #N/A | AG14: {=_xlfn.XLOOKUP(1,('2016 E Maize Soil VWC'!$C$2:$C$4000=$AA14)*('2016 E Maize Soil VWC'!$E$2:$E$4000=$AB14)*('2016 E Maize Soil VWC'!$F$2:$F$4000=AG$5),'2016 E Maize Soil VWC'!$G$2:$G$4000)} -> 0.31739912 | AH14: {=_xlfn.XLOOKUP(1,('2016 E Maize Soil VWC'!$C$2:$C$4000=$AA14)*('2016 E Maize Soil VWC'!$E$2:$E$4000=$AB14)*('2016 E Maize Soil VWC'!$F$2:$F$4000=AH$5),'2016 E Maize Soil VWC'!$G$2:$G$4000)} -> 0.32631386 | AI14: {=_xlfn.XLOOKUP(1,('2016 E Maize Soil VWC'!$C$2:$C$4000=$AA14)*('2016 E Maize Soil VWC'!$E$2:$E$4000=$AB14)*('2016 E Maize Soil VWC'!$F$2:$F$4000=AI$5),'2016 E Maize Soil VWC'!$G$2:$G$4000)} -> #N/A | AJ14: {=_xlfn.XLOOKUP(1,('2016 E Maize Soil VWC'!$C$2:$C$4000=$AA14)*('2016 E Maize Soil VWC'!$E$2:$E$4000=$AB14)*('2016 E Maize Soil VWC'!$F$2:$F$4000=AJ$5),'2016 E Maize Soil VWC'!$G$2:$G$4000)} -> #N/A | ... AV14: {=_xlfn.XLOOKUP(1,('2016 E Maize Soil VWC'!$C$2:$C$4000=$AA14)*('2016 E Maize Soil VWC'!$E$2:$E$4000=$AB14)*('2016 E Maize Soil VWC'!$F$2:$F$4000=AV$5),'2016 E Maize Soil VWC'!$G$2:$G$4000)} -> #N/A | BM14: 208 | BN14: 42577 | BO14: =VLOOKUP($BN14,$AX$6:$BL$175,BO$5) -> 416.275 | BP14: =VLOOKUP($BN14,$AX$6:$BL$175,BP$5) -> 434.80189 | BQ14: =VLOOKUP($BN14,$AX$6:$BL$175,BQ$5) -> 415.24547 | BR14: =VLOOKUP($BN14,$AX$6:$BL$175,BR$5) -> 415.59231 | BS14: =VLOOKUP($BN14,$AX$6:$BL$175,BS$5) -> 705.58137 | BT14: =VLOOKUP($BN14,$AX$6:$BL$175,BT$5) -> 686.52572 | BU14: =VLOOKUP($BN14,$AX$6:$BL$175,BU$5) -> 589.95931 | BV14: =VLOOKUP($BN14,$AX$6:$BL$175,BV$5) -> 708.32962 | ... CB14: =VLOOKUP($BN14,$AX$6:$BL$175,CB$5) -> 695.05328
AA15: =AA14 -> 42496 | AB15: =AB14+20 -> 190 | AC15: {=_xlfn.XLOOKUP(1,('2016 E Maize Soil VWC'!$C$2:$C$4000=$AA15)*('2016 E Maize Soil VWC'!$E$2:$E$4000=$AB15)*('2016 E Maize Soil VWC'!$F$2:$F$4000=AC$5),'2016 E Maize Soil VWC'!$G$2:$G$4000)} -> #N/A | AD15: {=_xlfn.XLOOKUP(1,('2016 E Maize Soil VWC'!$C$2:$C$4000=$AA15)*('2016 E Maize Soil VWC'!$E$2:$E$4000=$AB15)*('2016 E Maize Soil VWC'!$F$2:$F$4000=AD$5),'2016 E Maize Soil VWC'!$G$2:$G$4000)} -> #N/A | AE15: {=_xlfn.XLOOKUP(1,('2016 E Maize Soil VWC'!$C$2:$C$4000=$AA15)*('2016 E Maize Soil VWC'!$E$2:$E$4000=$AB15)*('2016 E Maize Soil VWC'!$F$2:$F$4000=AE$5),'2016 E Maize Soil VWC'!$G$2:$G$4000)} -> #N/A | AF15: {=_xlfn.XLOOKUP(1,('2016 E Maize Soil VWC'!$C$2:$C$4000=$AA15)*('2016 E Maize Soil VWC'!$E$2:$E$4000=$AB15)*('2016 E Maize Soil VWC'!$F$2:$F$4000=AF$5),'2016 E Maize Soil VWC'!$G$2:$G$4000)} -> #N/A | AG15: {=_xlfn.XLOOKUP(1,('2016 E Maize Soil VWC'!$C$2:$C$4000=$AA15)*('2016 E Maize Soil VWC'!$E$2:$E$4000=$AB15)*('2016 E Maize Soil VWC'!$F$2:$F$4000=AG$5),'2016 E Maize Soil VWC'!$G$2:$G$4000)} -> 0.32259614 | AH15: {=_xlfn.XLOOKUP(1,('2016 E Maize Soil VWC'!$C$2:$C$4000=$AA15)*('2016 E Maize Soil VWC'!$E$2:$E$4000=$AB15)*('2016 E Maize Soil VWC'!$F$2:$F$4000=AH$5),'2016 E Maize Soil VWC'!$G$2:$G$4000)} -> 0.33446949 | AI15: {=_xlfn.XLOOKUP(1,('2016 E Maize Soil VWC'!$C$2:$C$4000=$AA15)*('2016 E Maize Soil VWC'!$E$2:$E$4000=$AB15)*('2016 E Maize Soil VWC'!$F$2:$F$4000=AI$5),'2016 E Maize Soil VWC'!$G$2:$G$4000)} -> #N/A | AJ15: {=_xlfn.XLOOKUP(1,('2016 E Maize Soil VWC'!$C$2:$C$4000=$AA15)*('2016 E Maize Soil VWC'!$E$2:$E$4000=$AB15)*('2016 E Maize Soil VWC'!$F$2:$F$4000=AJ$5),'2016 E Maize Soil VWC'!$G$2:$G$4000)} -> #N/A | ... AV15: {=_xlfn.XLOOKUP(1,('2016 E Maize Soil VWC'!$C$2:$C$4000=$AA15)*('2016 E Maize Soil VWC'!$E$2:$E$4000=$AB15)*('2016 E Maize Soil VWC'!$F$2:$F$4000=AV$5),'2016 E Maize Soil VWC'!$G$2:$G$4000)} -> #N/A | BM15: 215 | BN15: 42584 | BO15: =VLOOKUP($BN15,$AX$6:$BL$175,BO$5) -> 445.63454 | BP15: =VLOOKUP($BN15,$AX$6:$BL$175,BP$5) -> 458.35753 | BQ15: =VLOOKUP($BN15,$AX$6:$BL$175,BQ$5) -> 448.34887 | BR15: =VLOOKUP($BN15,$AX$6:$BL$175,BR$5) -> 440.33288 | BS15: =VLOOKUP($BN15,$AX$6:$BL$175,BS$5) -> 743.23246 | BT15: =VLOOKUP($BN15,$AX$6:$BL$175,BT$5) -> 702.86661 | BU15: =VLOOKUP($BN15,$AX$6:$BL$175,BU$5) -> 620.27261 | BV15: =VLOOKUP($BN15,$AX$6:$BL$175,BV$5) -> 729.7733 | ... CB15: =VLOOKUP($BN15,$AX$6:$BL$175,CB$5) -> 718.04292
AA16: =AA15 -> 42496 | AB16: =AB15+20 -> 210 | AC16: {=_xlfn.XLOOKUP(1,('2016 E Maize Soil VWC'!$C$2:$C$4000=$AA16)*('2016 E Maize Soil VWC'!$E$2:$E$4000=$AB16)*('2016 E Maize Soil VWC'!$F$2:$F$4000=AC$5),'2016 E Maize Soil VWC'!$G$2:$G$4000)} -> #N/A | AD16: {=_xlfn.XLOOKUP(1,('2016 E Maize Soil VWC'!$C$2:$C$4000=$AA16)*('2016 E Maize Soil VWC'!$E$2:$E$4000=$AB16)*('2016 E Maize Soil VWC'!$F$2:$F$4000=AD$5),'2016 E Maize Soil VWC'!$G$2:$G$4000)} -> #N/A | AE16: {=_xlfn.XLOOKUP(1,('2016 E Maize Soil VWC'!$C$2:$C$4000=$AA16)*('2016 E Maize Soil VWC'!$E$2:$E$4000=$AB16)*('2016 E Maize Soil VWC'!$F$2:$F$4000=AE$5),'2016 E Maize Soil VWC'!$G$2:$G$4000)} -> #N/A | AF16: {=_xlfn.XLOOKUP(1,('2016 E Maize Soil VWC'!$C$2:$C$4000=$AA16)*('2016 E Maize Soil VWC'!$E$2:$E$4000=$AB16)*('2016 E Maize Soil VWC'!$F$2:$F$4000=AF$5),'2016 E Maize Soil VWC'!$G$2:$G$4000)} -> #N/A | AG16: {=_xlfn.XLOOKUP(1,('2016 E Maize Soil VWC'!$C$2:$C$4000=$AA16)*('2016 E Maize Soil VWC'!$E$2:$E$4000=$AB16)*('2016 E Maize Soil VWC'!$F$2:$F$4000=AG$5),'2016 E Maize Soil VWC'!$G$2:$G$4000)} -> #N/A | AH16: {=_xlfn.XLOOKUP(1,('2016 E Maize Soil VWC'!$C$2:$C$4000=$AA16)*('2016 E Maize Soil VWC'!$E$2:$E$4000=$AB16)*('2016 E Maize Soil VWC'!$F$2:$F$4000=AH$5),'2016 E Maize Soil VWC'!$G$2:$G$4000)} -> #N/A | AI16: {=_xlfn.XLOOKUP(1,('2016 E Maize Soil VWC'!$C$2:$C$4000=$AA16)*('2016 E Maize Soil VWC'!$E$2:$E$4000=$AB16)*('2016 E Maize Soil VWC'!$F$2:$F$4000=AI$5),'2016 E Maize Soil VWC'!$G$2:$G$4000)} -> #N/A | AJ16: {=_xlfn.XLOOKUP(1,('2016 E Maize Soil VWC'!$C$2:$C$4000=$AA16)*('2016 E Maize Soil VWC'!$E$2:$E$4000=$AB16)*('2016 E Maize Soil VWC'!$F$2:$F$4000=AJ$5),'2016 E Maize Soil VWC'!$G$2:$G$4000)} -> #N/A | ... AV16: {=_xlfn.XLOOKUP(1,('2016 E Maize Soil VWC'!$C$2:$C$4000=$AA16)*('2016 E Maize Soil VWC'!$E$2:$E$4000=$AB16)*('2016 E Maize Soil VWC'!$F$2:$F$4000=AV$5),'2016 E Maize Soil VWC'!$G$2:$G$4000)} -> #N/A | BM16: 224 | BN16: 42593 | BO16: =VLOOKUP($BN16,$AX$6:$BL$175,BO$5) -> 480.73658 | BP16: =VLOOKUP($BN16,$AX$6:$BL$175,BP$5) -> 477.94908 | BQ16: =VLOOKUP($BN16,$AX$6:$BL$175,BQ$5) -> 473.85545 | BR16: =VLOOKUP($BN16,$AX$6:$BL$175,BR$5) -> 452.18308 | BS16: =VLOOKUP($BN16,$AX$6:$BL$175,BS$5) -> 754.10089 | BT16: =VLOOKUP($BN16,$AX$6:$BL$175,BT$5) -> 731.07688 | BU16: =VLOOKUP($BN16,$AX$6:$BL$175,BU$5) -> 655.91187 | BV16: =VLOOKUP($BN16,$AX$6:$BL$175,BV$5) -> 748.86808 | ... CB16: =VLOOKUP($BN16,$AX$6:$BL$175,CB$5) -> 740.60054
AA17: =AA16 -> 42496 | AB17: =AB16+20 -> 230 | AC17: {=_xlfn.XLOOKUP(1,('2016 E Maize Soil VWC'!$C$2:$C$4000=$AA17)*('2016 E Maize Soil VWC'!$E$2:$E$4000=$AB17)*('2016 E Maize Soil VWC'!$F$2:$F$4000=AC$5),'2016 E Maize Soil VWC'!$G$2:$G$4000)} -> #N/A | AD17: {=_xlfn.XLOOKUP(1,('2016 E Maize Soil VWC'!$C$2:$C$4000=$AA17)*('2016 E Maize Soil VWC'!$E$2:$E$4000=$AB17)*('2016 E Maize Soil VWC'!$F$2:$F$4000=AD$5),'2016 E Maize Soil VWC'!$G$2:$G$4000)} -> #N/A | AE17: {=_xlfn.XLOOKUP(1,('2016 E Maize Soil VWC'!$C$2:$C$4000=$AA17)*('2016 E Maize Soil VWC'!$E$2:$E$4000=$AB17)*('2016 E Maize Soil VWC'!$F$2:$F$4000=AE$5),'2016 E Maize Soil VWC'!$G$2:$G$4000)} -> #N/A | AF17: {=_xlfn.XLOOKUP(1,('2016 E Maize Soil VWC'!$C$2:$C$4000=$AA17)*('2016 E Maize Soil VWC'!$E$2:$E$4000=$AB17)*('2016 E Maize Soil VWC'!$F$2:$F$4000=AF$5),'2016 E Maize Soil VWC'!$G$2:$G$4000)} -> #N/A | AG17: {=_xlfn.XLOOKUP(1,('2016 E Maize Soil VWC'!$C$2:$C$4000=$AA17)*('2016 E Maize Soil VWC'!$E$2:$E$4000=$AB17)*('2016 E Maize Soil VWC'!$F$2:$F$4000=AG$5),'2016 E Maize Soil VWC'!$G$2:$G$4000)} -> #N/A | AH17: {=_xlfn.XLOOKUP(1,('2016 E Maize Soil VWC'!$C$2:$C$4000=$AA17)*('2016 E Maize Soil VWC'!$E$2:$E$4000=$AB17)*('2016 E Maize Soil VWC'!$F$2:$F$4000=AH$5),'2016 E Maize Soil VWC'!$G$2:$G$4000)} -> #N/A | AI17: {=_xlfn.XLOOKUP(1,('2016 E Maize Soil VWC'!$C$2:$C$4000=$AA17)*('2016 E Maize Soil VWC'!$E$2:$E$4000=$AB17)*('2016 E Maize Soil VWC'!$F$2:$F$4000=AI$5),'2016 E Maize Soil VWC'!$G$2:$G$4000)} -> #N/A | AJ17: {=_xlfn.XLOOKUP(1,('2016 E Maize Soil VWC'!$C$2:$C$4000=$AA17)*('2016 E Maize Soil VWC'!$E$2:$E$4000=$AB17)*('2016 E Maize Soil VWC'!$F$2:$F$4000=AJ$5),'2016 E Maize Soil VWC'!$G$2:$G$4000)} -> #N/A | ... AV17: {=_xlfn.XLOOKUP(1,('2016 E Maize Soil VWC'!$C$2:$C$4000=$AA17)*('2016 E Maize Soil VWC'!$E$2:$E$4000=$AB17)*('2016 E Maize Soil VWC'!$F$2:$F$4000=AV$5),'2016 E Maize Soil VWC'!$G$2:$G$4000)} -> #N/A | BM17: 236 | BN17: 42605 | BO17: =VLOOKUP($BN17,$AX$6:$BL$175,BO$5) -> 479.62585 | BP17: =VLOOKUP($BN17,$AX$6:$BL$175,BP$5) -> 478.39262 | BQ17: =VLOOKUP($BN17,$AX$6:$BL$175,BQ$5) -> 475.28822 | BR17: =VLOOKUP($BN17,$AX$6:$BL$175,BR$5) -> 452.22585 | BS17: =VLOOKUP($BN17,$AX$6:$BL$175,BS$5) -> 749.62022 | BT17: =VLOOKUP($BN17,$AX$6:$BL$175,BT$5) -> 719.26429 | BU17: =VLOOKUP($BN17,$AX$6:$BL$175,BU$5) -> 648.80413 | BV17: =VLOOKUP($BN17,$AX$6:$BL$175,BV$5) -> 742.3475 | ... CB17: =VLOOKUP($BN17,$AX$6:$BL$175,CB$5) -> 725.83835
BM18: 256 | BN18: 42625 | BO18: =VLOOKUP($BN18,$AX$6:$BL$214,BO$5) -> 488.17402 | BP18: =VLOOKUP($BN18,$AX$6:$BL$214,BP$5) -> 480.50244 | BQ18: =VLOOKUP($BN18,$AX$6:$BL$214,BQ$5) -> 477.34039 | BR18: =VLOOKUP($BN18,$AX$6:$BL$214,BR$5) -> 452.2711 | BS18: =VLOOKUP($BN18,$AX$6:$BL$214,BS$5) -> 738.43231 | BT18: =VLOOKUP($BN18,$AX$6:$BL$214,BT$5) -> 715.72485 | BU18: =VLOOKUP($BN18,$AX$6:$BL$214,BU$5) -> 655.39807 | BV18: =VLOOKUP($BN18,$AX$6:$BL$214,BV$5) -> 745.15803 | ... CB18: =VLOOKUP($BN18,$AX$6:$BL$214,CB$5) -> 727.22701
Y19: 2016 | Z19: 146 | AA19: =DATE(Y19,1,Z19) -> 42515 | AB19: 10 | AC19: {=_xlfn.XLOOKUP(1,('2016 E Maize Soil VWC'!$C$2:$C$4000=$AA19)*('2016 E Maize Soil VWC'!$E$2:$E$4000=$AB19)*('2016 E Maize Soil VWC'!$F$2:$F$4000=AC$5),'2016 E Maize Soil VWC'!$G$2:$G$4000)} -> #N/A | AD19: {=_xlfn.XLOOKUP(1,('2016 E Maize Soil VWC'!$C$2:$C$4000=$AA19)*('2016 E Maize Soil VWC'!$E$2:$E$4000=$AB19)*('2016 E Maize Soil VWC'!$F$2:$F$4000=AD$5),'2016 E Maize Soil VWC'!$G$2:$G$4000)} -> #N/A | AE19: {=_xlfn.XLOOKUP(1,('2016 E Maize Soil VWC'!$C$2:$C$4000=$AA19)*('2016 E Maize Soil VWC'!$E$2:$E$4000=$AB19)*('2016 E Maize Soil VWC'!$F$2:$F$4000=AE$5),'2016 E Maize Soil VWC'!$G$2:$G$4000)} -> #N/A | AF19: {=_xlfn.XLOOKUP(1,('2016 E Maize Soil VWC'!$C$2:$C$4000=$AA19)*('2016 E Maize Soil VWC'!$E$2:$E$4000=$AB19)*('2016 E Maize Soil VWC'!$F$2:$F$4000=AF$5),'2016 E Maize Soil VWC'!$G$2:$G$4000)} -> #N/A | AG19: {=_xlfn.XLOOKUP(1,('2016 E Maize Soil VWC'!$C$2:$C$4000=$AA19)*('2016 E Maize Soil VWC'!$E$2:$E$4000=$AB19)*('2016 E Maize Soil VWC'!$F$2:$F$4000=AG$5),'2016 E Maize Soil VWC'!$G$2:$G$4000)} -> 0.24009335 | AH19: {=_xlfn.XLOOKUP(1,('2016 E Maize Soil VWC'!$C$2:$C$4000=$AA19)*('2016 E Maize Soil VWC'!$E$2:$E$4000=$AB19)*('2016 E Maize Soil VWC'!$F$2:$F$4000=AH$5),'2016 E Maize Soil VWC'!$G$2:$G$4000)} -> 0.23207552 | AI19: {=_xlfn.XLOOKUP(1,('2016 E Maize Soil VWC'!$C$2:$C$4000=$AA19)*('2016 E Maize Soil VWC'!$E$2:$E$4000=$AB19)*('2016 E Maize Soil VWC'!$F$2:$F$4000=AI$5),'2016 E Maize Soil VWC'!$G$2:$G$4000)} -> #N/A | AJ19: {=_xlfn.XLOOKUP(1,('2016 E Maize Soil VWC'!$C$2:$C$4000=$AA19)*('2016 E Maize Soil VWC'!$E$2:$E$4000=$AB19)*('2016 E Maize Soil VWC'!$F$2:$F$4000=AJ$5),'2016 E Maize Soil VWC'!$G$2:$G$4000)} -> #N/A | ... AV19: {=_xlfn.XLOOKUP(1,('2016 E Maize Soil VWC'!$C$2:$C$4000=$AA19)*('2016 E Maize Soil VWC'!$E$2:$E$4000=$AB19)*('2016 E Maize Soil VWC'!$F$2:$F$4000=AV$5),'2016 E Maize Soil VWC'!$G$2:$G$4000)} -> #N/A | AW19: =Z19 -> 146 | AX19: =AA19 -> 42515 | AY19: =1400*AVERAGE(AG19:AH25)+100*AVERAGE(AG26:AH26) -> 478.07456 | AZ19: =1400*AVERAGE(AC19:AF25,AI19:AL25)+100*AVERAGE(AC26:AF26,AI26:AL26) -> #N/A | BA19: =1400*AVERAGE(AQ19:AR25)+100*AVERAGE(AQ26:AR26) -> 469.63694 | BB19: =1400*AVERAGE(AM19:AP25,AS19:AV25)+100*AVERAGE(AM26:AP26,AS26:AV26) -> #N/A | BC19: =AVERAGE(AC19:AD30)*2400 -> #N/A | BD19: =AVERAGE(AE19:AF30)*2400 -> #N/A | BE19: =AVERAGE(AG19:AH28)*2000 -> 644.98522 | BF19: =AVERAGE(AI19:AJ30)*2400 -> #N/A | BG19: =AVERAGE(AK19:AL30)*2400 -> #N/A | BH19: =AVERAGE(AM19:AN30)*2400 -> #N/A | BI19: =AVERAGE(AO19:AP30)*2400 -> #N/A | BJ19: =AVERAGE(AQ19:AR28)*2000 -> 632.89412 | BK19: =AVERAGE(AS19:AT30)*2400 -> #N/A | BL19: =AVERAGE(AU19:AV30)*2400 -> #N/A | BM19: 263 | BN19: 42632 | BO19: =VLOOKUP($BN19,$AX$6:$BL$214,BO$5) -> 467.05822 | BP19: =VLOOKUP($BN19,$AX$6:$BL$214,BP$5) -> 466.27337 | BQ19: =VLOOKUP($BN19,$AX$6:$BL$214,BQ$5) -> 467.67267 | BR19: =VLOOKUP($BN19,$AX$6:$BL$214,BR$5) -> 437.19299 | BS19: =VLOOKUP($BN19,$AX$6:$BL$214,BS$5) -> 718.16251 | BT19: =VLOOKUP($BN19,$AX$6:$BL$214,BT$5) -> 701.15957 | BU19: =VLOOKUP($BN19,$AX$6:$BL$214,BU$5) -> 633.98931 | BV19: =VLOOKUP($BN19,$AX$6:$BL$214,BV$5) -> 742.10005 | ... CB19: =VLOOKUP($BN19,$AX$6:$BL$214,CB$5) -> 714.46973
AA20: =AA19 -> 42515 | AB20: =AB19+20 -> 30 | AC20: {=_xlfn.XLOOKUP(1,('2016 E Maize Soil VWC'!$C$2:$C$4000=$AA20)*('2016 E Maize Soil VWC'!$E$2:$E$4000=$AB20)*('2016 E Maize Soil VWC'!$F$2:$F$4000=AC$5),'2016 E Maize Soil VWC'!$G$2:$G$4000)} -> #N/A | AD20: {=_xlfn.XLOOKUP(1,('2016 E Maize Soil VWC'!$C$2:$C$4000=$AA20)*('2016 E Maize Soil VWC'!$E$2:$E$4000=$AB20)*('2016 E Maize Soil VWC'!$F$2:$F$4000=AD$5),'2016 E Maize Soil VWC'!$G$2:$G$4000)} -> #N/A | AE20: {=_xlfn.XLOOKUP(1,('2016 E Maize Soil VWC'!$C$2:$C$4000=$AA20)*('2016 E Maize Soil VWC'!$E$2:$E$4000=$AB20)*('2016 E Maize Soil VWC'!$F$2:$F$4000=AE$5),'2016 E Maize Soil VWC'!$G$2:$G$4000)} -> #N/A | AF20: {=_xlfn.XLOOKUP(1,('2016 E Maize Soil VWC'!$C$2:$C$4000=$AA20)*('2016 E Maize Soil VWC'!$E$2:$E$4000=$AB20)*('2016 E Maize Soil VWC'!$F$2:$F$4000=AF$5),'2016 E Maize Soil VWC'!$G$2:$G$4000)} -> #N/A | AG20: {=_xlfn.XLOOKUP(1,('2016 E Maize Soil VWC'!$C$2:$C$4000=$AA20)*('2016 E Maize Soil VWC'!$E$2:$E$4000=$AB20)*('2016 E Maize Soil VWC'!$F$2:$F$4000=AG$5),'2016 E Maize Soil VWC'!$G$2:$G$4000)} -> 0.33968193 | AH20: {=_xlfn.XLOOKUP(1,('2016 E Maize Soil VWC'!$C$2:$C$4000=$AA20)*('2016 E Maize Soil VWC'!$E$2:$E$4000=$AB20)*('2016 E Maize Soil VWC'!$F$2:$F$4000=AH$5),'2016 E Maize Soil VWC'!$G$2:$G$4000)} -> 0.33052261 | AI20: {=_xlfn.XLOOKUP(1,('2016 E Maize Soil VWC'!$C$2:$C$4000=$AA20)*('2016 E Maize Soil VWC'!$E$2:$E$4000=$AB20)*('2016 E Maize Soil VWC'!$F$2:$F$4000=AI$5),'2016 E Maize Soil VWC'!$G$2:$G$4000)} -> #N/A | AJ20: {=_xlfn.XLOOKUP(1,('2016 E Maize Soil VWC'!$C$2:$C$4000=$AA20)*('2016 E Maize Soil VWC'!$E$2:$E$4000=$AB20)*('2016 E Maize Soil VWC'!$F$2:$F$4000=AJ$5),'2016 E Maize Soil VWC'!$G$2:$G$4000)} -> #N/A | ... AV20: {=_xlfn.XLOOKUP(1,('2016 E Maize Soil VWC'!$C$2:$C$4000=$AA20)*('2016 E Maize Soil VWC'!$E$2:$E$4000=$AB20)*('2016 E Maize Soil VWC'!$F$2:$F$4000=AV$5),'2016 E Maize Soil VWC'!$G$2:$G$4000)} -> #N/A | BM20: 270 | BN20: 42639 | BO20: =VLOOKUP($BN20,$AX$6:$BL$214,BO$5) -> 460.17067 | BP20: =VLOOKUP($BN20,$AX$6:$BL$214,BP$5) -> 450.87921 | BQ20: =VLOOKUP($BN20,$AX$6:$BL$214,BQ$5) -> 457.62338 | BR20: =VLOOKUP($BN20,$AX$6:$BL$214,BR$5) -> 422.2203 | BS20: =VLOOKUP($BN20,$AX$6:$BL$214,BS$5) -> 702.42459 | BT20: =VLOOKUP($BN20,$AX$6:$BL$214,BT$5) -> 684.90047 | BU20: =VLOOKUP($BN20,$AX$6:$BL$214,BU$5) -> 626.11881 | BV20: =VLOOKUP($BN20,$AX$6:$BL$214,BV$5) -> 714.97471 | ... CB20: =VLOOKUP($BN20,$AX$6:$BL$214,CB$5) -> 694.79189
AA21: =AA20 -> 42515 | AB21: =AB20+20 -> 50 | AC21: {=_xlfn.XLOOKUP(1,('2016 E Maize Soil VWC'!$C$2:$C$4000=$AA21)*('2016 E Maize Soil VWC'!$E$2:$E$4000=$AB21)*('2016 E Maize Soil VWC'!$F$2:$F$4000=AC$5),'2016 E Maize Soil VWC'!$G$2:$G$4000)} -> #N/A | AD21: {=_xlfn.XLOOKUP(1,('2016 E Maize Soil VWC'!$C$2:$C$4000=$AA21)*('2016 E Maize Soil VWC'!$E$2:$E$4000=$AB21)*('2016 E Maize Soil VWC'!$F$2:$F$4000=AD$5),'2016 E Maize Soil VWC'!$G$2:$G$4000)} -> #N/A | AE21: {=_xlfn.XLOOKUP(1,('2016 E Maize Soil VWC'!$C$2:$C$4000=$AA21)*('2016 E Maize Soil VWC'!$E$2:$E$4000=$AB21)*('2016 E Maize Soil VWC'!$F$2:$F$4000=AE$5),'2016 E Maize Soil VWC'!$G$2:$G$4000)} -> #N/A | AF21: {=_xlfn.XLOOKUP(1,('2016 E Maize Soil VWC'!$C$2:$C$4000=$AA21)*('2016 E Maize Soil VWC'!$E$2:$E$4000=$AB21)*('2016 E Maize Soil VWC'!$F$2:$F$4000=AF$5),'2016 E Maize Soil VWC'!$G$2:$G$4000)} -> #N/A | AG21: {=_xlfn.XLOOKUP(1,('2016 E Maize Soil VWC'!$C$2:$C$4000=$AA21)*('2016 E Maize Soil VWC'!$E$2:$E$4000=$AB21)*('2016 E Maize Soil VWC'!$F$2:$F$4000=AG$5),'2016 E Maize Soil VWC'!$G$2:$G$4000)} -> 0.34778793 | AH21: {=_xlfn.XLOOKUP(1,('2016 E Maize Soil VWC'!$C$2:$C$4000=$AA21)*('2016 E Maize Soil VWC'!$E$2:$E$4000=$AB21)*('2016 E Maize Soil VWC'!$F$2:$F$4000=AH$5),'2016 E Maize Soil VWC'!$G$2:$G$4000)} -> 0.34423869 | AI21: {=_xlfn.XLOOKUP(1,('2016 E Maize Soil VWC'!$C$2:$C$4000=$AA21)*('2016 E Maize Soil VWC'!$E$2:$E$4000=$AB21)*('2016 E Maize Soil VWC'!$F$2:$F$4000=AI$5),'2016 E Maize Soil VWC'!$G$2:$G$4000)} -> #N/A | AJ21: {=_xlfn.XLOOKUP(1,('2016 E Maize Soil VWC'!$C$2:$C$4000=$AA21)*('2016 E Maize Soil VWC'!$E$2:$E$4000=$AB21)*('2016 E Maize Soil VWC'!$F$2:$F$4000=AJ$5),'2016 E Maize Soil VWC'!$G$2:$G$4000)} -> #N/A | ... AV21: {=_xlfn.XLOOKUP(1,('2016 E Maize Soil VWC'!$C$2:$C$4000=$AA21)*('2016 E Maize Soil VWC'!$E$2:$E$4000=$AB21)*('2016 E Maize Soil VWC'!$F$2:$F$4000=AV$5),'2016 E Maize Soil VWC'!$G$2:$G$4000)} -> #N/A | BM21: 286 | BN21: 42655 | BO21: =VLOOKUP($BN21,$AX$6:$BL$214,BO$5) -> 456.11618 | BP21: =VLOOKUP($BN21,$AX$6:$BL$214,BP$5) -> 439.65244 | BQ21: =VLOOKUP($BN21,$AX$6:$BL$214,BQ$5) -> 447.11626 | BR21: =VLOOKUP($BN21,$AX$6:$BL$214,BR$5) -> 416.8206 | BS21: =VLOOKUP($BN21,$AX$6:$BL$214,BS$5) -> 689.57768 | BT21: =VLOOKUP($BN21,$AX$6:$BL$214,BT$5) -> 673.73662 | BU21: =VLOOKUP($BN21,$AX$6:$BL$214,BU$5) -> 621.88817 | BV21: =VLOOKUP($BN21,$AX$6:$BL$214,BV$5) -> 701.64644 | ... CB21: =VLOOKUP($BN21,$AX$6:$BL$214,CB$5) -> 694.82448
AA22: =AA21 -> 42515 | AB22: =AB21+20 -> 70 | AC22: {=_xlfn.XLOOKUP(1,('2016 E Maize Soil VWC'!$C$2:$C$4000=$AA22)*('2016 E Maize Soil VWC'!$E$2:$E$4000=$AB22)*('2016 E Maize Soil VWC'!$F$2:$F$4000=AC$5),'2016 E Maize Soil VWC'!$G$2:$G$4000)} -> #N/A | AD22: {=_xlfn.XLOOKUP(1,('2016 E Maize Soil VWC'!$C$2:$C$4000=$AA22)*('2016 E Maize Soil VWC'!$E$2:$E$4000=$AB22)*('2016 E Maize Soil VWC'!$F$2:$F$4000=AD$5),'2016 E Maize Soil VWC'!$G$2:$G$4000)} -> #N/A | AE22: {=_xlfn.XLOOKUP(1,('2016 E Maize Soil VWC'!$C$2:$C$4000=$AA22)*('2016 E Maize Soil VWC'!$E$2:$E$4000=$AB22)*('2016 E Maize Soil VWC'!$F$2:$F$4000=AE$5),'2016 E Maize Soil VWC'!$G$2:$G$4000)} -> #N/A | AF22: {=_xlfn.XLOOKUP(1,('2016 E Maize Soil VWC'!$C$2:$C$4000=$AA22)*('2016 E Maize Soil VWC'!$E$2:$E$4000=$AB22)*('2016 E Maize Soil VWC'!$F$2:$F$4000=AF$5),'2016 E Maize Soil VWC'!$G$2:$G$4000)} -> #N/A | AG22: {=_xlfn.XLOOKUP(1,('2016 E Maize Soil VWC'!$C$2:$C$4000=$AA22)*('2016 E Maize Soil VWC'!$E$2:$E$4000=$AB22)*('2016 E Maize Soil VWC'!$F$2:$F$4000=AG$5),'2016 E Maize Soil VWC'!$G$2:$G$4000)} -> 0.33700283 | AH22: {=_xlfn.XLOOKUP(1,('2016 E Maize Soil VWC'!$C$2:$C$4000=$AA22)*('2016 E Maize Soil VWC'!$E$2:$E$4000=$AB22)*('2016 E Maize Soil VWC'!$F$2:$F$4000=AH$5),'2016 E Maize Soil VWC'!$G$2:$G$4000)} -> 0.33750659 | AI22: {=_xlfn.XLOOKUP(1,('2016 E Maize Soil VWC'!$C$2:$C$4000=$AA22)*('2016 E Maize Soil VWC'!$E$2:$E$4000=$AB22)*('2016 E Maize Soil VWC'!$F$2:$F$4000=AI$5),'2016 E Maize Soil VWC'!$G$2:$G$4000)} -> #N/A | AJ22: {=_xlfn.XLOOKUP(1,('2016 E Maize Soil VWC'!$C$2:$C$4000=$AA22)*('2016 E Maize Soil VWC'!$E$2:$E$4000=$AB22)*('2016 E Maize Soil VWC'!$F$2:$F$4000=AJ$5),'2016 E Maize Soil VWC'!$G$2:$G$4000)} -> #N/A | ... AV22: {=_xlfn.XLOOKUP(1,('2016 E Maize Soil VWC'!$C$2:$C$4000=$AA22)*('2016 E Maize Soil VWC'!$E$2:$E$4000=$AB22)*('2016 E Maize Soil VWC'!$F$2:$F$4000=AV$5),'2016 E Maize Soil VWC'!$G$2:$G$4000)} -> #N/A | BM22: 302 | BN22: 42671 | BO22: =VLOOKUP($BN22,$AX$6:$BL$214,BO$5) -> 456.10632 | BP22: =VLOOKUP($BN22,$AX$6:$BL$214,BP$5) -> 433.6947 | BQ22: =VLOOKUP($BN22,$AX$6:$BL$214,BQ$5) -> #N/A | BR22: =VLOOKUP($BN22,$AX$6:$BL$214,BR$5) -> #N/A | BS22: =VLOOKUP($BN22,$AX$6:$BL$214,BS$5) -> 683.30735 | BT22: =VLOOKUP($BN22,$AX$6:$BL$214,BT$5) -> 666.19839 | BU22: =VLOOKUP($BN22,$AX$6:$BL$214,BU$5) -> 621.4569 | BV22: =VLOOKUP($BN22,$AX$6:$BL$214,BV$5) -> 696.48496 | ... CB22: =VLOOKUP($BN22,$AX$6:$BL$214,CB$5) -> #N/A
AA23: =AA22 -> 42515 | AB23: =AB22+20 -> 90 | AC23: {=_xlfn.XLOOKUP(1,('2016 E Maize Soil VWC'!$C$2:$C$4000=$AA23)*('2016 E Maize Soil VWC'!$E$2:$E$4000=$AB23)*('2016 E Maize Soil VWC'!$F$2:$F$4000=AC$5),'2016 E Maize Soil VWC'!$G$2:$G$4000)} -> #N/A | AD23: {=_xlfn.XLOOKUP(1,('2016 E Maize Soil VWC'!$C$2:$C$4000=$AA23)*('2016 E Maize Soil VWC'!$E$2:$E$4000=$AB23)*('2016 E Maize Soil VWC'!$F$2:$F$4000=AD$5),'2016 E Maize Soil VWC'!$G$2:$G$4000)} -> #N/A | AE23: {=_xlfn.XLOOKUP(1,('2016 E Maize Soil VWC'!$C$2:$C$4000=$AA23)*('2016 E Maize Soil VWC'!$E$2:$E$4000=$AB23)*('2016 E Maize Soil VWC'!$F$2:$F$4000=AE$5),'2016 E Maize Soil VWC'!$G$2:$G$4000)} -> #N/A | AF23: {=_xlfn.XLOOKUP(1,('2016 E Maize Soil VWC'!$C$2:$C$4000=$AA23)*('2016 E Maize Soil VWC'!$E$2:$E$4000=$AB23)*('2016 E Maize Soil VWC'!$F$2:$F$4000=AF$5),'2016 E Maize Soil VWC'!$G$2:$G$4000)} -> #N/A | AG23: {=_xlfn.XLOOKUP(1,('2016 E Maize Soil VWC'!$C$2:$C$4000=$AA23)*('2016 E Maize Soil VWC'!$E$2:$E$4000=$AB23)*('2016 E Maize Soil VWC'!$F$2:$F$4000=AG$5),'2016 E Maize Soil VWC'!$G$2:$G$4000)} -> 0.32736265 | AH23: {=_xlfn.XLOOKUP(1,('2016 E Maize Soil VWC'!$C$2:$C$4000=$AA23)*('2016 E Maize Soil VWC'!$E$2:$E$4000=$AB23)*('2016 E Maize Soil VWC'!$F$2:$F$4000=AH$5),'2016 E Maize Soil VWC'!$G$2:$G$4000)} -> 0.31937114 | AI23: {=_xlfn.XLOOKUP(1,('2016 E Maize Soil VWC'!$C$2:$C$4000=$AA23)*('2016 E Maize Soil VWC'!$E$2:$E$4000=$AB23)*('2016 E Maize Soil VWC'!$F$2:$F$4000=AI$5),'2016 E Maize Soil VWC'!$G$2:$G$4000)} -> #N/A | AJ23: {=_xlfn.XLOOKUP(1,('2016 E Maize Soil VWC'!$C$2:$C$4000=$AA23)*('2016 E Maize Soil VWC'!$E$2:$E$4000=$AB23)*('2016 E Maize Soil VWC'!$F$2:$F$4000=AJ$5),'2016 E Maize Soil VWC'!$G$2:$G$4000)} -> #N/A | ... AV23: {=_xlfn.XLOOKUP(1,('2016 E Maize Soil VWC'!$C$2:$C$4000=$AA23)*('2016 E Maize Soil VWC'!$E$2:$E$4000=$AB23)*('2016 E Maize Soil VWC'!$F$2:$F$4000=AV$5),'2016 E Maize Soil VWC'!$G$2:$G$4000)} -> #N/A | BO23: =VLOOKUP($BN23,$AX$6:$BL$214,BO$5) -> #N/A | BP23: =VLOOKUP($BN23,$AX$6:$BL$214,BP$5) -> #N/A | BQ23: =VLOOKUP($BN23,$AX$6:$BL$214,BQ$5) -> #N/A | BR23: =VLOOKUP($BN23,$AX$6:$BL$214,BR$5) -> #N/A | BS23: =VLOOKUP($BN23,$AX$6:$BL$214,BS$5) -> #N/A | BT23: =VLOOKUP($BN23,$AX$6:$BL$214,BT$5) -> #N/A | BU23: =VLOOKUP($BN23,$AX$6:$BL$214,BU$5) -> #N/A | BV23: =VLOOKUP($BN23,$AX$6:$BL$214,BV$5) -> #N/A | ... CB23: =VLOOKUP($BN23,$AX$6:$BL$214,CB$5) -> #N/A
AA24: =AA23 -> 42515 | AB24: =AB23+20 -> 110 | AC24: {=_xlfn.XLOOKUP(1,('2016 E Maize Soil VWC'!$C$2:$C$4000=$AA24)*('2016 E Maize Soil VWC'!$E$2:$E$4000=$AB24)*('2016 E Maize Soil VWC'!$F$2:$F$4000=AC$5),'2016 E Maize Soil VWC'!$G$2:$G$4000)} -> #N/A | AD24: {=_xlfn.XLOOKUP(1,('2016 E Maize Soil VWC'!$C$2:$C$4000=$AA24)*('2016 E Maize Soil VWC'!$E$2:$E$4000=$AB24)*('2016 E Maize Soil VWC'!$F$2:$F$4000=AD$5),'2016 E Maize Soil VWC'!$G$2:$G$4000)} -> #N/A | AE24: {=_xlfn.XLOOKUP(1,('2016 E Maize Soil VWC'!$C$2:$C$4000=$AA24)*('2016 E Maize Soil VWC'!$E$2:$E$4000=$AB24)*('2016 E Maize Soil VWC'!$F$2:$F$4000=AE$5),'2016 E Maize Soil VWC'!$G$2:$G$4000)} -> #N/A | AF24: {=_xlfn.XLOOKUP(1,('2016 E Maize Soil VWC'!$C$2:$C$4000=$AA24)*('2016 E Maize Soil VWC'!$E$2:$E$4000=$AB24)*('2016 E Maize Soil VWC'!$F$2:$F$4000=AF$5),'2016 E Maize Soil VWC'!$G$2:$G$4000)} -> #N/A | AG24: {=_xlfn.XLOOKUP(1,('2016 E Maize Soil VWC'!$C$2:$C$4000=$AA24)*('2016 E Maize Soil VWC'!$E$2:$E$4000=$AB24)*('2016 E Maize Soil VWC'!$F$2:$F$4000=AG$5),'2016 E Maize Soil VWC'!$G$2:$G$4000)} -> 0.33576632 | AH24: {=_xlfn.XLOOKUP(1,('2016 E Maize Soil VWC'!$C$2:$C$4000=$AA24)*('2016 E Maize Soil VWC'!$E$2:$E$4000=$AB24)*('2016 E Maize Soil VWC'!$F$2:$F$4000=AH$5),'2016 E Maize Soil VWC'!$G$2:$G$4000)} -> 0.3334307 | AI24: {=_xlfn.XLOOKUP(1,('2016 E Maize Soil VWC'!$C$2:$C$4000=$AA24)*('2016 E Maize Soil VWC'!$E$2:$E$4000=$AB24)*('2016 E Maize Soil VWC'!$F$2:$F$4000=AI$5),'2016 E Maize Soil VWC'!$G$2:$G$4000)} -> #N/A | AJ24: {=_xlfn.XLOOKUP(1,('2016 E Maize Soil VWC'!$C$2:$C$4000=$AA24)*('2016 E Maize Soil VWC'!$E$2:$E$4000=$AB24)*('2016 E Maize Soil VWC'!$F$2:$F$4000=AJ$5),'2016 E Maize Soil VWC'!$G$2:$G$4000)} -> #N/A | ... AV24: {=_xlfn.XLOOKUP(1,('2016 E Maize Soil VWC'!$C$2:$C$4000=$AA24)*('2016 E Maize Soil VWC'!$E$2:$E$4000=$AB24)*('2016 E Maize Soil VWC'!$F$2:$F$4000=AV$5),'2016 E Maize Soil VWC'!$G$2:$G$4000)} -> #N/A | BO24: =VLOOKUP($BN24,$AX$6:$BL$214,BO$5) -> #N/A | BP24: =VLOOKUP($BN24,$AX$6:$BL$214,BP$5) -> #N/A | BQ24: =VLOOKUP($BN24,$AX$6:$BL$214,BQ$5) -> #N/A | BR24: =VLOOKUP($BN24,$AX$6:$BL$214,BR$5) -> #N/A | BS24: =VLOOKUP($BN24,$AX$6:$BL$214,BS$5) -> #N/A | BT24: =VLOOKUP($BN24,$AX$6:$BL$214,BT$5) -> #N/A | BU24: =VLOOKUP($BN24,$AX$6:$BL$214,BU$5) -> #N/A | BV24: =VLOOKUP($BN24,$AX$6:$BL$214,BV$5) -> #N/A | ... CB24: =VLOOKUP($BN24,$AX$6:$BL$214,CB$5) -> #N/A
AA25: =AA24 -> 42515 | AB25: =AB24+20 -> 130 | AC25: {=_xlfn.XLOOKUP(1,('2016 E Maize Soil VWC'!$C$2:$C$4000=$AA25)*('2016 E Maize Soil VWC'!$E$2:$E$4000=$AB25)*('2016 E Maize Soil VWC'!$F$2:$F$4000=AC$5),'2016 E Maize Soil VWC'!$G$2:$G$4000)} -> #N/A | AD25: {=_xlfn.XLOOKUP(1,('2016 E Maize Soil VWC'!$C$2:$C$4000=$AA25)*('2016 E Maize Soil VWC'!$E$2:$E$4000=$AB25)*('2016 E Maize Soil VWC'!$F$2:$F$4000=AD$5),'2016 E Maize Soil VWC'!$G$2:$G$4000)} -> #N/A | AE25: {=_xlfn.XLOOKUP(1,('2016 E Maize Soil VWC'!$C$2:$C$4000=$AA25)*('2016 E Maize Soil VWC'!$E$2:$E$4000=$AB25)*('2016 E Maize Soil VWC'!$F$2:$F$4000=AE$5),'2016 E Maize Soil VWC'!$G$2:$G$4000)} -> #N/A | AF25: {=_xlfn.XLOOKUP(1,('2016 E Maize Soil VWC'!$C$2:$C$4000=$AA25)*('2016 E Maize Soil VWC'!$E$2:$E$4000=$AB25)*('2016 E Maize Soil VWC'!$F$2:$F$4000=AF$5),'2016 E Maize Soil VWC'!$G$2:$G$4000)} -> #N/A | AG25: {=_xlfn.XLOOKUP(1,('2016 E Maize Soil VWC'!$C$2:$C$4000=$AA25)*('2016 E Maize Soil VWC'!$E$2:$E$4000=$AB25)*('2016 E Maize Soil VWC'!$F$2:$F$4000=AG$5),'2016 E Maize Soil VWC'!$G$2:$G$4000)} -> 0.30879581 | AH25: {=_xlfn.XLOOKUP(1,('2016 E Maize Soil VWC'!$C$2:$C$4000=$AA25)*('2016 E Maize Soil VWC'!$E$2:$E$4000=$AB25)*('2016 E Maize Soil VWC'!$F$2:$F$4000=AH$5),'2016 E Maize Soil VWC'!$G$2:$G$4000)} -> 0.30062072 | AI25: {=_xlfn.XLOOKUP(1,('2016 E Maize Soil VWC'!$C$2:$C$4000=$AA25)*('2016 E Maize Soil VWC'!$E$2:$E$4000=$AB25)*('2016 E Maize Soil VWC'!$F$2:$F$4000=AI$5),'2016 E Maize Soil VWC'!$G$2:$G$4000)} -> #N/A | AJ25: {=_xlfn.XLOOKUP(1,('2016 E Maize Soil VWC'!$C$2:$C$4000=$AA25)*('2016 E Maize Soil VWC'!$E$2:$E$4000=$AB25)*('2016 E Maize Soil VWC'!$F$2:$F$4000=AJ$5),'2016 E Maize Soil VWC'!$G$2:$G$4000)} -> #N/A | ... AV25: {=_xlfn.XLOOKUP(1,('2016 E Maize Soil VWC'!$C$2:$C$4000=$AA25)*('2016 E Maize Soil VWC'!$E$2:$E$4000=$AB25)*('2016 E Maize Soil VWC'!$F$2:$F$4000=AV$5),'2016 E Maize Soil VWC'!$G$2:$G$4000)} -> #N/A | BO25: =VLOOKUP($BN25,$AX$6:$BL$214,BO$5) -> #N/A | BP25: =VLOOKUP($BN25,$AX$6:$BL$214,BP$5) -> #N/A | BQ25: =VLOOKUP($BN25,$AX$6:$BL$214,BQ$5) -> #N/A | BR25: =VLOOKUP($BN25,$AX$6:$BL$214,BR$5) -> #N/A | BS25: =VLOOKUP($BN25,$AX$6:$BL$214,BS$5) -> #N/A | BT25: =VLOOKUP($BN25,$AX$6:$BL$214,BT$5) -> #N/A | BU25: =VLOOKUP($BN25,$AX$6:$BL$214,BU$5) -> #N/A | BV25: =VLOOKUP($BN25,$AX$6:$BL$214,BV$5) -> #N/A | ... CB25: =VLOOKUP($BN25,$AX$6:$BL$214,CB$5) -> #N/A
AA26: =AA25 -> 42515 | AB26: =AB25+20 -> 150 | AC26: {=_xlfn.XLOOKUP(1,('2016 E Maize Soil VWC'!$C$2:$C$4000=$AA26)*('2016 E Maize Soil VWC'!$E$2:$E$4000=$AB26)*('2016 E Maize Soil VWC'!$F$2:$F$4000=AC$5),'2016 E Maize Soil VWC'!$G$2:$G$4000)} -> #N/A | AD26: {=_xlfn.XLOOKUP(1,('2016 E Maize Soil VWC'!$C$2:$C$4000=$AA26)*('2016 E Maize Soil VWC'!$E$2:$E$4000=$AB26)*('2016 E Maize Soil VWC'!$F$2:$F$4000=AD$5),'2016 E Maize Soil VWC'!$G$2:$G$4000)} -> #N/A | AE26: {=_xlfn.XLOOKUP(1,('2016 E Maize Soil VWC'!$C$2:$C$4000=$AA26)*('2016 E Maize Soil VWC'!$E$2:$E$4000=$AB26)*('2016 E Maize Soil VWC'!$F$2:$F$4000=AE$5),'2016 E Maize Soil VWC'!$G$2:$G$4000)} -> #N/A | AF26: {=_xlfn.XLOOKUP(1,('2016 E Maize Soil VWC'!$C$2:$C$4000=$AA26)*('2016 E Maize Soil VWC'!$E$2:$E$4000=$AB26)*('2016 E Maize Soil VWC'!$F$2:$F$4000=AF$5),'2016 E Maize Soil VWC'!$G$2:$G$4000)} -> #N/A | AG26: {=_xlfn.XLOOKUP(1,('2016 E Maize Soil VWC'!$C$2:$C$4000=$AA26)*('2016 E Maize Soil VWC'!$E$2:$E$4000=$AB26)*('2016 E Maize Soil VWC'!$F$2:$F$4000=AG$5),'2016 E Maize Soil VWC'!$G$2:$G$4000)} -> 0.3533306 | AH26: {=_xlfn.XLOOKUP(1,('2016 E Maize Soil VWC'!$C$2:$C$4000=$AA26)*('2016 E Maize Soil VWC'!$E$2:$E$4000=$AB26)*('2016 E Maize Soil VWC'!$F$2:$F$4000=AH$5),'2016 E Maize Soil VWC'!$G$2:$G$4000)} -> 0.33964705 | AI26: {=_xlfn.XLOOKUP(1,('2016 E Maize Soil VWC'!$C$2:$C$4000=$AA26)*('2016 E Maize Soil VWC'!$E$2:$E$4000=$AB26)*('2016 E Maize Soil VWC'!$F$2:$F$4000=AI$5),'2016 E Maize Soil VWC'!$G$2:$G$4000)} -> #N/A | AJ26: {=_xlfn.XLOOKUP(1,('2016 E Maize Soil VWC'!$C$2:$C$4000=$AA26)*('2016 E Maize Soil VWC'!$E$2:$E$4000=$AB26)*('2016 E Maize Soil VWC'!$F$2:$F$4000=AJ$5),'2016 E Maize Soil VWC'!$G$2:$G$4000)} -> #N/A | ... AV26: {=_xlfn.XLOOKUP(1,('2016 E Maize Soil VWC'!$C$2:$C$4000=$AA26)*('2016 E Maize Soil VWC'!$E$2:$E$4000=$AB26)*('2016 E Maize Soil VWC'!$F$2:$F$4000=AV$5),'2016 E Maize Soil VWC'!$G$2:$G$4000)} -> #N/A | BO26: =VLOOKUP($BN26,$AX$6:$BL$214,BO$5) -> #N/A | BP26: =VLOOKUP($BN26,$AX$6:$BL$214,BP$5) -> #N/A | BQ26: =VLOOKUP($BN26,$AX$6:$BL$214,BQ$5) -> #N/A | BR26: =VLOOKUP($BN26,$AX$6:$BL$214,BR$5) -> #N/A | BS26: =VLOOKUP($BN26,$AX$6:$BL$214,BS$5) -> #N/A | BT26: =VLOOKUP($BN26,$AX$6:$BL$214,BT$5) -> #N/A | BU26: =VLOOKUP($BN26,$AX$6:$BL$214,BU$5) -> #N/A | BV26: =VLOOKUP($BN26,$AX$6:$BL$214,BV$5) -> #N/A | ... CB26: =VLOOKUP($BN26,$AX$6:$BL$214,CB$5) -> #N/A
AA27: =AA26 -> 42515 | AB27: =AB26+20 -> 170 | AC27: {=_xlfn.XLOOKUP(1,('2016 E Maize Soil VWC'!$C$2:$C$4000=$AA27)*('2016 E Maize Soil VWC'!$E$2:$E$4000=$AB27)*('2016 E Maize Soil VWC'!$F$2:$F$4000=AC$5),'2016 E Maize Soil VWC'!$G$2:$G$4000)} -> #N/A | AD27: {=_xlfn.XLOOKUP(1,('2016 E Maize Soil VWC'!$C$2:$C$4000=$AA27)*('2016 E Maize Soil VWC'!$E$2:$E$4000=$AB27)*('2016 E Maize Soil VWC'!$F$2:$F$4000=AD$5),'2016 E Maize Soil VWC'!$G$2:$G$4000)} -> #N/A | AE27: {=_xlfn.XLOOKUP(1,('2016 E Maize Soil VWC'!$C$2:$C$4000=$AA27)*('2016 E Maize Soil VWC'!$E$2:$E$4000=$AB27)*('2016 E Maize Soil VWC'!$F$2:$F$4000=AE$5),'2016 E Maize Soil VWC'!$G$2:$G$4000)} -> #N/A | AF27: {=_xlfn.XLOOKUP(1,('2016 E Maize Soil VWC'!$C$2:$C$4000=$AA27)*('2016 E Maize Soil VWC'!$E$2:$E$4000=$AB27)*('2016 E Maize Soil VWC'!$F$2:$F$4000=AF$5),'2016 E Maize Soil VWC'!$G$2:$G$4000)} -> #N/A | AG27: {=_xlfn.XLOOKUP(1,('2016 E Maize Soil VWC'!$C$2:$C$4000=$AA27)*('2016 E Maize Soil VWC'!$E$2:$E$4000=$AB27)*('2016 E Maize Soil VWC'!$F$2:$F$4000=AG$5),'2016 E Maize Soil VWC'!$G$2:$G$4000)} -> 0.32859121 | AH27: {=_xlfn.XLOOKUP(1,('2016 E Maize Soil VWC'!$C$2:$C$4000=$AA27)*('2016 E Maize Soil VWC'!$E$2:$E$4000=$AB27)*('2016 E Maize Soil VWC'!$F$2:$F$4000=AH$5),'2016 E Maize Soil VWC'!$G$2:$G$4000)} -> 0.33608505 | AI27: {=_xlfn.XLOOKUP(1,('2016 E Maize Soil VWC'!$C$2:$C$4000=$AA27)*('2016 E Maize Soil VWC'!$E$2:$E$4000=$AB27)*('2016 E Maize Soil VWC'!$F$2:$F$4000=AI$5),'2016 E Maize Soil VWC'!$G$2:$G$4000)} -> #N/A | AJ27: {=_xlfn.XLOOKUP(1,('2016 E Maize Soil VWC'!$C$2:$C$4000=$AA27)*('2016 E Maize Soil VWC'!$E$2:$E$4000=$AB27)*('2016 E Maize Soil VWC'!$F$2:$F$4000=AJ$5),'2016 E Maize Soil VWC'!$G$2:$G$4000)} -> #N/A | ... AV27: {=_xlfn.XLOOKUP(1,('2016 E Maize Soil VWC'!$C$2:$C$4000=$AA27)*('2016 E Maize Soil VWC'!$E$2:$E$4000=$AB27)*('2016 E Maize Soil VWC'!$F$2:$F$4000=AV$5),'2016 E Maize Soil VWC'!$G$2:$G$4000)} -> #N/A | BO27: =VLOOKUP($BN27,$AX$6:$BL$214,BO$5) -> #N/A | BP27: =VLOOKUP($BN27,$AX$6:$BL$214,BP$5) -> #N/A | BQ27: =VLOOKUP($BN27,$AX$6:$BL$214,BQ$5) -> #N/A | BR27: =VLOOKUP($BN27,$AX$6:$BL$214,BR$5) -> #N/A | BS27: =VLOOKUP($BN27,$AX$6:$BL$214,BS$5) -> #N/A | BT27: =VLOOKUP($BN27,$AX$6:$BL$214,BT$5) -> #N/A | BU27: =VLOOKUP($BN27,$AX$6:$BL$214,BU$5) -> #N/A | BV27: =VLOOKUP($BN27,$AX$6:$BL$214,BV$5) -> #N/A | ... CB27: =VLOOKUP($BN27,$AX$6:$BL$214,CB$5) -> #N/A
AA28: =AA27 -> 42515 | AB28: =AB27+20 -> 190 | AC28: {=_xlfn.XLOOKUP(1,('2016 E Maize Soil VWC'!$C$2:$C$4000=$AA28)*('2016 E Maize Soil VWC'!$E$2:$E$4000=$AB28)*('2016 E Maize Soil VWC'!$F$2:$F$4000=AC$5),'2016 E Maize Soil VWC'!$G$2:$G$4000)} -> #N/A | AD28: {=_xlfn.XLOOKUP(1,('2016 E Maize Soil VWC'!$C$2:$C$4000=$AA28)*('2016 E Maize Soil VWC'!$E$2:$E$4000=$AB28)*('2016 E Maize Soil VWC'!$F$2:$F$4000=AD$5),'2016 E Maize Soil VWC'!$G$2:$G$4000)} -> #N/A | AE28: {=_xlfn.XLOOKUP(1,('2016 E Maize Soil VWC'!$C$2:$C$4000=$AA28)*('2016 E Maize Soil VWC'!$E$2:$E$4000=$AB28)*('2016 E Maize Soil VWC'!$F$2:$F$4000=AE$5),'2016 E Maize Soil VWC'!$G$2:$G$4000)} -> #N/A | AF28: {=_xlfn.XLOOKUP(1,('2016 E Maize Soil VWC'!$C$2:$C$4000=$AA28)*('2016 E Maize Soil VWC'!$E$2:$E$4000=$AB28)*('2016 E Maize Soil VWC'!$F$2:$F$4000=AF$5),'2016 E Maize Soil VWC'!$G$2:$G$4000)} -> #N/A | AG28: {=_xlfn.XLOOKUP(1,('2016 E Maize Soil VWC'!$C$2:$C$4000=$AA28)*('2016 E Maize Soil VWC'!$E$2:$E$4000=$AB28)*('2016 E Maize Soil VWC'!$F$2:$F$4000=AG$5),'2016 E Maize Soil VWC'!$G$2:$G$4000)} -> 0.32450367 | AH28: {=_xlfn.XLOOKUP(1,('2016 E Maize Soil VWC'!$C$2:$C$4000=$AA28)*('2016 E Maize Soil VWC'!$E$2:$E$4000=$AB28)*('2016 E Maize Soil VWC'!$F$2:$F$4000=AH$5),'2016 E Maize Soil VWC'!$G$2:$G$4000)} -> 0.33343787 | AI28: {=_xlfn.XLOOKUP(1,('2016 E Maize Soil VWC'!$C$2:$C$4000=$AA28)*('2016 E Maize Soil VWC'!$E$2:$E$4000=$AB28)*('2016 E Maize Soil VWC'!$F$2:$F$4000=AI$5),'2016 E Maize Soil VWC'!$G$2:$G$4000)} -> #N/A | AJ28: {=_xlfn.XLOOKUP(1,('2016 E Maize Soil VWC'!$C$2:$C$4000=$AA28)*('2016 E Maize Soil VWC'!$E$2:$E$4000=$AB28)*('2016 E Maize Soil VWC'!$F$2:$F$4000=AJ$5),'2016 E Maize Soil VWC'!$G$2:$G$4000)} -> #N/A | ... AV28: {=_xlfn.XLOOKUP(1,('2016 E Maize Soil VWC'!$C$2:$C$4000=$AA28)*('2016 E Maize Soil VWC'!$E$2:$E$4000=$AB28)*('2016 E Maize Soil VWC'!$F$2:$F$4000=AV$5),'2016 E Maize Soil VWC'!$G$2:$G$4000)} -> #N/A | BO28: =VLOOKUP($BN28,$AX$6:$BL$214,BO$5) -> #N/A | BP28: =VLOOKUP($BN28,$AX$6:$BL$214,BP$5) -> #N/A | BQ28: =VLOOKUP($BN28,$AX$6:$BL$214,BQ$5) -> #N/A | BR28: =VLOOKUP($BN28,$AX$6:$BL$214,BR$5) -> #N/A | BS28: =VLOOKUP($BN28,$AX$6:$BL$214,BS$5) -> #N/A | BT28: =VLOOKUP($BN28,$AX$6:$BL$214,BT$5) -> #N/A | BU28: =VLOOKUP($BN28,$AX$6:$BL$214,BU$5) -> #N/A | BV28: =VLOOKUP($BN28,$AX$6:$BL$214,BV$5) -> #N/A | ... CB28: =VLOOKUP($BN28,$AX$6:$BL$214,CB$5) -> #N/A
AA29: =AA28 -> 42515 | AB29: =AB28+20 -> 210 | AC29: {=_xlfn.XLOOKUP(1,('2016 E Maize Soil VWC'!$C$2:$C$4000=$AA29)*('2016 E Maize Soil VWC'!$E$2:$E$4000=$AB29)*('2016 E Maize Soil VWC'!$F$2:$F$4000=AC$5),'2016 E Maize Soil VWC'!$G$2:$G$4000)} -> #N/A | AD29: {=_xlfn.XLOOKUP(1,('2016 E Maize Soil VWC'!$C$2:$C$4000=$AA29)*('2016 E Maize Soil VWC'!$E$2:$E$4000=$AB29)*('2016 E Maize Soil VWC'!$F$2:$F$4000=AD$5),'2016 E Maize Soil VWC'!$G$2:$G$4000)} -> #N/A | AE29: {=_xlfn.XLOOKUP(1,('2016 E Maize Soil VWC'!$C$2:$C$4000=$AA29)*('2016 E Maize Soil VWC'!$E$2:$E$4000=$AB29)*('2016 E Maize Soil VWC'!$F$2:$F$4000=AE$5),'2016 E Maize Soil VWC'!$G$2:$G$4000)} -> #N/A | AF29: {=_xlfn.XLOOKUP(1,('2016 E Maize Soil VWC'!$C$2:$C$4000=$AA29)*('2016 E Maize Soil VWC'!$E$2:$E$4000=$AB29)*('2016 E Maize Soil VWC'!$F$2:$F$4000=AF$5),'2016 E Maize Soil VWC'!$G$2:$G$4000)} -> #N/A | AG29: {=_xlfn.XLOOKUP(1,('2016 E Maize Soil VWC'!$C$2:$C$4000=$AA29)*('2016 E Maize Soil VWC'!$E$2:$E$4000=$AB29)*('2016 E Maize Soil VWC'!$F$2:$F$4000=AG$5),'2016 E Maize Soil VWC'!$G$2:$G$4000)} -> #N/A | AH29: {=_xlfn.XLOOKUP(1,('2016 E Maize Soil VWC'!$C$2:$C$4000=$AA29)*('2016 E Maize Soil VWC'!$E$2:$E$4000=$AB29)*('2016 E Maize Soil VWC'!$F$2:$F$4000=AH$5),'2016 E Maize Soil VWC'!$G$2:$G$4000)} -> #N/A | AI29: {=_xlfn.XLOOKUP(1,('2016 E Maize Soil VWC'!$C$2:$C$4000=$AA29)*('2016 E Maize Soil VWC'!$E$2:$E$4000=$AB29)*('2016 E Maize Soil VWC'!$F$2:$F$4000=AI$5),'2016 E Maize Soil VWC'!$G$2:$G$4000)} -> #N/A | AJ29: {=_xlfn.XLOOKUP(1,('2016 E Maize Soil VWC'!$C$2:$C$4000=$AA29)*('2016 E Maize Soil VWC'!$E$2:$E$4000=$AB29)*('2016 E Maize Soil VWC'!$F$2:$F$4000=AJ$5),'2016 E Maize Soil VWC'!$G$2:$G$4000)} -> #N/A | ... AV29: {=_xlfn.XLOOKUP(1,('2016 E Maize Soil VWC'!$C$2:$C$4000=$AA29)*('2016 E Maize Soil VWC'!$E$2:$E$4000=$AB29)*('2016 E Maize Soil VWC'!$F$2:$F$4000=AV$5),'2016 E Maize Soil VWC'!$G$2:$G$4000)} -> #N/A
AA30: =AA29 -> 42515 | AB30: =AB29+20 -> 230 | AC30: {=_xlfn.XLOOKUP(1,('2016 E Maize Soil VWC'!$C$2:$C$4000=$AA30)*('2016 E Maize Soil VWC'!$E$2:$E$4000=$AB30)*('2016 E Maize Soil VWC'!$F$2:$F$4000=AC$5),'2016 E Maize Soil VWC'!$G$2:$G$4000)} -> #N/A | AD30: {=_xlfn.XLOOKUP(1,('2016 E Maize Soil VWC'!$C$2:$C$4000=$AA30)*('2016 E Maize Soil VWC'!$E$2:$E$4000=$AB30)*('2016 E Maize Soil VWC'!$F$2:$F$4000=AD$5),'2016 E Maize Soil VWC'!$G$2:$G$4000)} -> #N/A | AE30: {=_xlfn.XLOOKUP(1,('2016 E Maize Soil VWC'!$C$2:$C$4000=$AA30)*('2016 E Maize Soil VWC'!$E$2:$E$4000=$AB30)*('2016 E Maize Soil VWC'!$F$2:$F$4000=AE$5),'2016 E Maize Soil VWC'!$G$2:$G$4000)} -> #N/A | AF30: {=_xlfn.XLOOKUP(1,('2016 E Maize Soil VWC'!$C$2:$C$4000=$AA30)*('2016 E Maize Soil VWC'!$E$2:$E$4000=$AB30)*('2016 E Maize Soil VWC'!$F$2:$F$4000=AF$5),'2016 E Maize Soil VWC'!$G$2:$G$4000)} -> #N/A | AG30: {=_xlfn.XLOOKUP(1,('2016 E Maize Soil VWC'!$C$2:$C$4000=$AA30)*('2016 E Maize Soil VWC'!$E$2:$E$4000=$AB30)*('2016 E Maize Soil VWC'!$F$2:$F$4000=AG$5),'2016 E Maize Soil VWC'!$G$2:$G$4000)} -> #N/A | AH30: {=_xlfn.XLOOKUP(1,('2016 E Maize Soil VWC'!$C$2:$C$4000=$AA30)*('2016 E Maize Soil VWC'!$E$2:$E$4000=$AB30)*('2016 E Maize Soil VWC'!$F$2:$F$4000=AH$5),'2016 E Maize Soil VWC'!$G$2:$G$4000)} -> #N/A | AI30: {=_xlfn.XLOOKUP(1,('2016 E Maize Soil VWC'!$C$2:$C$4000=$AA30)*('2016 E Maize Soil VWC'!$E$2:$E$4000=$AB30)*('2016 E Maize Soil VWC'!$F$2:$F$4000=AI$5),'2016 E Maize Soil VWC'!$G$2:$G$4000)} -> #N/A | AJ30: {=_xlfn.XLOOKUP(1,('2016 E Maize Soil VWC'!$C$2:$C$4000=$AA30)*('2016 E Maize Soil VWC'!$E$2:$E$4000=$AB30)*('2016 E Maize Soil VWC'!$F$2:$F$4000=AJ$5),'2016 E Maize Soil VWC'!$G$2:$G$4000)} -> #N/A | ... AV30: {=_xlfn.XLOOKUP(1,('2016 E Maize Soil VWC'!$C$2:$C$4000=$AA30)*('2016 E Maize Soil VWC'!$E$2:$E$4000=$AB30)*('2016 E Maize Soil VWC'!$F$2:$F$4000=AV$5),'2016 E Maize Soil VWC'!$G$2:$G$4000)} -> #N/A
BM31: 127 | BN31: 42496
Y32: 2016 | Z32: 161 | AA32: =DATE(Y32,1,Z32) -> 42530 | AB32: 10 | AC32: {=_xlfn.XLOOKUP(1,('2016 E Maize Soil VWC'!$C$2:$C$4000=$AA32)*('2016 E Maize Soil VWC'!$E$2:$E$4000=$AB32)*('2016 E Maize Soil VWC'!$F$2:$F$4000=AC$5),'2016 E Maize Soil VWC'!$G$2:$G$4000)} -> 0.21421762 | AD32: {=_xlfn.XLOOKUP(1,('2016 E Maize Soil VWC'!$C$2:$C$4000=$AA32)*('2016 E Maize Soil VWC'!$E$2:$E$4000=$AB32)*('2016 E Maize Soil VWC'!$F$2:$F$4000=AD$5),'2016 E Maize Soil VWC'!$G$2:$G$4000)} -> 0.21462043 | AE32: {=_xlfn.XLOOKUP(1,('2016 E Maize Soil VWC'!$C$2:$C$4000=$AA32)*('2016 E Maize Soil VWC'!$E$2:$E$4000=$AB32)*('2016 E Maize Soil VWC'!$F$2:$F$4000=AE$5),'2016 E Maize Soil VWC'!$G$2:$G$4000)} -> 0.22756788 | AF32: {=_xlfn.XLOOKUP(1,('2016 E Maize Soil VWC'!$C$2:$C$4000=$AA32)*('2016 E Maize Soil VWC'!$E$2:$E$4000=$AB32)*('2016 E Maize Soil VWC'!$F$2:$F$4000=AF$5),'2016 E Maize Soil VWC'!$G$2:$G$4000)} -> 0.23474173 | AG32: {=_xlfn.XLOOKUP(1,('2016 E Maize Soil VWC'!$C$2:$C$4000=$AA32)*('2016 E Maize Soil VWC'!$E$2:$E$4000=$AB32)*('2016 E Maize Soil VWC'!$F$2:$F$4000=AG$5),'2016 E Maize Soil VWC'!$G$2:$G$4000)} -> 0.24847563 | AH32: {=_xlfn.XLOOKUP(1,('2016 E Maize Soil VWC'!$C$2:$C$4000=$AA32)*('2016 E Maize Soil VWC'!$E$2:$E$4000=$AB32)*('2016 E Maize Soil VWC'!$F$2:$F$4000=AH$5),'2016 E Maize Soil VWC'!$G$2:$G$4000)} -> 0.23514454 | AI32: {=_xlfn.XLOOKUP(1,('2016 E Maize Soil VWC'!$C$2:$C$4000=$AA32)*('2016 E Maize Soil VWC'!$E$2:$E$4000=$AB32)*('2016 E Maize Soil VWC'!$F$2:$F$4000=AI$5),'2016 E Maize Soil VWC'!$G$2:$G$4000)} -> 0.22298353 | AJ32: {=_xlfn.XLOOKUP(1,('2016 E Maize Soil VWC'!$C$2:$C$4000=$AA32)*('2016 E Maize Soil VWC'!$E$2:$E$4000=$AB32)*('2016 E Maize Soil VWC'!$F$2:$F$4000=AJ$5),'2016 E Maize Soil VWC'!$G$2:$G$4000)} -> 0.22676226 | ... AV32: {=_xlfn.XLOOKUP(1,('2016 E Maize Soil VWC'!$C$2:$C$4000=$AA32)*('2016 E Maize Soil VWC'!$E$2:$E$4000=$AB32)*('2016 E Maize Soil VWC'!$F$2:$F$4000=AV$5),'2016 E Maize Soil VWC'!$G$2:$G$4000)} -> 0.23017656 | AW32: =Z32 -> 161 | AX32: =AA32 -> 42530 | AY32: =1400*AVERAGE(AG32:AH38)+100*AVERAGE(AG39:AH39) -> 483.51502 | AZ32: =1400*AVERAGE(AC32:AF38,AI32:AL38)+100*AVERAGE(AC39:AF39,AI39:AL39) -> 478.26976 | BA32: =1400*AVERAGE(AQ32:AR38)+100*AVERAGE(AQ39:AR39) -> 466.67061 | BB32: =1400*AVERAGE(AM32:AP38,AS32:AV38)+100*AVERAGE(AM39:AP39,AS39:AV39) -> 461.33498 | BC32: =AVERAGE(AC32:AD43)*2400 -> 740.78355 | BD32: =AVERAGE(AE32:AF43)*2400 -> 727.12301 | BE32: =AVERAGE(AG32:AH41)*2000 -> 651.36777 | BF32: =AVERAGE(AI32:AJ43)*2400 -> 746.52819 | BG32: =AVERAGE(AK32:AL43)*2400 -> 748.78384 | BH32: =AVERAGE(AM32:AN43)*2400 -> 741.59187 | BI32: =AVERAGE(AO32:AP43)*2400 -> 688.98875 | BJ32: =AVERAGE(AQ32:AR41)*2000 -> 628.60906 | BK32: =AVERAGE(AS32:AT43)*2400 -> 751.99849 | BL32: =AVERAGE(AU32:AV43)*2400 -> 743.91999 | BM32: 146 | BN32: 42515
AA33: =AA32 -> 42530 | AB33: =AB32+20 -> 30 | AC33: {=_xlfn.XLOOKUP(1,('2016 E Maize Soil VWC'!$C$2:$C$4000=$AA33)*('2016 E Maize Soil VWC'!$E$2:$E$4000=$AB33)*('2016 E Maize Soil VWC'!$F$2:$F$4000=AC$5),'2016 E Maize Soil VWC'!$G$2:$G$4000)} -> 0.31243295 | AD33: {=_xlfn.XLOOKUP(1,('2016 E Maize Soil VWC'!$C$2:$C$4000=$AA33)*('2016 E Maize Soil VWC'!$E$2:$E$4000=$AB33)*('2016 E Maize Soil VWC'!$F$2:$F$4000=AD$5),'2016 E Maize Soil VWC'!$G$2:$G$4000)} -> 0.31758507 | AE33: {=_xlfn.XLOOKUP(1,('2016 E Maize Soil VWC'!$C$2:$C$4000=$AA33)*('2016 E Maize Soil VWC'!$E$2:$E$4000=$AB33)*('2016 E Maize Soil VWC'!$F$2:$F$4000=AE$5),'2016 E Maize Soil VWC'!$G$2:$G$4000)} -> 0.32431717 | AF33: {=_xlfn.XLOOKUP(1,('2016 E Maize Soil VWC'!$C$2:$C$4000=$AA33)*('2016 E Maize Soil VWC'!$E$2:$E$4000=$AB33)*('2016 E Maize Soil VWC'!$F$2:$F$4000=AF$5),'2016 E Maize Soil VWC'!$G$2:$G$4000)} -> 0.3212259 | AG33: {=_xlfn.XLOOKUP(1,('2016 E Maize Soil VWC'!$C$2:$C$4000=$AA33)*('2016 E Maize Soil VWC'!$E$2:$E$4000=$AB33)*('2016 E Maize Soil VWC'!$F$2:$F$4000=AG$5),'2016 E Maize Soil VWC'!$G$2:$G$4000)} -> 0.34542941 | AH33: {=_xlfn.XLOOKUP(1,('2016 E Maize Soil VWC'!$C$2:$C$4000=$AA33)*('2016 E Maize Soil VWC'!$E$2:$E$4000=$AB33)*('2016 E Maize Soil VWC'!$F$2:$F$4000=AH$5),'2016 E Maize Soil VWC'!$G$2:$G$4000)} -> 0.33702573 | AI33: {=_xlfn.XLOOKUP(1,('2016 E Maize Soil VWC'!$C$2:$C$4000=$AA33)*('2016 E Maize Soil VWC'!$E$2:$E$4000=$AB33)*('2016 E Maize Soil VWC'!$F$2:$F$4000=AI$5),'2016 E Maize Soil VWC'!$G$2:$G$4000)} -> 0.29912904 | AJ33: {=_xlfn.XLOOKUP(1,('2016 E Maize Soil VWC'!$C$2:$C$4000=$AA33)*('2016 E Maize Soil VWC'!$E$2:$E$4000=$AB33)*('2016 E Maize Soil VWC'!$F$2:$F$4000=AJ$5),'2016 E Maize Soil VWC'!$G$2:$G$4000)} -> 0.32321805 | ... AV33: {=_xlfn.XLOOKUP(1,('2016 E Maize Soil VWC'!$C$2:$C$4000=$AA33)*('2016 E Maize Soil VWC'!$E$2:$E$4000=$AB33)*('2016 E Maize Soil VWC'!$F$2:$F$4000=AV$5),'2016 E Maize Soil VWC'!$G$2:$G$4000)} -> 0.32170677 | BM33: 161 | BN33: 42530
AA34: =AA33 -> 42530 | AB34: =AB33+20 -> 50 | AC34: {=_xlfn.XLOOKUP(1,('2016 E Maize Soil VWC'!$C$2:$C$4000=$AA34)*('2016 E Maize Soil VWC'!$E$2:$E$4000=$AB34)*('2016 E Maize Soil VWC'!$F$2:$F$4000=AC$5),'2016 E Maize Soil VWC'!$G$2:$G$4000)} -> 0.35048993 | AD34: {=_xlfn.XLOOKUP(1,('2016 E Maize Soil VWC'!$C$2:$C$4000=$AA34)*('2016 E Maize Soil VWC'!$E$2:$E$4000=$AB34)*('2016 E Maize Soil VWC'!$F$2:$F$4000=AD$5),'2016 E Maize Soil VWC'!$G$2:$G$4000)} -> 0.3563061 | AE34: {=_xlfn.XLOOKUP(1,('2016 E Maize Soil VWC'!$C$2:$C$4000=$AA34)*('2016 E Maize Soil VWC'!$E$2:$E$4000=$AB34)*('2016 E Maize Soil VWC'!$F$2:$F$4000=AE$5),'2016 E Maize Soil VWC'!$G$2:$G$4000)} -> 0.3522989 | AF34: {=_xlfn.XLOOKUP(1,('2016 E Maize Soil VWC'!$C$2:$C$4000=$AA34)*('2016 E Maize Soil VWC'!$E$2:$E$4000=$AB34)*('2016 E Maize Soil VWC'!$F$2:$F$4000=AF$5),'2016 E Maize Soil VWC'!$G$2:$G$4000)} -> 0.34668881 | AG34: {=_xlfn.XLOOKUP(1,('2016 E Maize Soil VWC'!$C$2:$C$4000=$AA34)*('2016 E Maize Soil VWC'!$E$2:$E$4000=$AB34)*('2016 E Maize Soil VWC'!$F$2:$F$4000=AG$5),'2016 E Maize Soil VWC'!$G$2:$G$4000)} -> 0.34797112 | AH34: {=_xlfn.XLOOKUP(1,('2016 E Maize Soil VWC'!$C$2:$C$4000=$AA34)*('2016 E Maize Soil VWC'!$E$2:$E$4000=$AB34)*('2016 E Maize Soil VWC'!$F$2:$F$4000=AH$5),'2016 E Maize Soil VWC'!$G$2:$G$4000)} -> 0.34975719 | AI34: {=_xlfn.XLOOKUP(1,('2016 E Maize Soil VWC'!$C$2:$C$4000=$AA34)*('2016 E Maize Soil VWC'!$E$2:$E$4000=$AB34)*('2016 E Maize Soil VWC'!$F$2:$F$4000=AI$5),'2016 E Maize Soil VWC'!$G$2:$G$4000)} -> 0.35811507 | AJ34: {=_xlfn.XLOOKUP(1,('2016 E Maize Soil VWC'!$C$2:$C$4000=$AA34)*('2016 E Maize Soil VWC'!$E$2:$E$4000=$AB34)*('2016 E Maize Soil VWC'!$F$2:$F$4000=AJ$5),'2016 E Maize Soil VWC'!$G$2:$G$4000)} -> 0.34508593 | ... AV34: {=_xlfn.XLOOKUP(1,('2016 E Maize Soil VWC'!$C$2:$C$4000=$AA34)*('2016 E Maize Soil VWC'!$E$2:$E$4000=$AB34)*('2016 E Maize Soil VWC'!$F$2:$F$4000=AV$5),'2016 E Maize Soil VWC'!$G$2:$G$4000)} -> 0.34884125 | BM34: 167 | BN34: 42536
AA35: =AA34 -> 42530 | AB35: =AB34+20 -> 70 | AC35: {=_xlfn.XLOOKUP(1,('2016 E Maize Soil VWC'!$C$2:$C$4000=$AA35)*('2016 E Maize Soil VWC'!$E$2:$E$4000=$AB35)*('2016 E Maize Soil VWC'!$F$2:$F$4000=AC$5),'2016 E Maize Soil VWC'!$G$2:$G$4000)} -> 0.34384942 | AD35: {=_xlfn.XLOOKUP(1,('2016 E Maize Soil VWC'!$C$2:$C$4000=$AA35)*('2016 E Maize Soil VWC'!$E$2:$E$4000=$AB35)*('2016 E Maize Soil VWC'!$F$2:$F$4000=AD$5),'2016 E Maize Soil VWC'!$G$2:$G$4000)} -> 0.35122268 | AE35: {=_xlfn.XLOOKUP(1,('2016 E Maize Soil VWC'!$C$2:$C$4000=$AA35)*('2016 E Maize Soil VWC'!$E$2:$E$4000=$AB35)*('2016 E Maize Soil VWC'!$F$2:$F$4000=AE$5),'2016 E Maize Soil VWC'!$G$2:$G$4000)} -> 0.34426159 | AF35: {=_xlfn.XLOOKUP(1,('2016 E Maize Soil VWC'!$C$2:$C$4000=$AA35)*('2016 E Maize Soil VWC'!$E$2:$E$4000=$AB35)*('2016 E Maize Soil VWC'!$F$2:$F$4000=AF$5),'2016 E Maize Soil VWC'!$G$2:$G$4000)} -> 0.33844542 | AG35: {=_xlfn.XLOOKUP(1,('2016 E Maize Soil VWC'!$C$2:$C$4000=$AA35)*('2016 E Maize Soil VWC'!$E$2:$E$4000=$AB35)*('2016 E Maize Soil VWC'!$F$2:$F$4000=AG$5),'2016 E Maize Soil VWC'!$G$2:$G$4000)} -> 0.34378073 | AH35: {=_xlfn.XLOOKUP(1,('2016 E Maize Soil VWC'!$C$2:$C$4000=$AA35)*('2016 E Maize Soil VWC'!$E$2:$E$4000=$AB35)*('2016 E Maize Soil VWC'!$F$2:$F$4000=AH$5),'2016 E Maize Soil VWC'!$G$2:$G$4000)} -> 0.34201756 | AI35: {=_xlfn.XLOOKUP(1,('2016 E Maize Soil VWC'!$C$2:$C$4000=$AA35)*('2016 E Maize Soil VWC'!$E$2:$E$4000=$AB35)*('2016 E Maize Soil VWC'!$F$2:$F$4000=AI$5),'2016 E Maize Soil VWC'!$G$2:$G$4000)} -> 0.34291059 | AJ35: {=_xlfn.XLOOKUP(1,('2016 E Maize Soil VWC'!$C$2:$C$4000=$AA35)*('2016 E Maize Soil VWC'!$E$2:$E$4000=$AB35)*('2016 E Maize Soil VWC'!$F$2:$F$4000=AJ$5),'2016 E Maize Soil VWC'!$G$2:$G$4000)} -> 0.34270451 | ... AV35: {=_xlfn.XLOOKUP(1,('2016 E Maize Soil VWC'!$C$2:$C$4000=$AA35)*('2016 E Maize Soil VWC'!$E$2:$E$4000=$AB35)*('2016 E Maize Soil VWC'!$F$2:$F$4000=AV$5),'2016 E Maize Soil VWC'!$G$2:$G$4000)} -> 0.33917817 | BM35: 173 | BN35: 42542
AA36: =AA35 -> 42530 | AB36: =AB35+20 -> 90 | AC36: {=_xlfn.XLOOKUP(1,('2016 E Maize Soil VWC'!$C$2:$C$4000=$AA36)*('2016 E Maize Soil VWC'!$E$2:$E$4000=$AB36)*('2016 E Maize Soil VWC'!$F$2:$F$4000=AC$5),'2016 E Maize Soil VWC'!$G$2:$G$4000)} -> 0.3414909 | AD36: {=_xlfn.XLOOKUP(1,('2016 E Maize Soil VWC'!$C$2:$C$4000=$AA36)*('2016 E Maize Soil VWC'!$E$2:$E$4000=$AB36)*('2016 E Maize Soil VWC'!$F$2:$F$4000=AD$5),'2016 E Maize Soil VWC'!$G$2:$G$4000)} -> 0.34091844 | AE36: {=_xlfn.XLOOKUP(1,('2016 E Maize Soil VWC'!$C$2:$C$4000=$AA36)*('2016 E Maize Soil VWC'!$E$2:$E$4000=$AB36)*('2016 E Maize Soil VWC'!$F$2:$F$4000=AE$5),'2016 E Maize Soil VWC'!$G$2:$G$4000)} -> 0.33386576 | AF36: {=_xlfn.XLOOKUP(1,('2016 E Maize Soil VWC'!$C$2:$C$4000=$AA36)*('2016 E Maize Soil VWC'!$E$2:$E$4000=$AB36)*('2016 E Maize Soil VWC'!$F$2:$F$4000=AF$5),'2016 E Maize Soil VWC'!$G$2:$G$4000)} -> 0.33773558 | AG36: {=_xlfn.XLOOKUP(1,('2016 E Maize Soil VWC'!$C$2:$C$4000=$AA36)*('2016 E Maize Soil VWC'!$E$2:$E$4000=$AB36)*('2016 E Maize Soil VWC'!$F$2:$F$4000=AG$5),'2016 E Maize Soil VWC'!$G$2:$G$4000)} -> 0.33400315 | AH36: {=_xlfn.XLOOKUP(1,('2016 E Maize Soil VWC'!$C$2:$C$4000=$AA36)*('2016 E Maize Soil VWC'!$E$2:$E$4000=$AB36)*('2016 E Maize Soil VWC'!$F$2:$F$4000=AH$5),'2016 E Maize Soil VWC'!$G$2:$G$4000)} -> 0.3266757 | AI36: {=_xlfn.XLOOKUP(1,('2016 E Maize Soil VWC'!$C$2:$C$4000=$AA36)*('2016 E Maize Soil VWC'!$E$2:$E$4000=$AB36)*('2016 E Maize Soil VWC'!$F$2:$F$4000=AI$5),'2016 E Maize Soil VWC'!$G$2:$G$4000)} -> 0.3400712 | AJ36: {=_xlfn.XLOOKUP(1,('2016 E Maize Soil VWC'!$C$2:$C$4000=$AA36)*('2016 E Maize Soil VWC'!$E$2:$E$4000=$AB36)*('2016 E Maize Soil VWC'!$F$2:$F$4000=AJ$5),'2016 E Maize Soil VWC'!$G$2:$G$4000)} -> 0.33258346 | ... AV36: {=_xlfn.XLOOKUP(1,('2016 E Maize Soil VWC'!$C$2:$C$4000=$AA36)*('2016 E Maize Soil VWC'!$E$2:$E$4000=$AB36)*('2016 E Maize Soil VWC'!$F$2:$F$4000=AV$5),'2016 E Maize Soil VWC'!$G$2:$G$4000)} -> 0.33100348 | BM36: 180 | BN36: 42549
AA37: =AA36 -> 42530 | AB37: =AB36+20 -> 110 | AC37: {=_xlfn.XLOOKUP(1,('2016 E Maize Soil VWC'!$C$2:$C$4000=$AA37)*('2016 E Maize Soil VWC'!$E$2:$E$4000=$AB37)*('2016 E Maize Soil VWC'!$F$2:$F$4000=AC$5),'2016 E Maize Soil VWC'!$G$2:$G$4000)} -> 0.33842253 | AD37: {=_xlfn.XLOOKUP(1,('2016 E Maize Soil VWC'!$C$2:$C$4000=$AA37)*('2016 E Maize Soil VWC'!$E$2:$E$4000=$AB37)*('2016 E Maize Soil VWC'!$F$2:$F$4000=AD$5),'2016 E Maize Soil VWC'!$G$2:$G$4000)} -> 0.34068946 | AE37: {=_xlfn.XLOOKUP(1,('2016 E Maize Soil VWC'!$C$2:$C$4000=$AA37)*('2016 E Maize Soil VWC'!$E$2:$E$4000=$AB37)*('2016 E Maize Soil VWC'!$F$2:$F$4000=AE$5),'2016 E Maize Soil VWC'!$G$2:$G$4000)} -> 0.32498122 | AF37: {=_xlfn.XLOOKUP(1,('2016 E Maize Soil VWC'!$C$2:$C$4000=$AA37)*('2016 E Maize Soil VWC'!$E$2:$E$4000=$AB37)*('2016 E Maize Soil VWC'!$F$2:$F$4000=AF$5),'2016 E Maize Soil VWC'!$G$2:$G$4000)} -> 0.33677385 | AG37: {=_xlfn.XLOOKUP(1,('2016 E Maize Soil VWC'!$C$2:$C$4000=$AA37)*('2016 E Maize Soil VWC'!$E$2:$E$4000=$AB37)*('2016 E Maize Soil VWC'!$F$2:$F$4000=AG$5),'2016 E Maize Soil VWC'!$G$2:$G$4000)} -> 0.33173622 | AH37: {=_xlfn.XLOOKUP(1,('2016 E Maize Soil VWC'!$C$2:$C$4000=$AA37)*('2016 E Maize Soil VWC'!$E$2:$E$4000=$AB37)*('2016 E Maize Soil VWC'!$F$2:$F$4000=AH$5),'2016 E Maize Soil VWC'!$G$2:$G$4000)} -> 0.32305777 | AI37: {=_xlfn.XLOOKUP(1,('2016 E Maize Soil VWC'!$C$2:$C$4000=$AA37)*('2016 E Maize Soil VWC'!$E$2:$E$4000=$AB37)*('2016 E Maize Soil VWC'!$F$2:$F$4000=AI$5),'2016 E Maize Soil VWC'!$G$2:$G$4000)} -> 0.33968193 | AJ37: {=_xlfn.XLOOKUP(1,('2016 E Maize Soil VWC'!$C$2:$C$4000=$AA37)*('2016 E Maize Soil VWC'!$E$2:$E$4000=$AB37)*('2016 E Maize Soil VWC'!$F$2:$F$4000=AJ$5),'2016 E Maize Soil VWC'!$G$2:$G$4000)} -> 0.33826224 | ... AV37: {=_xlfn.XLOOKUP(1,('2016 E Maize Soil VWC'!$C$2:$C$4000=$AA37)*('2016 E Maize Soil VWC'!$E$2:$E$4000=$AB37)*('2016 E Maize Soil VWC'!$F$2:$F$4000=AV$5),'2016 E Maize Soil VWC'!$G$2:$G$4000)} -> 0.33963614 | BM37: 193 | BN37: 42562
AA38: =AA37 -> 42530 | AB38: =AB37+20 -> 130 | AC38: {=_xlfn.XLOOKUP(1,('2016 E Maize Soil VWC'!$C$2:$C$4000=$AA38)*('2016 E Maize Soil VWC'!$E$2:$E$4000=$AB38)*('2016 E Maize Soil VWC'!$F$2:$F$4000=AC$5),'2016 E Maize Soil VWC'!$G$2:$G$4000)} -> 0.31420694 | AD38: {=_xlfn.XLOOKUP(1,('2016 E Maize Soil VWC'!$C$2:$C$4000=$AA38)*('2016 E Maize Soil VWC'!$E$2:$E$4000=$AB38)*('2016 E Maize Soil VWC'!$F$2:$F$4000=AD$5),'2016 E Maize Soil VWC'!$G$2:$G$4000)} -> 0.31300014 | AE38: {=_xlfn.XLOOKUP(1,('2016 E Maize Soil VWC'!$C$2:$C$4000=$AA38)*('2016 E Maize Soil VWC'!$E$2:$E$4000=$AB38)*('2016 E Maize Soil VWC'!$F$2:$F$4000=AE$5),'2016 E Maize Soil VWC'!$G$2:$G$4000)} -> 0.3046888 | AF38: {=_xlfn.XLOOKUP(1,('2016 E Maize Soil VWC'!$C$2:$C$4000=$AA38)*('2016 E Maize Soil VWC'!$E$2:$E$4000=$AB38)*('2016 E Maize Soil VWC'!$F$2:$F$4000=AF$5),'2016 E Maize Soil VWC'!$G$2:$G$4000)} -> 0.30044554 | AG38: {=_xlfn.XLOOKUP(1,('2016 E Maize Soil VWC'!$C$2:$C$4000=$AA38)*('2016 E Maize Soil VWC'!$E$2:$E$4000=$AB38)*('2016 E Maize Soil VWC'!$F$2:$F$4000=AG$5),'2016 E Maize Soil VWC'!$G$2:$G$4000)} -> 0.31115101 | AH38: {=_xlfn.XLOOKUP(1,('2016 E Maize Soil VWC'!$C$2:$C$4000=$AA38)*('2016 E Maize Soil VWC'!$E$2:$E$4000=$AB38)*('2016 E Maize Soil VWC'!$F$2:$F$4000=AH$5),'2016 E Maize Soil VWC'!$G$2:$G$4000)} -> 0.30620703 | AI38: {=_xlfn.XLOOKUP(1,('2016 E Maize Soil VWC'!$C$2:$C$4000=$AA38)*('2016 E Maize Soil VWC'!$E$2:$E$4000=$AB38)*('2016 E Maize Soil VWC'!$F$2:$F$4000=AI$5),'2016 E Maize Soil VWC'!$G$2:$G$4000)} -> 0.31000261 | AJ38: {=_xlfn.XLOOKUP(1,('2016 E Maize Soil VWC'!$C$2:$C$4000=$AA38)*('2016 E Maize Soil VWC'!$E$2:$E$4000=$AB38)*('2016 E Maize Soil VWC'!$F$2:$F$4000=AJ$5),'2016 E Maize Soil VWC'!$G$2:$G$4000)} -> 0.34190493 | ... AV38: {=_xlfn.XLOOKUP(1,('2016 E Maize Soil VWC'!$C$2:$C$4000=$AA38)*('2016 E Maize Soil VWC'!$E$2:$E$4000=$AB38)*('2016 E Maize Soil VWC'!$F$2:$F$4000=AV$5),'2016 E Maize Soil VWC'!$G$2:$G$4000)} -> 0.30340414 | BM38: 200 | BN38: 42569
AA39: =AA38 -> 42530 | AB39: =AB38+20 -> 150 | AC39: {=_xlfn.XLOOKUP(1,('2016 E Maize Soil VWC'!$C$2:$C$4000=$AA39)*('2016 E Maize Soil VWC'!$E$2:$E$4000=$AB39)*('2016 E Maize Soil VWC'!$F$2:$F$4000=AC$5),'2016 E Maize Soil VWC'!$G$2:$G$4000)} -> 0.33532593 | AD39: {=_xlfn.XLOOKUP(1,('2016 E Maize Soil VWC'!$C$2:$C$4000=$AA39)*('2016 E Maize Soil VWC'!$E$2:$E$4000=$AB39)*('2016 E Maize Soil VWC'!$F$2:$F$4000=AD$5),'2016 E Maize Soil VWC'!$G$2:$G$4000)} -> 0.32576886 | AE39: {=_xlfn.XLOOKUP(1,('2016 E Maize Soil VWC'!$C$2:$C$4000=$AA39)*('2016 E Maize Soil VWC'!$E$2:$E$4000=$AB39)*('2016 E Maize Soil VWC'!$F$2:$F$4000=AE$5),'2016 E Maize Soil VWC'!$G$2:$G$4000)} -> 0.30992475 | AF39: {=_xlfn.XLOOKUP(1,('2016 E Maize Soil VWC'!$C$2:$C$4000=$AA39)*('2016 E Maize Soil VWC'!$E$2:$E$4000=$AB39)*('2016 E Maize Soil VWC'!$F$2:$F$4000=AF$5),'2016 E Maize Soil VWC'!$G$2:$G$4000)} -> 0.29456726 | AG39: {=_xlfn.XLOOKUP(1,('2016 E Maize Soil VWC'!$C$2:$C$4000=$AA39)*('2016 E Maize Soil VWC'!$E$2:$E$4000=$AB39)*('2016 E Maize Soil VWC'!$F$2:$F$4000=AG$5),'2016 E Maize Soil VWC'!$G$2:$G$4000)} -> 0.36076604 | AH39: {=_xlfn.XLOOKUP(1,('2016 E Maize Soil VWC'!$C$2:$C$4000=$AA39)*('2016 E Maize Soil VWC'!$E$2:$E$4000=$AB39)*('2016 E Maize Soil VWC'!$F$2:$F$4000=AH$5),'2016 E Maize Soil VWC'!$G$2:$G$4000)} -> 0.34466889 | AI39: {=_xlfn.XLOOKUP(1,('2016 E Maize Soil VWC'!$C$2:$C$4000=$AA39)*('2016 E Maize Soil VWC'!$E$2:$E$4000=$AB39)*('2016 E Maize Soil VWC'!$F$2:$F$4000=AI$5),'2016 E Maize Soil VWC'!$G$2:$G$4000)} -> 0.33330162 | AJ39: {=_xlfn.XLOOKUP(1,('2016 E Maize Soil VWC'!$C$2:$C$4000=$AA39)*('2016 E Maize Soil VWC'!$E$2:$E$4000=$AB39)*('2016 E Maize Soil VWC'!$F$2:$F$4000=AJ$5),'2016 E Maize Soil VWC'!$G$2:$G$4000)} -> 0.33888793 | ... AV39: {=_xlfn.XLOOKUP(1,('2016 E Maize Soil VWC'!$C$2:$C$4000=$AA39)*('2016 E Maize Soil VWC'!$E$2:$E$4000=$AB39)*('2016 E Maize Soil VWC'!$F$2:$F$4000=AV$5),'2016 E Maize Soil VWC'!$G$2:$G$4000)} -> 0.32763745 | BM39: 208 | BN39: 42577
AA40: =AA39 -> 42530 | AB40: =AB39+20 -> 170 | AC40: {=_xlfn.XLOOKUP(1,('2016 E Maize Soil VWC'!$C$2:$C$4000=$AA40)*('2016 E Maize Soil VWC'!$E$2:$E$4000=$AB40)*('2016 E Maize Soil VWC'!$F$2:$F$4000=AC$5),'2016 E Maize Soil VWC'!$G$2:$G$4000)} -> 0.27665991 | AD40: {=_xlfn.XLOOKUP(1,('2016 E Maize Soil VWC'!$C$2:$C$4000=$AA40)*('2016 E Maize Soil VWC'!$E$2:$E$4000=$AB40)*('2016 E Maize Soil VWC'!$F$2:$F$4000=AD$5),'2016 E Maize Soil VWC'!$G$2:$G$4000)} -> 0.27292273 | AE40: {=_xlfn.XLOOKUP(1,('2016 E Maize Soil VWC'!$C$2:$C$4000=$AA40)*('2016 E Maize Soil VWC'!$E$2:$E$4000=$AB40)*('2016 E Maize Soil VWC'!$F$2:$F$4000=AE$5),'2016 E Maize Soil VWC'!$G$2:$G$4000)} -> 0.28756003 | AF40: {=_xlfn.XLOOKUP(1,('2016 E Maize Soil VWC'!$C$2:$C$4000=$AA40)*('2016 E Maize Soil VWC'!$E$2:$E$4000=$AB40)*('2016 E Maize Soil VWC'!$F$2:$F$4000=AF$5),'2016 E Maize Soil VWC'!$G$2:$G$4000)} -> 0.28384231 | AG40: {=_xlfn.XLOOKUP(1,('2016 E Maize Soil VWC'!$C$2:$C$4000=$AA40)*('2016 E Maize Soil VWC'!$E$2:$E$4000=$AB40)*('2016 E Maize Soil VWC'!$F$2:$F$4000=AG$5),'2016 E Maize Soil VWC'!$G$2:$G$4000)} -> 0.32504867 | AH40: {=_xlfn.XLOOKUP(1,('2016 E Maize Soil VWC'!$C$2:$C$4000=$AA40)*('2016 E Maize Soil VWC'!$E$2:$E$4000=$AB40)*('2016 E Maize Soil VWC'!$F$2:$F$4000=AH$5),'2016 E Maize Soil VWC'!$G$2:$G$4000)} -> 0.32703405 | AI40: {=_xlfn.XLOOKUP(1,('2016 E Maize Soil VWC'!$C$2:$C$4000=$AA40)*('2016 E Maize Soil VWC'!$E$2:$E$4000=$AB40)*('2016 E Maize Soil VWC'!$F$2:$F$4000=AI$5),'2016 E Maize Soil VWC'!$G$2:$G$4000)} -> 0.29992 | AJ40: {=_xlfn.XLOOKUP(1,('2016 E Maize Soil VWC'!$C$2:$C$4000=$AA40)*('2016 E Maize Soil VWC'!$E$2:$E$4000=$AB40)*('2016 E Maize Soil VWC'!$F$2:$F$4000=AJ$5),'2016 E Maize Soil VWC'!$G$2:$G$4000)} -> 0.30003678 | ... AV40: {=_xlfn.XLOOKUP(1,('2016 E Maize Soil VWC'!$C$2:$C$4000=$AA40)*('2016 E Maize Soil VWC'!$E$2:$E$4000=$AB40)*('2016 E Maize Soil VWC'!$F$2:$F$4000=AV$5),'2016 E Maize Soil VWC'!$G$2:$G$4000)} -> 0.30897099 | BM40: 215 | BN40: 42584
AA41: =AA40 -> 42530 | AB41: =AB40+20 -> 190 | AC41: {=_xlfn.XLOOKUP(1,('2016 E Maize Soil VWC'!$C$2:$C$4000=$AA41)*('2016 E Maize Soil VWC'!$E$2:$E$4000=$AB41)*('2016 E Maize Soil VWC'!$F$2:$F$4000=AC$5),'2016 E Maize Soil VWC'!$G$2:$G$4000)} -> 0.28181801 | AD41: {=_xlfn.XLOOKUP(1,('2016 E Maize Soil VWC'!$C$2:$C$4000=$AA41)*('2016 E Maize Soil VWC'!$E$2:$E$4000=$AB41)*('2016 E Maize Soil VWC'!$F$2:$F$4000=AD$5),'2016 E Maize Soil VWC'!$G$2:$G$4000)} -> 0.28946756 | AE41: {=_xlfn.XLOOKUP(1,('2016 E Maize Soil VWC'!$C$2:$C$4000=$AA41)*('2016 E Maize Soil VWC'!$E$2:$E$4000=$AB41)*('2016 E Maize Soil VWC'!$F$2:$F$4000=AE$5),'2016 E Maize Soil VWC'!$G$2:$G$4000)} -> 0.29513173 | AF41: {=_xlfn.XLOOKUP(1,('2016 E Maize Soil VWC'!$C$2:$C$4000=$AA41)*('2016 E Maize Soil VWC'!$E$2:$E$4000=$AB41)*('2016 E Maize Soil VWC'!$F$2:$F$4000=AF$5),'2016 E Maize Soil VWC'!$G$2:$G$4000)} -> 0.28623645 | AG41: {=_xlfn.XLOOKUP(1,('2016 E Maize Soil VWC'!$C$2:$C$4000=$AA41)*('2016 E Maize Soil VWC'!$E$2:$E$4000=$AB41)*('2016 E Maize Soil VWC'!$F$2:$F$4000=AG$5),'2016 E Maize Soil VWC'!$G$2:$G$4000)} -> 0.33238679 | AH41: {=_xlfn.XLOOKUP(1,('2016 E Maize Soil VWC'!$C$2:$C$4000=$AA41)*('2016 E Maize Soil VWC'!$E$2:$E$4000=$AB41)*('2016 E Maize Soil VWC'!$F$2:$F$4000=AH$5),'2016 E Maize Soil VWC'!$G$2:$G$4000)} -> 0.34134046 | AI41: {=_xlfn.XLOOKUP(1,('2016 E Maize Soil VWC'!$C$2:$C$4000=$AA41)*('2016 E Maize Soil VWC'!$E$2:$E$4000=$AB41)*('2016 E Maize Soil VWC'!$F$2:$F$4000=AI$5),'2016 E Maize Soil VWC'!$G$2:$G$4000)} -> 0.28392017 | AJ41: {=_xlfn.XLOOKUP(1,('2016 E Maize Soil VWC'!$C$2:$C$4000=$AA41)*('2016 E Maize Soil VWC'!$E$2:$E$4000=$AB41)*('2016 E Maize Soil VWC'!$F$2:$F$4000=AJ$5),'2016 E Maize Soil VWC'!$G$2:$G$4000)} -> 0.28711235 | ... AV41: {=_xlfn.XLOOKUP(1,('2016 E Maize Soil VWC'!$C$2:$C$4000=$AA41)*('2016 E Maize Soil VWC'!$E$2:$E$4000=$AB41)*('2016 E Maize Soil VWC'!$F$2:$F$4000=AV$5),'2016 E Maize Soil VWC'!$G$2:$G$4000)} -> 0.29956963 | BM41: 224 | BN41: 42593
AA42: =AA41 -> 42530 | AB42: =AB41+20 -> 210 | AC42: {=_xlfn.XLOOKUP(1,('2016 E Maize Soil VWC'!$C$2:$C$4000=$AA42)*('2016 E Maize Soil VWC'!$E$2:$E$4000=$AB42)*('2016 E Maize Soil VWC'!$F$2:$F$4000=AC$5),'2016 E Maize Soil VWC'!$G$2:$G$4000)} -> 0.29951124 | AD42: {=_xlfn.XLOOKUP(1,('2016 E Maize Soil VWC'!$C$2:$C$4000=$AA42)*('2016 E Maize Soil VWC'!$E$2:$E$4000=$AB42)*('2016 E Maize Soil VWC'!$F$2:$F$4000=AD$5),'2016 E Maize Soil VWC'!$G$2:$G$4000)} -> 0.29244563 | AE42: {=_xlfn.XLOOKUP(1,('2016 E Maize Soil VWC'!$C$2:$C$4000=$AA42)*('2016 E Maize Soil VWC'!$E$2:$E$4000=$AB42)*('2016 E Maize Soil VWC'!$F$2:$F$4000=AE$5),'2016 E Maize Soil VWC'!$G$2:$G$4000)} -> 0.27097628 | AF42: {=_xlfn.XLOOKUP(1,('2016 E Maize Soil VWC'!$C$2:$C$4000=$AA42)*('2016 E Maize Soil VWC'!$E$2:$E$4000=$AB42)*('2016 E Maize Soil VWC'!$F$2:$F$4000=AF$5),'2016 E Maize Soil VWC'!$G$2:$G$4000)} -> 0.27305898 | AG42: {=_xlfn.XLOOKUP(1,('2016 E Maize Soil VWC'!$C$2:$C$4000=$AA42)*('2016 E Maize Soil VWC'!$E$2:$E$4000=$AB42)*('2016 E Maize Soil VWC'!$F$2:$F$4000=AG$5),'2016 E Maize Soil VWC'!$G$2:$G$4000)} -> #N/A | AH42: {=_xlfn.XLOOKUP(1,('2016 E Maize Soil VWC'!$C$2:$C$4000=$AA42)*('2016 E Maize Soil VWC'!$E$2:$E$4000=$AB42)*('2016 E Maize Soil VWC'!$F$2:$F$4000=AH$5),'2016 E Maize Soil VWC'!$G$2:$G$4000)} -> #N/A | AI42: {=_xlfn.XLOOKUP(1,('2016 E Maize Soil VWC'!$C$2:$C$4000=$AA42)*('2016 E Maize Soil VWC'!$E$2:$E$4000=$AB42)*('2016 E Maize Soil VWC'!$F$2:$F$4000=AI$5),'2016 E Maize Soil VWC'!$G$2:$G$4000)} -> 0.27767207 | AJ42: {=_xlfn.XLOOKUP(1,('2016 E Maize Soil VWC'!$C$2:$C$4000=$AA42)*('2016 E Maize Soil VWC'!$E$2:$E$4000=$AB42)*('2016 E Maize Soil VWC'!$F$2:$F$4000=AJ$5),'2016 E Maize Soil VWC'!$G$2:$G$4000)} -> 0.29910249 | ... AV42: {=_xlfn.XLOOKUP(1,('2016 E Maize Soil VWC'!$C$2:$C$4000=$AA42)*('2016 E Maize Soil VWC'!$E$2:$E$4000=$AB42)*('2016 E Maize Soil VWC'!$F$2:$F$4000=AV$5),'2016 E Maize Soil VWC'!$G$2:$G$4000)} -> 0.28997363 | BM42: 236 | BN42: 42605
AA43: =AA42 -> 42530 | AB43: =AB42+20 -> 230 | AC43: {=_xlfn.XLOOKUP(1,('2016 E Maize Soil VWC'!$C$2:$C$4000=$AA43)*('2016 E Maize Soil VWC'!$E$2:$E$4000=$AB43)*('2016 E Maize Soil VWC'!$F$2:$F$4000=AC$5),'2016 E Maize Soil VWC'!$G$2:$G$4000)} -> 0.29133615 | AD43: {=_xlfn.XLOOKUP(1,('2016 E Maize Soil VWC'!$C$2:$C$4000=$AA43)*('2016 E Maize Soil VWC'!$E$2:$E$4000=$AB43)*('2016 E Maize Soil VWC'!$F$2:$F$4000=AD$5),'2016 E Maize Soil VWC'!$G$2:$G$4000)} -> 0.29312688 | AE43: {=_xlfn.XLOOKUP(1,('2016 E Maize Soil VWC'!$C$2:$C$4000=$AA43)*('2016 E Maize Soil VWC'!$E$2:$E$4000=$AB43)*('2016 E Maize Soil VWC'!$F$2:$F$4000=AE$5),'2016 E Maize Soil VWC'!$G$2:$G$4000)} -> 0.27665991 | AF43: {=_xlfn.XLOOKUP(1,('2016 E Maize Soil VWC'!$C$2:$C$4000=$AA43)*('2016 E Maize Soil VWC'!$E$2:$E$4000=$AB43)*('2016 E Maize Soil VWC'!$F$2:$F$4000=AF$5),'2016 E Maize Soil VWC'!$G$2:$G$4000)} -> 0.26523425 | AG43: {=_xlfn.XLOOKUP(1,('2016 E Maize Soil VWC'!$C$2:$C$4000=$AA43)*('2016 E Maize Soil VWC'!$E$2:$E$4000=$AB43)*('2016 E Maize Soil VWC'!$F$2:$F$4000=AG$5),'2016 E Maize Soil VWC'!$G$2:$G$4000)} -> #N/A | AH43: {=_xlfn.XLOOKUP(1,('2016 E Maize Soil VWC'!$C$2:$C$4000=$AA43)*('2016 E Maize Soil VWC'!$E$2:$E$4000=$AB43)*('2016 E Maize Soil VWC'!$F$2:$F$4000=AH$5),'2016 E Maize Soil VWC'!$G$2:$G$4000)} -> #N/A | AI43: {=_xlfn.XLOOKUP(1,('2016 E Maize Soil VWC'!$C$2:$C$4000=$AA43)*('2016 E Maize Soil VWC'!$E$2:$E$4000=$AB43)*('2016 E Maize Soil VWC'!$F$2:$F$4000=AI$5),'2016 E Maize Soil VWC'!$G$2:$G$4000)} -> 0.27609544 | AJ43: {=_xlfn.XLOOKUP(1,('2016 E Maize Soil VWC'!$C$2:$C$4000=$AA43)*('2016 E Maize Soil VWC'!$E$2:$E$4000=$AB43)*('2016 E Maize Soil VWC'!$F$2:$F$4000=AJ$5),'2016 E Maize Soil VWC'!$G$2:$G$4000)} -> 0.30581774 | ... AV43: {=_xlfn.XLOOKUP(1,('2016 E Maize Soil VWC'!$C$2:$C$4000=$AA43)*('2016 E Maize Soil VWC'!$E$2:$E$4000=$AB43)*('2016 E Maize Soil VWC'!$F$2:$F$4000=AV$5),'2016 E Maize Soil VWC'!$G$2:$G$4000)} -> 0.27950173 | BM43: 256 | BN43: 42625
BM44: 263 | BN44: 42632
Y45: 2016 | Z45: 167 | AA45: =DATE(Y45,1,Z45) -> 42536 | AB45: 10 | AC45: {=_xlfn.XLOOKUP(1,('2016 E Maize Soil VWC'!$C$2:$C$4000=$AA45)*('2016 E Maize Soil VWC'!$E$2:$E$4000=$AB45)*('2016 E Maize Soil VWC'!$F$2:$F$4000=AC$5),'2016 E Maize Soil VWC'!$G$2:$G$4000)} -> 0.23742713 | AD45: {=_xlfn.XLOOKUP(1,('2016 E Maize Soil VWC'!$C$2:$C$4000=$AA45)*('2016 E Maize Soil VWC'!$E$2:$E$4000=$AB45)*('2016 E Maize Soil VWC'!$F$2:$F$4000=AD$5),'2016 E Maize Soil VWC'!$G$2:$G$4000)} -> 0.24063043 | AE45: {=_xlfn.XLOOKUP(1,('2016 E Maize Soil VWC'!$C$2:$C$4000=$AA45)*('2016 E Maize Soil VWC'!$E$2:$E$4000=$AB45)*('2016 E Maize Soil VWC'!$F$2:$F$4000=AE$5),'2016 E Maize Soil VWC'!$G$2:$G$4000)} -> 0.23957545 | AF45: {=_xlfn.XLOOKUP(1,('2016 E Maize Soil VWC'!$C$2:$C$4000=$AA45)*('2016 E Maize Soil VWC'!$E$2:$E$4000=$AB45)*('2016 E Maize Soil VWC'!$F$2:$F$4000=AF$5),'2016 E Maize Soil VWC'!$G$2:$G$4000)} -> 0.23205633 | AG45: {=_xlfn.XLOOKUP(1,('2016 E Maize Soil VWC'!$C$2:$C$4000=$AA45)*('2016 E Maize Soil VWC'!$E$2:$E$4000=$AB45)*('2016 E Maize Soil VWC'!$F$2:$F$4000=AG$5),'2016 E Maize Soil VWC'!$G$2:$G$4000)} -> 0.23873147 | AH45: {=_xlfn.XLOOKUP(1,('2016 E Maize Soil VWC'!$C$2:$C$4000=$AA45)*('2016 E Maize Soil VWC'!$E$2:$E$4000=$AB45)*('2016 E Maize Soil VWC'!$F$2:$F$4000=AH$5),'2016 E Maize Soil VWC'!$G$2:$G$4000)} -> 0.22509348 | AI45: {=_xlfn.XLOOKUP(1,('2016 E Maize Soil VWC'!$C$2:$C$4000=$AA45)*('2016 E Maize Soil VWC'!$E$2:$E$4000=$AB45)*('2016 E Maize Soil VWC'!$F$2:$F$4000=AI$5),'2016 E Maize Soil VWC'!$G$2:$G$4000)} -> 0.23222897 | AJ45: {=_xlfn.XLOOKUP(1,('2016 E Maize Soil VWC'!$C$2:$C$4000=$AA45)*('2016 E Maize Soil VWC'!$E$2:$E$4000=$AB45)*('2016 E Maize Soil VWC'!$F$2:$F$4000=AJ$5),'2016 E Maize Soil VWC'!$G$2:$G$4000)} -> 0.22240808 | ... AV45: {=_xlfn.XLOOKUP(1,('2016 E Maize Soil VWC'!$C$2:$C$4000=$AA45)*('2016 E Maize Soil VWC'!$E$2:$E$4000=$AB45)*('2016 E Maize Soil VWC'!$F$2:$F$4000=AV$5),'2016 E Maize Soil VWC'!$G$2:$G$4000)} -> 0.20077145 | AW45: =Z45 -> 167 | AX45: =AA45 -> 42536 | AY45: =1400*AVERAGE(AG45:AH51)+100*AVERAGE(AG52:AH52) -> 483.99925 | AZ45: =1400*AVERAGE(AC45:AF51,AI45:AL51)+100*AVERAGE(AC52:AF52,AI52:AL52) -> 483.86716 | BA45: =1400*AVERAGE(AQ45:AR51)+100*AVERAGE(AQ52:AR52) -> 467.75502 | BB45: =1400*AVERAGE(AM45:AP51,AS45:AV51)+100*AVERAGE(AM52:AP52,AS52:AV52) -> 463.15943 | BC45: =AVERAGE(AC45:AD56)*2400 -> 755.7947 | BD45: =AVERAGE(AE45:AF56)*2400 -> 738.99172 | BE45: =AVERAGE(AG45:AH54)*2000 -> 653.00429 | BF45: =AVERAGE(AI45:AJ56)*2400 -> 754.47289 | BG45: =AVERAGE(AK45:AL56)*2400 -> 757.70533 | BH45: =AVERAGE(AM45:AN56)*2400 -> 749.86994 | BI45: =AVERAGE(AO45:AP56)*2400 -> 701.51988 | BJ45: =AVERAGE(AQ45:AR54)*2000 -> 632.89344 | BK45: =AVERAGE(AS45:AT56)*2400 -> 759.44339 | BL45: =AVERAGE(AU45:AV56)*2400 -> 751.22419 | BM45: 270 | BN45: 42639
AA46: =AA45 -> 42536 | AB46: =AB45+20 -> 30 | AC46: {=_xlfn.XLOOKUP(1,('2016 E Maize Soil VWC'!$C$2:$C$4000=$AA46)*('2016 E Maize Soil VWC'!$E$2:$E$4000=$AB46)*('2016 E Maize Soil VWC'!$F$2:$F$4000=AC$5),'2016 E Maize Soil VWC'!$G$2:$G$4000)} -> 0.32429427 | AD46: {=_xlfn.XLOOKUP(1,('2016 E Maize Soil VWC'!$C$2:$C$4000=$AA46)*('2016 E Maize Soil VWC'!$E$2:$E$4000=$AB46)*('2016 E Maize Soil VWC'!$F$2:$F$4000=AD$5),'2016 E Maize Soil VWC'!$G$2:$G$4000)} -> 0.33379707 | AE46: {=_xlfn.XLOOKUP(1,('2016 E Maize Soil VWC'!$C$2:$C$4000=$AA46)*('2016 E Maize Soil VWC'!$E$2:$E$4000=$AB46)*('2016 E Maize Soil VWC'!$F$2:$F$4000=AE$5),'2016 E Maize Soil VWC'!$G$2:$G$4000)} -> 0.31918795 | AF46: {=_xlfn.XLOOKUP(1,('2016 E Maize Soil VWC'!$C$2:$C$4000=$AA46)*('2016 E Maize Soil VWC'!$E$2:$E$4000=$AB46)*('2016 E Maize Soil VWC'!$F$2:$F$4000=AF$5),'2016 E Maize Soil VWC'!$G$2:$G$4000)} -> 0.31664624 | AG46: {=_xlfn.XLOOKUP(1,('2016 E Maize Soil VWC'!$C$2:$C$4000=$AA46)*('2016 E Maize Soil VWC'!$E$2:$E$4000=$AB46)*('2016 E Maize Soil VWC'!$F$2:$F$4000=AG$5),'2016 E Maize Soil VWC'!$G$2:$G$4000)} -> 0.33143854 | AH46: {=_xlfn.XLOOKUP(1,('2016 E Maize Soil VWC'!$C$2:$C$4000=$AA46)*('2016 E Maize Soil VWC'!$E$2:$E$4000=$AB46)*('2016 E Maize Soil VWC'!$F$2:$F$4000=AH$5),'2016 E Maize Soil VWC'!$G$2:$G$4000)} -> 0.33171332 | AI46: {=_xlfn.XLOOKUP(1,('2016 E Maize Soil VWC'!$C$2:$C$4000=$AA46)*('2016 E Maize Soil VWC'!$E$2:$E$4000=$AB46)*('2016 E Maize Soil VWC'!$F$2:$F$4000=AI$5),'2016 E Maize Soil VWC'!$G$2:$G$4000)} -> 0.30657099 | AJ46: {=_xlfn.XLOOKUP(1,('2016 E Maize Soil VWC'!$C$2:$C$4000=$AA46)*('2016 E Maize Soil VWC'!$E$2:$E$4000=$AB46)*('2016 E Maize Soil VWC'!$F$2:$F$4000=AJ$5),'2016 E Maize Soil VWC'!$G$2:$G$4000)} -> 0.32637802 | ... AV46: {=_xlfn.XLOOKUP(1,('2016 E Maize Soil VWC'!$C$2:$C$4000=$AA46)*('2016 E Maize Soil VWC'!$E$2:$E$4000=$AB46)*('2016 E Maize Soil VWC'!$F$2:$F$4000=AV$5),'2016 E Maize Soil VWC'!$G$2:$G$4000)} -> 0.27852057 | BM46: 286 | BN46: 42655
AA47: =AA46 -> 42536 | AB47: =AB46+20 -> 50 | AC47: {=_xlfn.XLOOKUP(1,('2016 E Maize Soil VWC'!$C$2:$C$4000=$AA47)*('2016 E Maize Soil VWC'!$E$2:$E$4000=$AB47)*('2016 E Maize Soil VWC'!$F$2:$F$4000=AC$5),'2016 E Maize Soil VWC'!$G$2:$G$4000)} -> 0.34895575 | AD47: {=_xlfn.XLOOKUP(1,('2016 E Maize Soil VWC'!$C$2:$C$4000=$AA47)*('2016 E Maize Soil VWC'!$E$2:$E$4000=$AB47)*('2016 E Maize Soil VWC'!$F$2:$F$4000=AD$5),'2016 E Maize Soil VWC'!$G$2:$G$4000)} -> 0.35589393 | AE47: {=_xlfn.XLOOKUP(1,('2016 E Maize Soil VWC'!$C$2:$C$4000=$AA47)*('2016 E Maize Soil VWC'!$E$2:$E$4000=$AB47)*('2016 E Maize Soil VWC'!$F$2:$F$4000=AE$5),'2016 E Maize Soil VWC'!$G$2:$G$4000)} -> 0.35330642 | AF47: {=_xlfn.XLOOKUP(1,('2016 E Maize Soil VWC'!$C$2:$C$4000=$AA47)*('2016 E Maize Soil VWC'!$E$2:$E$4000=$AB47)*('2016 E Maize Soil VWC'!$F$2:$F$4000=AF$5),'2016 E Maize Soil VWC'!$G$2:$G$4000)} -> 0.34870386 | AG47: {=_xlfn.XLOOKUP(1,('2016 E Maize Soil VWC'!$C$2:$C$4000=$AA47)*('2016 E Maize Soil VWC'!$E$2:$E$4000=$AB47)*('2016 E Maize Soil VWC'!$F$2:$F$4000=AG$5),'2016 E Maize Soil VWC'!$G$2:$G$4000)} -> 0.35110819 | AH47: {=_xlfn.XLOOKUP(1,('2016 E Maize Soil VWC'!$C$2:$C$4000=$AA47)*('2016 E Maize Soil VWC'!$E$2:$E$4000=$AB47)*('2016 E Maize Soil VWC'!$F$2:$F$4000=AH$5),'2016 E Maize Soil VWC'!$G$2:$G$4000)} -> 0.35190963 | AI47: {=_xlfn.XLOOKUP(1,('2016 E Maize Soil VWC'!$C$2:$C$4000=$AA47)*('2016 E Maize Soil VWC'!$E$2:$E$4000=$AB47)*('2016 E Maize Soil VWC'!$F$2:$F$4000=AI$5),'2016 E Maize Soil VWC'!$G$2:$G$4000)} -> 0.35406207 | AJ47: {=_xlfn.XLOOKUP(1,('2016 E Maize Soil VWC'!$C$2:$C$4000=$AA47)*('2016 E Maize Soil VWC'!$E$2:$E$4000=$AB47)*('2016 E Maize Soil VWC'!$F$2:$F$4000=AJ$5),'2016 E Maize Soil VWC'!$G$2:$G$4000)} -> 0.34975719 | ... AV47: {=_xlfn.XLOOKUP(1,('2016 E Maize Soil VWC'!$C$2:$C$4000=$AA47)*('2016 E Maize Soil VWC'!$E$2:$E$4000=$AB47)*('2016 E Maize Soil VWC'!$F$2:$F$4000=AV$5),'2016 E Maize Soil VWC'!$G$2:$G$4000)} -> 0.35312324 | BM47: 302 | BN47: 42671
AA48: =AA47 -> 42536 | AB48: =AB47+20 -> 70 | AC48: {=_xlfn.XLOOKUP(1,('2016 E Maize Soil VWC'!$C$2:$C$4000=$AA48)*('2016 E Maize Soil VWC'!$E$2:$E$4000=$AB48)*('2016 E Maize Soil VWC'!$F$2:$F$4000=AC$5),'2016 E Maize Soil VWC'!$G$2:$G$4000)} -> 0.34916183 | AD48: {=_xlfn.XLOOKUP(1,('2016 E Maize Soil VWC'!$C$2:$C$4000=$AA48)*('2016 E Maize Soil VWC'!$E$2:$E$4000=$AB48)*('2016 E Maize Soil VWC'!$F$2:$F$4000=AD$5),'2016 E Maize Soil VWC'!$G$2:$G$4000)} -> 0.35181803 | AE48: {=_xlfn.XLOOKUP(1,('2016 E Maize Soil VWC'!$C$2:$C$4000=$AA48)*('2016 E Maize Soil VWC'!$E$2:$E$4000=$AB48)*('2016 E Maize Soil VWC'!$F$2:$F$4000=AE$5),'2016 E Maize Soil VWC'!$G$2:$G$4000)} -> 0.34403261 | AF48: {=_xlfn.XLOOKUP(1,('2016 E Maize Soil VWC'!$C$2:$C$4000=$AA48)*('2016 E Maize Soil VWC'!$E$2:$E$4000=$AB48)*('2016 E Maize Soil VWC'!$F$2:$F$4000=AF$5),'2016 E Maize Soil VWC'!$G$2:$G$4000)} -> 0.34004831 | AG48: {=_xlfn.XLOOKUP(1,('2016 E Maize Soil VWC'!$C$2:$C$4000=$AA48)*('2016 E Maize Soil VWC'!$E$2:$E$4000=$AB48)*('2016 E Maize Soil VWC'!$F$2:$F$4000=AG$5),'2016 E Maize Soil VWC'!$G$2:$G$4000)} -> 0.34648273 | AH48: {=_xlfn.XLOOKUP(1,('2016 E Maize Soil VWC'!$C$2:$C$4000=$AA48)*('2016 E Maize Soil VWC'!$E$2:$E$4000=$AB48)*('2016 E Maize Soil VWC'!$F$2:$F$4000=AH$5),'2016 E Maize Soil VWC'!$G$2:$G$4000)} -> 0.34190307 | AI48: {=_xlfn.XLOOKUP(1,('2016 E Maize Soil VWC'!$C$2:$C$4000=$AA48)*('2016 E Maize Soil VWC'!$E$2:$E$4000=$AB48)*('2016 E Maize Soil VWC'!$F$2:$F$4000=AI$5),'2016 E Maize Soil VWC'!$G$2:$G$4000)} -> 0.34939081 | AJ48: {=_xlfn.XLOOKUP(1,('2016 E Maize Soil VWC'!$C$2:$C$4000=$AA48)*('2016 E Maize Soil VWC'!$E$2:$E$4000=$AB48)*('2016 E Maize Soil VWC'!$F$2:$F$4000=AJ$5),'2016 E Maize Soil VWC'!$G$2:$G$4000)} -> 0.33846832 | ... AV48: {=_xlfn.XLOOKUP(1,('2016 E Maize Soil VWC'!$C$2:$C$4000=$AA48)*('2016 E Maize Soil VWC'!$E$2:$E$4000=$AB48)*('2016 E Maize Soil VWC'!$F$2:$F$4000=AV$5),'2016 E Maize Soil VWC'!$G$2:$G$4000)} -> 0.34064366
AA49: =AA48 -> 42536 | AB49: =AB48+20 -> 90 | AC49: {=_xlfn.XLOOKUP(1,('2016 E Maize Soil VWC'!$C$2:$C$4000=$AA49)*('2016 E Maize Soil VWC'!$E$2:$E$4000=$AB49)*('2016 E Maize Soil VWC'!$F$2:$F$4000=AC$5),'2016 E Maize Soil VWC'!$G$2:$G$4000)} -> 0.34199466 | AD49: {=_xlfn.XLOOKUP(1,('2016 E Maize Soil VWC'!$C$2:$C$4000=$AA49)*('2016 E Maize Soil VWC'!$E$2:$E$4000=$AB49)*('2016 E Maize Soil VWC'!$F$2:$F$4000=AD$5),'2016 E Maize Soil VWC'!$G$2:$G$4000)} -> 0.34252132 | AE49: {=_xlfn.XLOOKUP(1,('2016 E Maize Soil VWC'!$C$2:$C$4000=$AA49)*('2016 E Maize Soil VWC'!$E$2:$E$4000=$AB49)*('2016 E Maize Soil VWC'!$F$2:$F$4000=AE$5),'2016 E Maize Soil VWC'!$G$2:$G$4000)} -> 0.33631588 | AF49: {=_xlfn.XLOOKUP(1,('2016 E Maize Soil VWC'!$C$2:$C$4000=$AA49)*('2016 E Maize Soil VWC'!$E$2:$E$4000=$AB49)*('2016 E Maize Soil VWC'!$F$2:$F$4000=AF$5),'2016 E Maize Soil VWC'!$G$2:$G$4000)} -> 0.33819354 | AG49: {=_xlfn.XLOOKUP(1,('2016 E Maize Soil VWC'!$C$2:$C$4000=$AA49)*('2016 E Maize Soil VWC'!$E$2:$E$4000=$AB49)*('2016 E Maize Soil VWC'!$F$2:$F$4000=AG$5),'2016 E Maize Soil VWC'!$G$2:$G$4000)} -> 0.33975063 | AH49: {=_xlfn.XLOOKUP(1,('2016 E Maize Soil VWC'!$C$2:$C$4000=$AA49)*('2016 E Maize Soil VWC'!$E$2:$E$4000=$AB49)*('2016 E Maize Soil VWC'!$F$2:$F$4000=AH$5),'2016 E Maize Soil VWC'!$G$2:$G$4000)} -> 0.33136985 | AI49: {=_xlfn.XLOOKUP(1,('2016 E Maize Soil VWC'!$C$2:$C$4000=$AA49)*('2016 E Maize Soil VWC'!$E$2:$E$4000=$AB49)*('2016 E Maize Soil VWC'!$F$2:$F$4000=AI$5),'2016 E Maize Soil VWC'!$G$2:$G$4000)} -> 0.3387431 | AJ49: {=_xlfn.XLOOKUP(1,('2016 E Maize Soil VWC'!$C$2:$C$4000=$AA49)*('2016 E Maize Soil VWC'!$E$2:$E$4000=$AB49)*('2016 E Maize Soil VWC'!$F$2:$F$4000=AJ$5),'2016 E Maize Soil VWC'!$G$2:$G$4000)} -> 0.34032309 | ... AV49: {=_xlfn.XLOOKUP(1,('2016 E Maize Soil VWC'!$C$2:$C$4000=$AA49)*('2016 E Maize Soil VWC'!$E$2:$E$4000=$AB49)*('2016 E Maize Soil VWC'!$F$2:$F$4000=AV$5),'2016 E Maize Soil VWC'!$G$2:$G$4000)} -> 0.33523966
AA50: =AA49 -> 42536 | AB50: =AB49+20 -> 110 | AC50: {=_xlfn.XLOOKUP(1,('2016 E Maize Soil VWC'!$C$2:$C$4000=$AA50)*('2016 E Maize Soil VWC'!$E$2:$E$4000=$AB50)*('2016 E Maize Soil VWC'!$F$2:$F$4000=AC$5),'2016 E Maize Soil VWC'!$G$2:$G$4000)} -> 0.340117 | AD50: {=_xlfn.XLOOKUP(1,('2016 E Maize Soil VWC'!$C$2:$C$4000=$AA50)*('2016 E Maize Soil VWC'!$E$2:$E$4000=$AB50)*('2016 E Maize Soil VWC'!$F$2:$F$4000=AD$5),'2016 E Maize Soil VWC'!$G$2:$G$4000)} -> 0.33904078 | AE50: {=_xlfn.XLOOKUP(1,('2016 E Maize Soil VWC'!$C$2:$C$4000=$AA50)*('2016 E Maize Soil VWC'!$E$2:$E$4000=$AB50)*('2016 E Maize Soil VWC'!$F$2:$F$4000=AE$5),'2016 E Maize Soil VWC'!$G$2:$G$4000)} -> 0.33169043 | AF50: {=_xlfn.XLOOKUP(1,('2016 E Maize Soil VWC'!$C$2:$C$4000=$AA50)*('2016 E Maize Soil VWC'!$E$2:$E$4000=$AB50)*('2016 E Maize Soil VWC'!$F$2:$F$4000=AF$5),'2016 E Maize Soil VWC'!$G$2:$G$4000)} -> 0.34112453 | AG50: {=_xlfn.XLOOKUP(1,('2016 E Maize Soil VWC'!$C$2:$C$4000=$AA50)*('2016 E Maize Soil VWC'!$E$2:$E$4000=$AB50)*('2016 E Maize Soil VWC'!$F$2:$F$4000=AG$5),'2016 E Maize Soil VWC'!$G$2:$G$4000)} -> 0.34357464 | AH50: {=_xlfn.XLOOKUP(1,('2016 E Maize Soil VWC'!$C$2:$C$4000=$AA50)*('2016 E Maize Soil VWC'!$E$2:$E$4000=$AB50)*('2016 E Maize Soil VWC'!$F$2:$F$4000=AH$5),'2016 E Maize Soil VWC'!$G$2:$G$4000)} -> 0.33592661 | AI50: {=_xlfn.XLOOKUP(1,('2016 E Maize Soil VWC'!$C$2:$C$4000=$AA50)*('2016 E Maize Soil VWC'!$E$2:$E$4000=$AB50)*('2016 E Maize Soil VWC'!$F$2:$F$4000=AI$5),'2016 E Maize Soil VWC'!$G$2:$G$4000)} -> 0.34158249 | AJ50: {=_xlfn.XLOOKUP(1,('2016 E Maize Soil VWC'!$C$2:$C$4000=$AA50)*('2016 E Maize Soil VWC'!$E$2:$E$4000=$AB50)*('2016 E Maize Soil VWC'!$F$2:$F$4000=AJ$5),'2016 E Maize Soil VWC'!$G$2:$G$4000)} -> 0.34508593 | ... AV50: {=_xlfn.XLOOKUP(1,('2016 E Maize Soil VWC'!$C$2:$C$4000=$AA50)*('2016 E Maize Soil VWC'!$E$2:$E$4000=$AB50)*('2016 E Maize Soil VWC'!$F$2:$F$4000=AV$5),'2016 E Maize Soil VWC'!$G$2:$G$4000)} -> 0.33672805
AA51: =AA50 -> 42536 | AB51: =AB50+20 -> 130 | AC51: {=_xlfn.XLOOKUP(1,('2016 E Maize Soil VWC'!$C$2:$C$4000=$AA51)*('2016 E Maize Soil VWC'!$E$2:$E$4000=$AB51)*('2016 E Maize Soil VWC'!$F$2:$F$4000=AC$5),'2016 E Maize Soil VWC'!$G$2:$G$4000)} -> 0.31498552 | AD51: {=_xlfn.XLOOKUP(1,('2016 E Maize Soil VWC'!$C$2:$C$4000=$AA51)*('2016 E Maize Soil VWC'!$E$2:$E$4000=$AB51)*('2016 E Maize Soil VWC'!$F$2:$F$4000=AD$5),'2016 E Maize Soil VWC'!$G$2:$G$4000)} -> 0.31809984 | AE51: {=_xlfn.XLOOKUP(1,('2016 E Maize Soil VWC'!$C$2:$C$4000=$AA51)*('2016 E Maize Soil VWC'!$E$2:$E$4000=$AB51)*('2016 E Maize Soil VWC'!$F$2:$F$4000=AE$5),'2016 E Maize Soil VWC'!$G$2:$G$4000)} -> 0.30949653 | AF51: {=_xlfn.XLOOKUP(1,('2016 E Maize Soil VWC'!$C$2:$C$4000=$AA51)*('2016 E Maize Soil VWC'!$E$2:$E$4000=$AB51)*('2016 E Maize Soil VWC'!$F$2:$F$4000=AF$5),'2016 E Maize Soil VWC'!$G$2:$G$4000)} -> 0.30690775 | AG51: {=_xlfn.XLOOKUP(1,('2016 E Maize Soil VWC'!$C$2:$C$4000=$AA51)*('2016 E Maize Soil VWC'!$E$2:$E$4000=$AB51)*('2016 E Maize Soil VWC'!$F$2:$F$4000=AG$5),'2016 E Maize Soil VWC'!$G$2:$G$4000)} -> 0.31229942 | AH51: {=_xlfn.XLOOKUP(1,('2016 E Maize Soil VWC'!$C$2:$C$4000=$AA51)*('2016 E Maize Soil VWC'!$E$2:$E$4000=$AB51)*('2016 E Maize Soil VWC'!$F$2:$F$4000=AH$5),'2016 E Maize Soil VWC'!$G$2:$G$4000)} -> 0.30827027 | AI51: {=_xlfn.XLOOKUP(1,('2016 E Maize Soil VWC'!$C$2:$C$4000=$AA51)*('2016 E Maize Soil VWC'!$E$2:$E$4000=$AB51)*('2016 E Maize Soil VWC'!$F$2:$F$4000=AI$5),'2016 E Maize Soil VWC'!$G$2:$G$4000)} -> 0.31350622 | AJ51: {=_xlfn.XLOOKUP(1,('2016 E Maize Soil VWC'!$C$2:$C$4000=$AA51)*('2016 E Maize Soil VWC'!$E$2:$E$4000=$AB51)*('2016 E Maize Soil VWC'!$F$2:$F$4000=AJ$5),'2016 E Maize Soil VWC'!$G$2:$G$4000)} -> 0.34254726 | ... AV51: {=_xlfn.XLOOKUP(1,('2016 E Maize Soil VWC'!$C$2:$C$4000=$AA51)*('2016 E Maize Soil VWC'!$E$2:$E$4000=$AB51)*('2016 E Maize Soil VWC'!$F$2:$F$4000=AV$5),'2016 E Maize Soil VWC'!$G$2:$G$4000)} -> 0.30344307
AA52: =AA51 -> 42536 | AB52: =AB51+20 -> 150 | AC52: {=_xlfn.XLOOKUP(1,('2016 E Maize Soil VWC'!$C$2:$C$4000=$AA52)*('2016 E Maize Soil VWC'!$E$2:$E$4000=$AB52)*('2016 E Maize Soil VWC'!$F$2:$F$4000=AC$5),'2016 E Maize Soil VWC'!$G$2:$G$4000)} -> 0.33947187 | AD52: {=_xlfn.XLOOKUP(1,('2016 E Maize Soil VWC'!$C$2:$C$4000=$AA52)*('2016 E Maize Soil VWC'!$E$2:$E$4000=$AB52)*('2016 E Maize Soil VWC'!$F$2:$F$4000=AD$5),'2016 E Maize Soil VWC'!$G$2:$G$4000)} -> 0.33515075 | AE52: {=_xlfn.XLOOKUP(1,('2016 E Maize Soil VWC'!$C$2:$C$4000=$AA52)*('2016 E Maize Soil VWC'!$E$2:$E$4000=$AB52)*('2016 E Maize Soil VWC'!$F$2:$F$4000=AE$5),'2016 E Maize Soil VWC'!$G$2:$G$4000)} -> 0.32530171 | AF52: {=_xlfn.XLOOKUP(1,('2016 E Maize Soil VWC'!$C$2:$C$4000=$AA52)*('2016 E Maize Soil VWC'!$E$2:$E$4000=$AB52)*('2016 E Maize Soil VWC'!$F$2:$F$4000=AF$5),'2016 E Maize Soil VWC'!$G$2:$G$4000)} -> 0.30239199 | AG52: {=_xlfn.XLOOKUP(1,('2016 E Maize Soil VWC'!$C$2:$C$4000=$AA52)*('2016 E Maize Soil VWC'!$E$2:$E$4000=$AB52)*('2016 E Maize Soil VWC'!$F$2:$F$4000=AG$5),'2016 E Maize Soil VWC'!$G$2:$G$4000)} -> 0.35646438 | AH52: {=_xlfn.XLOOKUP(1,('2016 E Maize Soil VWC'!$C$2:$C$4000=$AA52)*('2016 E Maize Soil VWC'!$E$2:$E$4000=$AB52)*('2016 E Maize Soil VWC'!$F$2:$F$4000=AH$5),'2016 E Maize Soil VWC'!$G$2:$G$4000)} -> 0.34437692 | AI52: {=_xlfn.XLOOKUP(1,('2016 E Maize Soil VWC'!$C$2:$C$4000=$AA52)*('2016 E Maize Soil VWC'!$E$2:$E$4000=$AB52)*('2016 E Maize Soil VWC'!$F$2:$F$4000=AI$5),'2016 E Maize Soil VWC'!$G$2:$G$4000)} -> 0.33456681 | AJ52: {=_xlfn.XLOOKUP(1,('2016 E Maize Soil VWC'!$C$2:$C$4000=$AA52)*('2016 E Maize Soil VWC'!$E$2:$E$4000=$AB52)*('2016 E Maize Soil VWC'!$F$2:$F$4000=AJ$5),'2016 E Maize Soil VWC'!$G$2:$G$4000)} -> 0.34336477 | ... AV52: {=_xlfn.XLOOKUP(1,('2016 E Maize Soil VWC'!$C$2:$C$4000=$AA52)*('2016 E Maize Soil VWC'!$E$2:$E$4000=$AB52)*('2016 E Maize Soil VWC'!$F$2:$F$4000=AV$5),'2016 E Maize Soil VWC'!$G$2:$G$4000)} -> 0.34682945
AA53: =AA52 -> 42536 | AB53: =AB52+20 -> 170 | AC53: {=_xlfn.XLOOKUP(1,('2016 E Maize Soil VWC'!$C$2:$C$4000=$AA53)*('2016 E Maize Soil VWC'!$E$2:$E$4000=$AB53)*('2016 E Maize Soil VWC'!$F$2:$F$4000=AC$5),'2016 E Maize Soil VWC'!$G$2:$G$4000)} -> 0.28434839 | AD53: {=_xlfn.XLOOKUP(1,('2016 E Maize Soil VWC'!$C$2:$C$4000=$AA53)*('2016 E Maize Soil VWC'!$E$2:$E$4000=$AB53)*('2016 E Maize Soil VWC'!$F$2:$F$4000=AD$5),'2016 E Maize Soil VWC'!$G$2:$G$4000)} -> 0.27605651 | AE53: {=_xlfn.XLOOKUP(1,('2016 E Maize Soil VWC'!$C$2:$C$4000=$AA53)*('2016 E Maize Soil VWC'!$E$2:$E$4000=$AB53)*('2016 E Maize Soil VWC'!$F$2:$F$4000=AE$5),'2016 E Maize Soil VWC'!$G$2:$G$4000)} -> 0.29530691 | AF53: {=_xlfn.XLOOKUP(1,('2016 E Maize Soil VWC'!$C$2:$C$4000=$AA53)*('2016 E Maize Soil VWC'!$E$2:$E$4000=$AB53)*('2016 E Maize Soil VWC'!$F$2:$F$4000=AF$5),'2016 E Maize Soil VWC'!$G$2:$G$4000)} -> 0.29793462 | AG53: {=_xlfn.XLOOKUP(1,('2016 E Maize Soil VWC'!$C$2:$C$4000=$AA53)*('2016 E Maize Soil VWC'!$E$2:$E$4000=$AB53)*('2016 E Maize Soil VWC'!$F$2:$F$4000=AG$5),'2016 E Maize Soil VWC'!$G$2:$G$4000)} -> 0.32668369 | AH53: {=_xlfn.XLOOKUP(1,('2016 E Maize Soil VWC'!$C$2:$C$4000=$AA53)*('2016 E Maize Soil VWC'!$E$2:$E$4000=$AB53)*('2016 E Maize Soil VWC'!$F$2:$F$4000=AH$5),'2016 E Maize Soil VWC'!$G$2:$G$4000)} -> 0.33244518 | AI53: {=_xlfn.XLOOKUP(1,('2016 E Maize Soil VWC'!$C$2:$C$4000=$AA53)*('2016 E Maize Soil VWC'!$E$2:$E$4000=$AB53)*('2016 E Maize Soil VWC'!$F$2:$F$4000=AI$5),'2016 E Maize Soil VWC'!$G$2:$G$4000)} -> 0.30344307 | AJ53: {=_xlfn.XLOOKUP(1,('2016 E Maize Soil VWC'!$C$2:$C$4000=$AA53)*('2016 E Maize Soil VWC'!$E$2:$E$4000=$AB53)*('2016 E Maize Soil VWC'!$F$2:$F$4000=AJ$5),'2016 E Maize Soil VWC'!$G$2:$G$4000)} -> 0.30642114 | ... AV53: {=_xlfn.XLOOKUP(1,('2016 E Maize Soil VWC'!$C$2:$C$4000=$AA53)*('2016 E Maize Soil VWC'!$E$2:$E$4000=$AB53)*('2016 E Maize Soil VWC'!$F$2:$F$4000=AV$5),'2016 E Maize Soil VWC'!$G$2:$G$4000)} -> 0.32413384
AA54: =AA53 -> 42536 | AB54: =AB53+20 -> 190 | AC54: {=_xlfn.XLOOKUP(1,('2016 E Maize Soil VWC'!$C$2:$C$4000=$AA54)*('2016 E Maize Soil VWC'!$E$2:$E$4000=$AB54)*('2016 E Maize Soil VWC'!$F$2:$F$4000=AC$5),'2016 E Maize Soil VWC'!$G$2:$G$4000)} -> 0.28726807 | AD54: {=_xlfn.XLOOKUP(1,('2016 E Maize Soil VWC'!$C$2:$C$4000=$AA54)*('2016 E Maize Soil VWC'!$E$2:$E$4000=$AB54)*('2016 E Maize Soil VWC'!$F$2:$F$4000=AD$5),'2016 E Maize Soil VWC'!$G$2:$G$4000)} -> 0.30077643 | AE54: {=_xlfn.XLOOKUP(1,('2016 E Maize Soil VWC'!$C$2:$C$4000=$AA54)*('2016 E Maize Soil VWC'!$E$2:$E$4000=$AB54)*('2016 E Maize Soil VWC'!$F$2:$F$4000=AE$5),'2016 E Maize Soil VWC'!$G$2:$G$4000)} -> 0.29647478 | AF54: {=_xlfn.XLOOKUP(1,('2016 E Maize Soil VWC'!$C$2:$C$4000=$AA54)*('2016 E Maize Soil VWC'!$E$2:$E$4000=$AB54)*('2016 E Maize Soil VWC'!$F$2:$F$4000=AF$5),'2016 E Maize Soil VWC'!$G$2:$G$4000)} -> 0.29297117 | AG54: {=_xlfn.XLOOKUP(1,('2016 E Maize Soil VWC'!$C$2:$C$4000=$AA54)*('2016 E Maize Soil VWC'!$E$2:$E$4000=$AB54)*('2016 E Maize Soil VWC'!$F$2:$F$4000=AG$5),'2016 E Maize Soil VWC'!$G$2:$G$4000)} -> 0.33246465 | AH54: {=_xlfn.XLOOKUP(1,('2016 E Maize Soil VWC'!$C$2:$C$4000=$AA54)*('2016 E Maize Soil VWC'!$E$2:$E$4000=$AB54)*('2016 E Maize Soil VWC'!$F$2:$F$4000=AH$5),'2016 E Maize Soil VWC'!$G$2:$G$4000)} -> 0.34803625 | AI54: {=_xlfn.XLOOKUP(1,('2016 E Maize Soil VWC'!$C$2:$C$4000=$AA54)*('2016 E Maize Soil VWC'!$E$2:$E$4000=$AB54)*('2016 E Maize Soil VWC'!$F$2:$F$4000=AI$5),'2016 E Maize Soil VWC'!$G$2:$G$4000)} -> 0.28812451 | AJ54: {=_xlfn.XLOOKUP(1,('2016 E Maize Soil VWC'!$C$2:$C$4000=$AA54)*('2016 E Maize Soil VWC'!$E$2:$E$4000=$AB54)*('2016 E Maize Soil VWC'!$F$2:$F$4000=AJ$5),'2016 E Maize Soil VWC'!$G$2:$G$4000)} -> 0.29664996 | ... AV54: {=_xlfn.XLOOKUP(1,('2016 E Maize Soil VWC'!$C$2:$C$4000=$AA54)*('2016 E Maize Soil VWC'!$E$2:$E$4000=$AB54)*('2016 E Maize Soil VWC'!$F$2:$F$4000=AV$5),'2016 E Maize Soil VWC'!$G$2:$G$4000)} -> 0.3082508
AA55: =AA54 -> 42536 | AB55: =AB54+20 -> 210 | AC55: {=_xlfn.XLOOKUP(1,('2016 E Maize Soil VWC'!$C$2:$C$4000=$AA55)*('2016 E Maize Soil VWC'!$E$2:$E$4000=$AB55)*('2016 E Maize Soil VWC'!$F$2:$F$4000=AC$5),'2016 E Maize Soil VWC'!$G$2:$G$4000)} -> 0.30398808 | AD55: {=_xlfn.XLOOKUP(1,('2016 E Maize Soil VWC'!$C$2:$C$4000=$AA55)*('2016 E Maize Soil VWC'!$E$2:$E$4000=$AB55)*('2016 E Maize Soil VWC'!$F$2:$F$4000=AD$5),'2016 E Maize Soil VWC'!$G$2:$G$4000)} -> 0.29820712 | AE55: {=_xlfn.XLOOKUP(1,('2016 E Maize Soil VWC'!$C$2:$C$4000=$AA55)*('2016 E Maize Soil VWC'!$E$2:$E$4000=$AB55)*('2016 E Maize Soil VWC'!$F$2:$F$4000=AE$5),'2016 E Maize Soil VWC'!$G$2:$G$4000)} -> 0.27860636 | AF55: {=_xlfn.XLOOKUP(1,('2016 E Maize Soil VWC'!$C$2:$C$4000=$AA55)*('2016 E Maize Soil VWC'!$E$2:$E$4000=$AB55)*('2016 E Maize Soil VWC'!$F$2:$F$4000=AF$5),'2016 E Maize Soil VWC'!$G$2:$G$4000)} -> 0.28837754 | AG55: {=_xlfn.XLOOKUP(1,('2016 E Maize Soil VWC'!$C$2:$C$4000=$AA55)*('2016 E Maize Soil VWC'!$E$2:$E$4000=$AB55)*('2016 E Maize Soil VWC'!$F$2:$F$4000=AG$5),'2016 E Maize Soil VWC'!$G$2:$G$4000)} -> #N/A | AH55: {=_xlfn.XLOOKUP(1,('2016 E Maize Soil VWC'!$C$2:$C$4000=$AA55)*('2016 E Maize Soil VWC'!$E$2:$E$4000=$AB55)*('2016 E Maize Soil VWC'!$F$2:$F$4000=AH$5),'2016 E Maize Soil VWC'!$G$2:$G$4000)} -> #N/A | AI55: {=_xlfn.XLOOKUP(1,('2016 E Maize Soil VWC'!$C$2:$C$4000=$AA55)*('2016 E Maize Soil VWC'!$E$2:$E$4000=$AB55)*('2016 E Maize Soil VWC'!$F$2:$F$4000=AI$5),'2016 E Maize Soil VWC'!$G$2:$G$4000)} -> 0.28179854 | AJ55: {=_xlfn.XLOOKUP(1,('2016 E Maize Soil VWC'!$C$2:$C$4000=$AA55)*('2016 E Maize Soil VWC'!$E$2:$E$4000=$AB55)*('2016 E Maize Soil VWC'!$F$2:$F$4000=AJ$5),'2016 E Maize Soil VWC'!$G$2:$G$4000)} -> 0.30032875 | ... AV55: {=_xlfn.XLOOKUP(1,('2016 E Maize Soil VWC'!$C$2:$C$4000=$AA55)*('2016 E Maize Soil VWC'!$E$2:$E$4000=$AB55)*('2016 E Maize Soil VWC'!$F$2:$F$4000=AV$5),'2016 E Maize Soil VWC'!$G$2:$G$4000)} -> 0.30459148
AA56: =AA55 -> 42536 | AB56: =AB55+20 -> 230 | AC56: {=_xlfn.XLOOKUP(1,('2016 E Maize Soil VWC'!$C$2:$C$4000=$AA56)*('2016 E Maize Soil VWC'!$E$2:$E$4000=$AB56)*('2016 E Maize Soil VWC'!$F$2:$F$4000=AC$5),'2016 E Maize Soil VWC'!$G$2:$G$4000)} -> 0.29497601 | AD56: {=_xlfn.XLOOKUP(1,('2016 E Maize Soil VWC'!$C$2:$C$4000=$AA56)*('2016 E Maize Soil VWC'!$E$2:$E$4000=$AB56)*('2016 E Maize Soil VWC'!$F$2:$F$4000=AD$5),'2016 E Maize Soil VWC'!$G$2:$G$4000)} -> 0.29896623 | AE56: {=_xlfn.XLOOKUP(1,('2016 E Maize Soil VWC'!$C$2:$C$4000=$AA56)*('2016 E Maize Soil VWC'!$E$2:$E$4000=$AB56)*('2016 E Maize Soil VWC'!$F$2:$F$4000=AE$5),'2016 E Maize Soil VWC'!$G$2:$G$4000)} -> 0.27800296 | AF56: {=_xlfn.XLOOKUP(1,('2016 E Maize Soil VWC'!$C$2:$C$4000=$AA56)*('2016 E Maize Soil VWC'!$E$2:$E$4000=$AB56)*('2016 E Maize Soil VWC'!$F$2:$F$4000=AF$5),'2016 E Maize Soil VWC'!$G$2:$G$4000)} -> 0.27726331 | AG56: {=_xlfn.XLOOKUP(1,('2016 E Maize Soil VWC'!$C$2:$C$4000=$AA56)*('2016 E Maize Soil VWC'!$E$2:$E$4000=$AB56)*('2016 E Maize Soil VWC'!$F$2:$F$4000=AG$5),'2016 E Maize Soil VWC'!$G$2:$G$4000)} -> #N/A | AH56: {=_xlfn.XLOOKUP(1,('2016 E Maize Soil VWC'!$C$2:$C$4000=$AA56)*('2016 E Maize Soil VWC'!$E$2:$E$4000=$AB56)*('2016 E Maize Soil VWC'!$F$2:$F$4000=AH$5),'2016 E Maize Soil VWC'!$G$2:$G$4000)} -> #N/A | AI56: {=_xlfn.XLOOKUP(1,('2016 E Maize Soil VWC'!$C$2:$C$4000=$AA56)*('2016 E Maize Soil VWC'!$E$2:$E$4000=$AB56)*('2016 E Maize Soil VWC'!$F$2:$F$4000=AI$5),'2016 E Maize Soil VWC'!$G$2:$G$4000)} -> 0.28374499 | AJ56: {=_xlfn.XLOOKUP(1,('2016 E Maize Soil VWC'!$C$2:$C$4000=$AA56)*('2016 E Maize Soil VWC'!$E$2:$E$4000=$AB56)*('2016 E Maize Soil VWC'!$F$2:$F$4000=AJ$5),'2016 E Maize Soil VWC'!$G$2:$G$4000)} -> 0.30523381 | ... AV56: {=_xlfn.XLOOKUP(1,('2016 E Maize Soil VWC'!$C$2:$C$4000=$AA56)*('2016 E Maize Soil VWC'!$E$2:$E$4000=$AB56)*('2016 E Maize Soil VWC'!$F$2:$F$4000=AV$5),'2016 E Maize Soil VWC'!$G$2:$G$4000)} -> 0.30871795
Y58: 2016 | Z58: 173 | AA58: =DATE(Y58,1,Z58) -> 42542 | AB58: 10 | AC58: {=_xlfn.XLOOKUP(1,('2016 E Maize Soil VWC'!$C$2:$C$4000=$AA58)*('2016 E Maize Soil VWC'!$E$2:$E$4000=$AB58)*('2016 E Maize Soil VWC'!$F$2:$F$4000=AC$5),'2016 E Maize Soil VWC'!$G$2:$G$4000)} -> 0.18721019 | AD58: {=_xlfn.XLOOKUP(1,('2016 E Maize Soil VWC'!$C$2:$C$4000=$AA58)*('2016 E Maize Soil VWC'!$E$2:$E$4000=$AB58)*('2016 E Maize Soil VWC'!$F$2:$F$4000=AD$5),'2016 E Maize Soil VWC'!$G$2:$G$4000)} -> 0.20182642 | AE58: {=_xlfn.XLOOKUP(1,('2016 E Maize Soil VWC'!$C$2:$C$4000=$AA58)*('2016 E Maize Soil VWC'!$E$2:$E$4000=$AB58)*('2016 E Maize Soil VWC'!$F$2:$F$4000=AE$5),'2016 E Maize Soil VWC'!$G$2:$G$4000)} -> 0.20362948 | AF58: {=_xlfn.XLOOKUP(1,('2016 E Maize Soil VWC'!$C$2:$C$4000=$AA58)*('2016 E Maize Soil VWC'!$E$2:$E$4000=$AB58)*('2016 E Maize Soil VWC'!$F$2:$F$4000=AF$5),'2016 E Maize Soil VWC'!$G$2:$G$4000)} -> 0.2075233 | AG58: {=_xlfn.XLOOKUP(1,('2016 E Maize Soil VWC'!$C$2:$C$4000=$AA58)*('2016 E Maize Soil VWC'!$E$2:$E$4000=$AB58)*('2016 E Maize Soil VWC'!$F$2:$F$4000=AG$5),'2016 E Maize Soil VWC'!$G$2:$G$4000)} -> 0.19495948 | AH58: {=_xlfn.XLOOKUP(1,('2016 E Maize Soil VWC'!$C$2:$C$4000=$AA58)*('2016 E Maize Soil VWC'!$E$2:$E$4000=$AB58)*('2016 E Maize Soil VWC'!$F$2:$F$4000=AH$5),'2016 E Maize Soil VWC'!$G$2:$G$4000)} -> 0.18995313 | AI58: {=_xlfn.XLOOKUP(1,('2016 E Maize Soil VWC'!$C$2:$C$4000=$AA58)*('2016 E Maize Soil VWC'!$E$2:$E$4000=$AB58)*('2016 E Maize Soil VWC'!$F$2:$F$4000=AI$5),'2016 E Maize Soil VWC'!$G$2:$G$4000)} -> 0.19747224 | AJ58: {=_xlfn.XLOOKUP(1,('2016 E Maize Soil VWC'!$C$2:$C$4000=$AA58)*('2016 E Maize Soil VWC'!$E$2:$E$4000=$AB58)*('2016 E Maize Soil VWC'!$F$2:$F$4000=AJ$5),'2016 E Maize Soil VWC'!$G$2:$G$4000)} -> 0.20470364 | ... AV58: {=_xlfn.XLOOKUP(1,('2016 E Maize Soil VWC'!$C$2:$C$4000=$AA58)*('2016 E Maize Soil VWC'!$E$2:$E$4000=$AB58)*('2016 E Maize Soil VWC'!$F$2:$F$4000=AV$5),'2016 E Maize Soil VWC'!$G$2:$G$4000)} -> 0.1792499 | AW58: =Z58 -> 173 | AX58: =AA58 -> 42542 | AY58: =1400*AVERAGE(AG58:AH64)+100*AVERAGE(AG65:AH65) -> 469.5723 | AZ58: =1400*AVERAGE(AC58:AF64,AI58:AL64)+100*AVERAGE(AC65:AF65,AI65:AL65) -> 473.4016 | BA58: =1400*AVERAGE(AQ58:AR64)+100*AVERAGE(AQ65:AR65) -> 453.1181 | BB58: =1400*AVERAGE(AM58:AP64,AS58:AV64)+100*AVERAGE(AM65:AP65,AS65:AV65) -> 452.60329 | BC58: =AVERAGE(AC58:AD69)*2400 -> 744.90153 | BD58: =AVERAGE(AE58:AF69)*2400 -> 734.60264 | BE58: =AVERAGE(AG58:AH67)*2000 -> 640.16953 | BF58: =AVERAGE(AI58:AJ69)*2400 -> 749.95769 | BG58: =AVERAGE(AK58:AL69)*2400 -> 749.83116 | BH58: =AVERAGE(AM58:AN69)*2400 -> 733.50856 | BI58: =AVERAGE(AO58:AP69)*2400 -> 706.04695 | BJ58: =AVERAGE(AQ58:AR67)*2000 -> 619.2784 | BK58: =AVERAGE(AS58:AT69)*2400 -> 749.27822 | BL58: =AVERAGE(AU58:AV69)*2400 -> 742.59315
AA59: =AA58 -> 42542 | AB59: =AB58+20 -> 30 | AC59: {=_xlfn.XLOOKUP(1,('2016 E Maize Soil VWC'!$C$2:$C$4000=$AA59)*('2016 E Maize Soil VWC'!$E$2:$E$4000=$AB59)*('2016 E Maize Soil VWC'!$F$2:$F$4000=AC$5),'2016 E Maize Soil VWC'!$G$2:$G$4000)} -> 0.27547509 | AD59: {=_xlfn.XLOOKUP(1,('2016 E Maize Soil VWC'!$C$2:$C$4000=$AA59)*('2016 E Maize Soil VWC'!$E$2:$E$4000=$AB59)*('2016 E Maize Soil VWC'!$F$2:$F$4000=AD$5),'2016 E Maize Soil VWC'!$G$2:$G$4000)} -> 0.31103616 | AE59: {=_xlfn.XLOOKUP(1,('2016 E Maize Soil VWC'!$C$2:$C$4000=$AA59)*('2016 E Maize Soil VWC'!$E$2:$E$4000=$AB59)*('2016 E Maize Soil VWC'!$F$2:$F$4000=AE$5),'2016 E Maize Soil VWC'!$G$2:$G$4000)} -> 0.29319838 | AF59: {=_xlfn.XLOOKUP(1,('2016 E Maize Soil VWC'!$C$2:$C$4000=$AA59)*('2016 E Maize Soil VWC'!$E$2:$E$4000=$AB59)*('2016 E Maize Soil VWC'!$F$2:$F$4000=AF$5),'2016 E Maize Soil VWC'!$G$2:$G$4000)} -> 0.29246563 | AG59: {=_xlfn.XLOOKUP(1,('2016 E Maize Soil VWC'!$C$2:$C$4000=$AA59)*('2016 E Maize Soil VWC'!$E$2:$E$4000=$AB59)*('2016 E Maize Soil VWC'!$F$2:$F$4000=AG$5),'2016 E Maize Soil VWC'!$G$2:$G$4000)} -> 0.30705185 | AH59: {=_xlfn.XLOOKUP(1,('2016 E Maize Soil VWC'!$C$2:$C$4000=$AA59)*('2016 E Maize Soil VWC'!$E$2:$E$4000=$AB59)*('2016 E Maize Soil VWC'!$F$2:$F$4000=AH$5),'2016 E Maize Soil VWC'!$G$2:$G$4000)} -> 0.30590694 | AI59: {=_xlfn.XLOOKUP(1,('2016 E Maize Soil VWC'!$C$2:$C$4000=$AA59)*('2016 E Maize Soil VWC'!$E$2:$E$4000=$AB59)*('2016 E Maize Soil VWC'!$F$2:$F$4000=AI$5),'2016 E Maize Soil VWC'!$G$2:$G$4000)} -> 0.29896875 | AJ59: {=_xlfn.XLOOKUP(1,('2016 E Maize Soil VWC'!$C$2:$C$4000=$AA59)*('2016 E Maize Soil VWC'!$E$2:$E$4000=$AB59)*('2016 E Maize Soil VWC'!$F$2:$F$4000=AJ$5),'2016 E Maize Soil VWC'!$G$2:$G$4000)} -> 0.31231846 | ... AV59: {=_xlfn.XLOOKUP(1,('2016 E Maize Soil VWC'!$C$2:$C$4000=$AA59)*('2016 E Maize Soil VWC'!$E$2:$E$4000=$AB59)*('2016 E Maize Soil VWC'!$F$2:$F$4000=AV$5),'2016 E Maize Soil VWC'!$G$2:$G$4000)} -> 0.27323106
AA60: =AA59 -> 42542 | AB60: =AB59+20 -> 50 | AC60: {=_xlfn.XLOOKUP(1,('2016 E Maize Soil VWC'!$C$2:$C$4000=$AA60)*('2016 E Maize Soil VWC'!$E$2:$E$4000=$AB60)*('2016 E Maize Soil VWC'!$F$2:$F$4000=AC$5),'2016 E Maize Soil VWC'!$G$2:$G$4000)} -> 0.34932212 | AD60: {=_xlfn.XLOOKUP(1,('2016 E Maize Soil VWC'!$C$2:$C$4000=$AA60)*('2016 E Maize Soil VWC'!$E$2:$E$4000=$AB60)*('2016 E Maize Soil VWC'!$F$2:$F$4000=AD$5),'2016 E Maize Soil VWC'!$G$2:$G$4000)} -> 0.35662668 | AE60: {=_xlfn.XLOOKUP(1,('2016 E Maize Soil VWC'!$C$2:$C$4000=$AA60)*('2016 E Maize Soil VWC'!$E$2:$E$4000=$AB60)*('2016 E Maize Soil VWC'!$F$2:$F$4000=AE$5),'2016 E Maize Soil VWC'!$G$2:$G$4000)} -> 0.35511539 | AF60: {=_xlfn.XLOOKUP(1,('2016 E Maize Soil VWC'!$C$2:$C$4000=$AA60)*('2016 E Maize Soil VWC'!$E$2:$E$4000=$AB60)*('2016 E Maize Soil VWC'!$F$2:$F$4000=AF$5),'2016 E Maize Soil VWC'!$G$2:$G$4000)} -> 0.34169698 | AG60: {=_xlfn.XLOOKUP(1,('2016 E Maize Soil VWC'!$C$2:$C$4000=$AA60)*('2016 E Maize Soil VWC'!$E$2:$E$4000=$AB60)*('2016 E Maize Soil VWC'!$F$2:$F$4000=AG$5),'2016 E Maize Soil VWC'!$G$2:$G$4000)} -> 0.34339146 | AH60: {=_xlfn.XLOOKUP(1,('2016 E Maize Soil VWC'!$C$2:$C$4000=$AA60)*('2016 E Maize Soil VWC'!$E$2:$E$4000=$AB60)*('2016 E Maize Soil VWC'!$F$2:$F$4000=AH$5),'2016 E Maize Soil VWC'!$G$2:$G$4000)} -> 0.34451347 | AI60: {=_xlfn.XLOOKUP(1,('2016 E Maize Soil VWC'!$C$2:$C$4000=$AA60)*('2016 E Maize Soil VWC'!$E$2:$E$4000=$AB60)*('2016 E Maize Soil VWC'!$F$2:$F$4000=AI$5),'2016 E Maize Soil VWC'!$G$2:$G$4000)} -> 0.35142876 | AJ60: {=_xlfn.XLOOKUP(1,('2016 E Maize Soil VWC'!$C$2:$C$4000=$AA60)*('2016 E Maize Soil VWC'!$E$2:$E$4000=$AB60)*('2016 E Maize Soil VWC'!$F$2:$F$4000=AJ$5),'2016 E Maize Soil VWC'!$G$2:$G$4000)} -> 0.34737576 | ... AV60: {=_xlfn.XLOOKUP(1,('2016 E Maize Soil VWC'!$C$2:$C$4000=$AA60)*('2016 E Maize Soil VWC'!$E$2:$E$4000=$AB60)*('2016 E Maize Soil VWC'!$F$2:$F$4000=AV$5),'2016 E Maize Soil VWC'!$G$2:$G$4000)} -> 0.35477191
AA61: =AA60 -> 42542 | AB61: =AB60+20 -> 70 | AC61: {=_xlfn.XLOOKUP(1,('2016 E Maize Soil VWC'!$C$2:$C$4000=$AA61)*('2016 E Maize Soil VWC'!$E$2:$E$4000=$AB61)*('2016 E Maize Soil VWC'!$F$2:$F$4000=AC$5),'2016 E Maize Soil VWC'!$G$2:$G$4000)} -> 0.35266527 | AD61: {=_xlfn.XLOOKUP(1,('2016 E Maize Soil VWC'!$C$2:$C$4000=$AA61)*('2016 E Maize Soil VWC'!$E$2:$E$4000=$AB61)*('2016 E Maize Soil VWC'!$F$2:$F$4000=AD$5),'2016 E Maize Soil VWC'!$G$2:$G$4000)} -> 0.35062732 | AE61: {=_xlfn.XLOOKUP(1,('2016 E Maize Soil VWC'!$C$2:$C$4000=$AA61)*('2016 E Maize Soil VWC'!$E$2:$E$4000=$AB61)*('2016 E Maize Soil VWC'!$F$2:$F$4000=AE$5),'2016 E Maize Soil VWC'!$G$2:$G$4000)} -> 0.34655142 | AF61: {=_xlfn.XLOOKUP(1,('2016 E Maize Soil VWC'!$C$2:$C$4000=$AA61)*('2016 E Maize Soil VWC'!$E$2:$E$4000=$AB61)*('2016 E Maize Soil VWC'!$F$2:$F$4000=AF$5),'2016 E Maize Soil VWC'!$G$2:$G$4000)} -> 0.34066656 | AG61: {=_xlfn.XLOOKUP(1,('2016 E Maize Soil VWC'!$C$2:$C$4000=$AA61)*('2016 E Maize Soil VWC'!$E$2:$E$4000=$AB61)*('2016 E Maize Soil VWC'!$F$2:$F$4000=AG$5),'2016 E Maize Soil VWC'!$G$2:$G$4000)} -> 0.34222364 | AH61: {=_xlfn.XLOOKUP(1,('2016 E Maize Soil VWC'!$C$2:$C$4000=$AA61)*('2016 E Maize Soil VWC'!$E$2:$E$4000=$AB61)*('2016 E Maize Soil VWC'!$F$2:$F$4000=AH$5),'2016 E Maize Soil VWC'!$G$2:$G$4000)} -> 0.34066656 | AI61: {=_xlfn.XLOOKUP(1,('2016 E Maize Soil VWC'!$C$2:$C$4000=$AA61)*('2016 E Maize Soil VWC'!$E$2:$E$4000=$AB61)*('2016 E Maize Soil VWC'!$F$2:$F$4000=AI$5),'2016 E Maize Soil VWC'!$G$2:$G$4000)} -> 0.34618505 | AJ61: {=_xlfn.XLOOKUP(1,('2016 E Maize Soil VWC'!$C$2:$C$4000=$AA61)*('2016 E Maize Soil VWC'!$E$2:$E$4000=$AB61)*('2016 E Maize Soil VWC'!$F$2:$F$4000=AJ$5),'2016 E Maize Soil VWC'!$G$2:$G$4000)} -> 0.34320827 | ... AV61: {=_xlfn.XLOOKUP(1,('2016 E Maize Soil VWC'!$C$2:$C$4000=$AA61)*('2016 E Maize Soil VWC'!$E$2:$E$4000=$AB61)*('2016 E Maize Soil VWC'!$F$2:$F$4000=AV$5),'2016 E Maize Soil VWC'!$G$2:$G$4000)} -> 0.34293349
AA62: =AA61 -> 42542 | AB62: =AB61+20 -> 90 | AC62: {=_xlfn.XLOOKUP(1,('2016 E Maize Soil VWC'!$C$2:$C$4000=$AA62)*('2016 E Maize Soil VWC'!$E$2:$E$4000=$AB62)*('2016 E Maize Soil VWC'!$F$2:$F$4000=AC$5),'2016 E Maize Soil VWC'!$G$2:$G$4000)} -> 0.3454752 | AD62: {=_xlfn.XLOOKUP(1,('2016 E Maize Soil VWC'!$C$2:$C$4000=$AA62)*('2016 E Maize Soil VWC'!$E$2:$E$4000=$AB62)*('2016 E Maize Soil VWC'!$F$2:$F$4000=AD$5),'2016 E Maize Soil VWC'!$G$2:$G$4000)} -> 0.3468262 | AE62: {=_xlfn.XLOOKUP(1,('2016 E Maize Soil VWC'!$C$2:$C$4000=$AA62)*('2016 E Maize Soil VWC'!$E$2:$E$4000=$AB62)*('2016 E Maize Soil VWC'!$F$2:$F$4000=AE$5),'2016 E Maize Soil VWC'!$G$2:$G$4000)} -> 0.33762109 | AF62: {=_xlfn.XLOOKUP(1,('2016 E Maize Soil VWC'!$C$2:$C$4000=$AA62)*('2016 E Maize Soil VWC'!$E$2:$E$4000=$AB62)*('2016 E Maize Soil VWC'!$F$2:$F$4000=AF$5),'2016 E Maize Soil VWC'!$G$2:$G$4000)} -> 0.34201756 | AG62: {=_xlfn.XLOOKUP(1,('2016 E Maize Soil VWC'!$C$2:$C$4000=$AA62)*('2016 E Maize Soil VWC'!$E$2:$E$4000=$AB62)*('2016 E Maize Soil VWC'!$F$2:$F$4000=AG$5),'2016 E Maize Soil VWC'!$G$2:$G$4000)} -> 0.34036888 | AH62: {=_xlfn.XLOOKUP(1,('2016 E Maize Soil VWC'!$C$2:$C$4000=$AA62)*('2016 E Maize Soil VWC'!$E$2:$E$4000=$AB62)*('2016 E Maize Soil VWC'!$F$2:$F$4000=AH$5),'2016 E Maize Soil VWC'!$G$2:$G$4000)} -> 0.33191941 | AI62: {=_xlfn.XLOOKUP(1,('2016 E Maize Soil VWC'!$C$2:$C$4000=$AA62)*('2016 E Maize Soil VWC'!$E$2:$E$4000=$AB62)*('2016 E Maize Soil VWC'!$F$2:$F$4000=AI$5),'2016 E Maize Soil VWC'!$G$2:$G$4000)} -> 0.34613925 | AJ62: {=_xlfn.XLOOKUP(1,('2016 E Maize Soil VWC'!$C$2:$C$4000=$AA62)*('2016 E Maize Soil VWC'!$E$2:$E$4000=$AB62)*('2016 E Maize Soil VWC'!$F$2:$F$4000=AJ$5),'2016 E Maize Soil VWC'!$G$2:$G$4000)} -> 0.34165119 | ... AV62: {=_xlfn.XLOOKUP(1,('2016 E Maize Soil VWC'!$C$2:$C$4000=$AA62)*('2016 E Maize Soil VWC'!$E$2:$E$4000=$AB62)*('2016 E Maize Soil VWC'!$F$2:$F$4000=AV$5),'2016 E Maize Soil VWC'!$G$2:$G$4000)} -> 0.33659066
AA63: =AA62 -> 42542 | AB63: =AB62+20 -> 110 | AC63: {=_xlfn.XLOOKUP(1,('2016 E Maize Soil VWC'!$C$2:$C$4000=$AA63)*('2016 E Maize Soil VWC'!$E$2:$E$4000=$AB63)*('2016 E Maize Soil VWC'!$F$2:$F$4000=AC$5),'2016 E Maize Soil VWC'!$G$2:$G$4000)} -> 0.3468262 | AD63: {=_xlfn.XLOOKUP(1,('2016 E Maize Soil VWC'!$C$2:$C$4000=$AA63)*('2016 E Maize Soil VWC'!$E$2:$E$4000=$AB63)*('2016 E Maize Soil VWC'!$F$2:$F$4000=AD$5),'2016 E Maize Soil VWC'!$G$2:$G$4000)} -> 0.34119322 | AE63: {=_xlfn.XLOOKUP(1,('2016 E Maize Soil VWC'!$C$2:$C$4000=$AA63)*('2016 E Maize Soil VWC'!$E$2:$E$4000=$AB63)*('2016 E Maize Soil VWC'!$F$2:$F$4000=AE$5),'2016 E Maize Soil VWC'!$G$2:$G$4000)} -> 0.33352229 | AF63: {=_xlfn.XLOOKUP(1,('2016 E Maize Soil VWC'!$C$2:$C$4000=$AA63)*('2016 E Maize Soil VWC'!$E$2:$E$4000=$AB63)*('2016 E Maize Soil VWC'!$F$2:$F$4000=AF$5),'2016 E Maize Soil VWC'!$G$2:$G$4000)} -> 0.3415138 | AG63: {=_xlfn.XLOOKUP(1,('2016 E Maize Soil VWC'!$C$2:$C$4000=$AA63)*('2016 E Maize Soil VWC'!$E$2:$E$4000=$AB63)*('2016 E Maize Soil VWC'!$F$2:$F$4000=AG$5),'2016 E Maize Soil VWC'!$G$2:$G$4000)} -> 0.34581868 | AH63: {=_xlfn.XLOOKUP(1,('2016 E Maize Soil VWC'!$C$2:$C$4000=$AA63)*('2016 E Maize Soil VWC'!$E$2:$E$4000=$AB63)*('2016 E Maize Soil VWC'!$F$2:$F$4000=AH$5),'2016 E Maize Soil VWC'!$G$2:$G$4000)} -> 0.33221709 | AI63: {=_xlfn.XLOOKUP(1,('2016 E Maize Soil VWC'!$C$2:$C$4000=$AA63)*('2016 E Maize Soil VWC'!$E$2:$E$4000=$AB63)*('2016 E Maize Soil VWC'!$F$2:$F$4000=AI$5),'2016 E Maize Soil VWC'!$G$2:$G$4000)} -> 0.34197176 | AJ63: {=_xlfn.XLOOKUP(1,('2016 E Maize Soil VWC'!$C$2:$C$4000=$AA63)*('2016 E Maize Soil VWC'!$E$2:$E$4000=$AB63)*('2016 E Maize Soil VWC'!$F$2:$F$4000=AJ$5),'2016 E Maize Soil VWC'!$G$2:$G$4000)} -> 0.34313958 | ... AV63: {=_xlfn.XLOOKUP(1,('2016 E Maize Soil VWC'!$C$2:$C$4000=$AA63)*('2016 E Maize Soil VWC'!$E$2:$E$4000=$AB63)*('2016 E Maize Soil VWC'!$F$2:$F$4000=AV$5),'2016 E Maize Soil VWC'!$G$2:$G$4000)} -> 0.33361388
AA64: =AA63 -> 42542 | AB64: =AB63+20 -> 130 | AC64: {=_xlfn.XLOOKUP(1,('2016 E Maize Soil VWC'!$C$2:$C$4000=$AA64)*('2016 E Maize Soil VWC'!$E$2:$E$4000=$AB64)*('2016 E Maize Soil VWC'!$F$2:$F$4000=AC$5),'2016 E Maize Soil VWC'!$G$2:$G$4000)} -> 0.31558892 | AD64: {=_xlfn.XLOOKUP(1,('2016 E Maize Soil VWC'!$C$2:$C$4000=$AA64)*('2016 E Maize Soil VWC'!$E$2:$E$4000=$AB64)*('2016 E Maize Soil VWC'!$F$2:$F$4000=AD$5),'2016 E Maize Soil VWC'!$G$2:$G$4000)} -> 0.31541374 | AE64: {=_xlfn.XLOOKUP(1,('2016 E Maize Soil VWC'!$C$2:$C$4000=$AA64)*('2016 E Maize Soil VWC'!$E$2:$E$4000=$AB64)*('2016 E Maize Soil VWC'!$F$2:$F$4000=AE$5),'2016 E Maize Soil VWC'!$G$2:$G$4000)} -> 0.31076172 | AF64: {=_xlfn.XLOOKUP(1,('2016 E Maize Soil VWC'!$C$2:$C$4000=$AA64)*('2016 E Maize Soil VWC'!$E$2:$E$4000=$AB64)*('2016 E Maize Soil VWC'!$F$2:$F$4000=AF$5),'2016 E Maize Soil VWC'!$G$2:$G$4000)} -> 0.30842598 | AG64: {=_xlfn.XLOOKUP(1,('2016 E Maize Soil VWC'!$C$2:$C$4000=$AA64)*('2016 E Maize Soil VWC'!$E$2:$E$4000=$AB64)*('2016 E Maize Soil VWC'!$F$2:$F$4000=AG$5),'2016 E Maize Soil VWC'!$G$2:$G$4000)} -> 0.31545267 | AH64: {=_xlfn.XLOOKUP(1,('2016 E Maize Soil VWC'!$C$2:$C$4000=$AA64)*('2016 E Maize Soil VWC'!$E$2:$E$4000=$AB64)*('2016 E Maize Soil VWC'!$F$2:$F$4000=AH$5),'2016 E Maize Soil VWC'!$G$2:$G$4000)} -> 0.30521434 | AI64: {=_xlfn.XLOOKUP(1,('2016 E Maize Soil VWC'!$C$2:$C$4000=$AA64)*('2016 E Maize Soil VWC'!$E$2:$E$4000=$AB64)*('2016 E Maize Soil VWC'!$F$2:$F$4000=AI$5),'2016 E Maize Soil VWC'!$G$2:$G$4000)} -> 0.31681519 | AJ64: {=_xlfn.XLOOKUP(1,('2016 E Maize Soil VWC'!$C$2:$C$4000=$AA64)*('2016 E Maize Soil VWC'!$E$2:$E$4000=$AB64)*('2016 E Maize Soil VWC'!$F$2:$F$4000=AJ$5),'2016 E Maize Soil VWC'!$G$2:$G$4000)} -> 0.34813357 | ... AV64: {=_xlfn.XLOOKUP(1,('2016 E Maize Soil VWC'!$C$2:$C$4000=$AA64)*('2016 E Maize Soil VWC'!$E$2:$E$4000=$AB64)*('2016 E Maize Soil VWC'!$F$2:$F$4000=AV$5),'2016 E Maize Soil VWC'!$G$2:$G$4000)} -> 0.3088542
AA65: =AA64 -> 42542 | AB65: =AB64+20 -> 150 | AC65: {=_xlfn.XLOOKUP(1,('2016 E Maize Soil VWC'!$C$2:$C$4000=$AA65)*('2016 E Maize Soil VWC'!$E$2:$E$4000=$AB65)*('2016 E Maize Soil VWC'!$F$2:$F$4000=AC$5),'2016 E Maize Soil VWC'!$G$2:$G$4000)} -> 0.34447425 | AD65: {=_xlfn.XLOOKUP(1,('2016 E Maize Soil VWC'!$C$2:$C$4000=$AA65)*('2016 E Maize Soil VWC'!$E$2:$E$4000=$AB65)*('2016 E Maize Soil VWC'!$F$2:$F$4000=AD$5),'2016 E Maize Soil VWC'!$G$2:$G$4000)} -> 0.33188071 | AE65: {=_xlfn.XLOOKUP(1,('2016 E Maize Soil VWC'!$C$2:$C$4000=$AA65)*('2016 E Maize Soil VWC'!$E$2:$E$4000=$AB65)*('2016 E Maize Soil VWC'!$F$2:$F$4000=AE$5),'2016 E Maize Soil VWC'!$G$2:$G$4000)} -> 0.31880057 | AF65: {=_xlfn.XLOOKUP(1,('2016 E Maize Soil VWC'!$C$2:$C$4000=$AA65)*('2016 E Maize Soil VWC'!$E$2:$E$4000=$AB65)*('2016 E Maize Soil VWC'!$F$2:$F$4000=AF$5),'2016 E Maize Soil VWC'!$G$2:$G$4000)} -> 0.31319479 | AG65: {=_xlfn.XLOOKUP(1,('2016 E Maize Soil VWC'!$C$2:$C$4000=$AA65)*('2016 E Maize Soil VWC'!$E$2:$E$4000=$AB65)*('2016 E Maize Soil VWC'!$F$2:$F$4000=AG$5),'2016 E Maize Soil VWC'!$G$2:$G$4000)} -> 0.36129158 | AH65: {=_xlfn.XLOOKUP(1,('2016 E Maize Soil VWC'!$C$2:$C$4000=$AA65)*('2016 E Maize Soil VWC'!$E$2:$E$4000=$AB65)*('2016 E Maize Soil VWC'!$F$2:$F$4000=AH$5),'2016 E Maize Soil VWC'!$G$2:$G$4000)} -> 0.35083914 | AI65: {=_xlfn.XLOOKUP(1,('2016 E Maize Soil VWC'!$C$2:$C$4000=$AA65)*('2016 E Maize Soil VWC'!$E$2:$E$4000=$AB65)*('2016 E Maize Soil VWC'!$F$2:$F$4000=AI$5),'2016 E Maize Soil VWC'!$G$2:$G$4000)} -> 0.33154982 | AJ65: {=_xlfn.XLOOKUP(1,('2016 E Maize Soil VWC'!$C$2:$C$4000=$AA65)*('2016 E Maize Soil VWC'!$E$2:$E$4000=$AB65)*('2016 E Maize Soil VWC'!$F$2:$F$4000=AJ$5),'2016 E Maize Soil VWC'!$G$2:$G$4000)} -> 0.34128207 | ... AV65: {=_xlfn.XLOOKUP(1,('2016 E Maize Soil VWC'!$C$2:$C$4000=$AA65)*('2016 E Maize Soil VWC'!$E$2:$E$4000=$AB65)*('2016 E Maize Soil VWC'!$F$2:$F$4000=AV$5),'2016 E Maize Soil VWC'!$G$2:$G$4000)} -> 0.34988538
AA66: =AA65 -> 42542 | AB66: =AB65+20 -> 170 | AC66: {=_xlfn.XLOOKUP(1,('2016 E Maize Soil VWC'!$C$2:$C$4000=$AA66)*('2016 E Maize Soil VWC'!$E$2:$E$4000=$AB66)*('2016 E Maize Soil VWC'!$F$2:$F$4000=AC$5),'2016 E Maize Soil VWC'!$G$2:$G$4000)} -> 0.28857219 | AD66: {=_xlfn.XLOOKUP(1,('2016 E Maize Soil VWC'!$C$2:$C$4000=$AA66)*('2016 E Maize Soil VWC'!$E$2:$E$4000=$AB66)*('2016 E Maize Soil VWC'!$F$2:$F$4000=AD$5),'2016 E Maize Soil VWC'!$G$2:$G$4000)} -> 0.2797937 | AE66: {=_xlfn.XLOOKUP(1,('2016 E Maize Soil VWC'!$C$2:$C$4000=$AA66)*('2016 E Maize Soil VWC'!$E$2:$E$4000=$AB66)*('2016 E Maize Soil VWC'!$F$2:$F$4000=AE$5),'2016 E Maize Soil VWC'!$G$2:$G$4000)} -> 0.29881052 | AF66: {=_xlfn.XLOOKUP(1,('2016 E Maize Soil VWC'!$C$2:$C$4000=$AA66)*('2016 E Maize Soil VWC'!$E$2:$E$4000=$AB66)*('2016 E Maize Soil VWC'!$F$2:$F$4000=AF$5),'2016 E Maize Soil VWC'!$G$2:$G$4000)} -> 0.3046888 | AG66: {=_xlfn.XLOOKUP(1,('2016 E Maize Soil VWC'!$C$2:$C$4000=$AA66)*('2016 E Maize Soil VWC'!$E$2:$E$4000=$AB66)*('2016 E Maize Soil VWC'!$F$2:$F$4000=AG$5),'2016 E Maize Soil VWC'!$G$2:$G$4000)} -> 0.32683941 | AH66: {=_xlfn.XLOOKUP(1,('2016 E Maize Soil VWC'!$C$2:$C$4000=$AA66)*('2016 E Maize Soil VWC'!$E$2:$E$4000=$AB66)*('2016 E Maize Soil VWC'!$F$2:$F$4000=AH$5),'2016 E Maize Soil VWC'!$G$2:$G$4000)} -> 0.33875168 | AI66: {=_xlfn.XLOOKUP(1,('2016 E Maize Soil VWC'!$C$2:$C$4000=$AA66)*('2016 E Maize Soil VWC'!$E$2:$E$4000=$AB66)*('2016 E Maize Soil VWC'!$F$2:$F$4000=AI$5),'2016 E Maize Soil VWC'!$G$2:$G$4000)} -> 0.30494184 | AJ66: {=_xlfn.XLOOKUP(1,('2016 E Maize Soil VWC'!$C$2:$C$4000=$AA66)*('2016 E Maize Soil VWC'!$E$2:$E$4000=$AB66)*('2016 E Maize Soil VWC'!$F$2:$F$4000=AJ$5),'2016 E Maize Soil VWC'!$G$2:$G$4000)} -> 0.31128727 | ... AV66: {=_xlfn.XLOOKUP(1,('2016 E Maize Soil VWC'!$C$2:$C$4000=$AA66)*('2016 E Maize Soil VWC'!$E$2:$E$4000=$AB66)*('2016 E Maize Soil VWC'!$F$2:$F$4000=AV$5),'2016 E Maize Soil VWC'!$G$2:$G$4000)} -> 0.32218739
AA67: =AA66 -> 42542 | AB67: =AB66+20 -> 190 | AC67: {=_xlfn.XLOOKUP(1,('2016 E Maize Soil VWC'!$C$2:$C$4000=$AA67)*('2016 E Maize Soil VWC'!$E$2:$E$4000=$AB67)*('2016 E Maize Soil VWC'!$F$2:$F$4000=AC$5),'2016 E Maize Soil VWC'!$G$2:$G$4000)} -> 0.29398332 | AD67: {=_xlfn.XLOOKUP(1,('2016 E Maize Soil VWC'!$C$2:$C$4000=$AA67)*('2016 E Maize Soil VWC'!$E$2:$E$4000=$AB67)*('2016 E Maize Soil VWC'!$F$2:$F$4000=AD$5),'2016 E Maize Soil VWC'!$G$2:$G$4000)} -> 0.30708293 | AE67: {=_xlfn.XLOOKUP(1,('2016 E Maize Soil VWC'!$C$2:$C$4000=$AA67)*('2016 E Maize Soil VWC'!$E$2:$E$4000=$AB67)*('2016 E Maize Soil VWC'!$F$2:$F$4000=AE$5),'2016 E Maize Soil VWC'!$G$2:$G$4000)} -> 0.30338468 | AF67: {=_xlfn.XLOOKUP(1,('2016 E Maize Soil VWC'!$C$2:$C$4000=$AA67)*('2016 E Maize Soil VWC'!$E$2:$E$4000=$AB67)*('2016 E Maize Soil VWC'!$F$2:$F$4000=AF$5),'2016 E Maize Soil VWC'!$G$2:$G$4000)} -> 0.29888838 | AG67: {=_xlfn.XLOOKUP(1,('2016 E Maize Soil VWC'!$C$2:$C$4000=$AA67)*('2016 E Maize Soil VWC'!$E$2:$E$4000=$AB67)*('2016 E Maize Soil VWC'!$F$2:$F$4000=AG$5),'2016 E Maize Soil VWC'!$G$2:$G$4000)} -> 0.33474199 | AH67: {=_xlfn.XLOOKUP(1,('2016 E Maize Soil VWC'!$C$2:$C$4000=$AA67)*('2016 E Maize Soil VWC'!$E$2:$E$4000=$AB67)*('2016 E Maize Soil VWC'!$F$2:$F$4000=AH$5),'2016 E Maize Soil VWC'!$G$2:$G$4000)} -> 0.34957395 | AI67: {=_xlfn.XLOOKUP(1,('2016 E Maize Soil VWC'!$C$2:$C$4000=$AA67)*('2016 E Maize Soil VWC'!$E$2:$E$4000=$AB67)*('2016 E Maize Soil VWC'!$F$2:$F$4000=AI$5),'2016 E Maize Soil VWC'!$G$2:$G$4000)} -> 0.28983738 | AJ67: {=_xlfn.XLOOKUP(1,('2016 E Maize Soil VWC'!$C$2:$C$4000=$AA67)*('2016 E Maize Soil VWC'!$E$2:$E$4000=$AB67)*('2016 E Maize Soil VWC'!$F$2:$F$4000=AJ$5),'2016 E Maize Soil VWC'!$G$2:$G$4000)} -> 0.30272288 | ... AV67: {=_xlfn.XLOOKUP(1,('2016 E Maize Soil VWC'!$C$2:$C$4000=$AA67)*('2016 E Maize Soil VWC'!$E$2:$E$4000=$AB67)*('2016 E Maize Soil VWC'!$F$2:$F$4000=AV$5),'2016 E Maize Soil VWC'!$G$2:$G$4000)} -> 0.3113262
AA68: =AA67 -> 42542 | AB68: =AB67+20 -> 210 | AC68: {=_xlfn.XLOOKUP(1,('2016 E Maize Soil VWC'!$C$2:$C$4000=$AA68)*('2016 E Maize Soil VWC'!$E$2:$E$4000=$AB68)*('2016 E Maize Soil VWC'!$F$2:$F$4000=AC$5),'2016 E Maize Soil VWC'!$G$2:$G$4000)} -> 0.30694668 | AD68: {=_xlfn.XLOOKUP(1,('2016 E Maize Soil VWC'!$C$2:$C$4000=$AA68)*('2016 E Maize Soil VWC'!$E$2:$E$4000=$AB68)*('2016 E Maize Soil VWC'!$F$2:$F$4000=AD$5),'2016 E Maize Soil VWC'!$G$2:$G$4000)} -> 0.29902463 | AE68: {=_xlfn.XLOOKUP(1,('2016 E Maize Soil VWC'!$C$2:$C$4000=$AA68)*('2016 E Maize Soil VWC'!$E$2:$E$4000=$AB68)*('2016 E Maize Soil VWC'!$F$2:$F$4000=AE$5),'2016 E Maize Soil VWC'!$G$2:$G$4000)} -> 0.28545787 | AF68: {=_xlfn.XLOOKUP(1,('2016 E Maize Soil VWC'!$C$2:$C$4000=$AA68)*('2016 E Maize Soil VWC'!$E$2:$E$4000=$AB68)*('2016 E Maize Soil VWC'!$F$2:$F$4000=AF$5),'2016 E Maize Soil VWC'!$G$2:$G$4000)} -> 0.29464511 | AG68: {=_xlfn.XLOOKUP(1,('2016 E Maize Soil VWC'!$C$2:$C$4000=$AA68)*('2016 E Maize Soil VWC'!$E$2:$E$4000=$AB68)*('2016 E Maize Soil VWC'!$F$2:$F$4000=AG$5),'2016 E Maize Soil VWC'!$G$2:$G$4000)} -> #N/A | AH68: {=_xlfn.XLOOKUP(1,('2016 E Maize Soil VWC'!$C$2:$C$4000=$AA68)*('2016 E Maize Soil VWC'!$E$2:$E$4000=$AB68)*('2016 E Maize Soil VWC'!$F$2:$F$4000=AH$5),'2016 E Maize Soil VWC'!$G$2:$G$4000)} -> #N/A | AI68: {=_xlfn.XLOOKUP(1,('2016 E Maize Soil VWC'!$C$2:$C$4000=$AA68)*('2016 E Maize Soil VWC'!$E$2:$E$4000=$AB68)*('2016 E Maize Soil VWC'!$F$2:$F$4000=AI$5),'2016 E Maize Soil VWC'!$G$2:$G$4000)} -> 0.28442625 | AJ68: {=_xlfn.XLOOKUP(1,('2016 E Maize Soil VWC'!$C$2:$C$4000=$AA68)*('2016 E Maize Soil VWC'!$E$2:$E$4000=$AB68)*('2016 E Maize Soil VWC'!$F$2:$F$4000=AJ$5),'2016 E Maize Soil VWC'!$G$2:$G$4000)} -> 0.30262556 | ... AV68: {=_xlfn.XLOOKUP(1,('2016 E Maize Soil VWC'!$C$2:$C$4000=$AA68)*('2016 E Maize Soil VWC'!$E$2:$E$4000=$AB68)*('2016 E Maize Soil VWC'!$F$2:$F$4000=AV$5),'2016 E Maize Soil VWC'!$G$2:$G$4000)} -> 0.30928242
AA69: =AA68 -> 42542 | AB69: =AB68+20 -> 230 | AC69: {=_xlfn.XLOOKUP(1,('2016 E Maize Soil VWC'!$C$2:$C$4000=$AA69)*('2016 E Maize Soil VWC'!$E$2:$E$4000=$AB69)*('2016 E Maize Soil VWC'!$F$2:$F$4000=AC$5),'2016 E Maize Soil VWC'!$G$2:$G$4000)} -> 0.29855748 | AD69: {=_xlfn.XLOOKUP(1,('2016 E Maize Soil VWC'!$C$2:$C$4000=$AA69)*('2016 E Maize Soil VWC'!$E$2:$E$4000=$AB69)*('2016 E Maize Soil VWC'!$F$2:$F$4000=AD$5),'2016 E Maize Soil VWC'!$G$2:$G$4000)} -> 0.30258663 | AE69: {=_xlfn.XLOOKUP(1,('2016 E Maize Soil VWC'!$C$2:$C$4000=$AA69)*('2016 E Maize Soil VWC'!$E$2:$E$4000=$AB69)*('2016 E Maize Soil VWC'!$F$2:$F$4000=AE$5),'2016 E Maize Soil VWC'!$G$2:$G$4000)} -> 0.28831915 | AF69: {=_xlfn.XLOOKUP(1,('2016 E Maize Soil VWC'!$C$2:$C$4000=$AA69)*('2016 E Maize Soil VWC'!$E$2:$E$4000=$AB69)*('2016 E Maize Soil VWC'!$F$2:$F$4000=AF$5),'2016 E Maize Soil VWC'!$G$2:$G$4000)} -> 0.28512697 | AG69: {=_xlfn.XLOOKUP(1,('2016 E Maize Soil VWC'!$C$2:$C$4000=$AA69)*('2016 E Maize Soil VWC'!$E$2:$E$4000=$AB69)*('2016 E Maize Soil VWC'!$F$2:$F$4000=AG$5),'2016 E Maize Soil VWC'!$G$2:$G$4000)} -> #N/A | AH69: {=_xlfn.XLOOKUP(1,('2016 E Maize Soil VWC'!$C$2:$C$4000=$AA69)*('2016 E Maize Soil VWC'!$E$2:$E$4000=$AB69)*('2016 E Maize Soil VWC'!$F$2:$F$4000=AH$5),'2016 E Maize Soil VWC'!$G$2:$G$4000)} -> #N/A | AI69: {=_xlfn.XLOOKUP(1,('2016 E Maize Soil VWC'!$C$2:$C$4000=$AA69)*('2016 E Maize Soil VWC'!$E$2:$E$4000=$AB69)*('2016 E Maize Soil VWC'!$F$2:$F$4000=AI$5),'2016 E Maize Soil VWC'!$G$2:$G$4000)} -> 0.28356981 | AJ69: {=_xlfn.XLOOKUP(1,('2016 E Maize Soil VWC'!$C$2:$C$4000=$AA69)*('2016 E Maize Soil VWC'!$E$2:$E$4000=$AB69)*('2016 E Maize Soil VWC'!$F$2:$F$4000=AJ$5),'2016 E Maize Soil VWC'!$G$2:$G$4000)} -> 0.30782258 | ... AV69: {=_xlfn.XLOOKUP(1,('2016 E Maize Soil VWC'!$C$2:$C$4000=$AA69)*('2016 E Maize Soil VWC'!$E$2:$E$4000=$AB69)*('2016 E Maize Soil VWC'!$F$2:$F$4000=AV$5),'2016 E Maize Soil VWC'!$G$2:$G$4000)} -> 0.30731651
Y71: 2016 | Z71: 180 | AA71: =DATE(Y71,1,Z71) -> 42549 | AB71: 10 | AC71: {=_xlfn.XLOOKUP(1,('2016 E Maize Soil VWC'!$C$2:$C$4000=$AA71)*('2016 E Maize Soil VWC'!$E$2:$E$4000=$AB71)*('2016 E Maize Soil VWC'!$F$2:$F$4000=AC$5),'2016 E Maize Soil VWC'!$G$2:$G$4000)} -> 0.1760466 | AD71: {=_xlfn.XLOOKUP(1,('2016 E Maize Soil VWC'!$C$2:$C$4000=$AA71)*('2016 E Maize Soil VWC'!$E$2:$E$4000=$AB71)*('2016 E Maize Soil VWC'!$F$2:$F$4000=AD$5),'2016 E Maize Soil VWC'!$G$2:$G$4000)} -> 0.17127043 | AE71: {=_xlfn.XLOOKUP(1,('2016 E Maize Soil VWC'!$C$2:$C$4000=$AA71)*('2016 E Maize Soil VWC'!$E$2:$E$4000=$AB71)*('2016 E Maize Soil VWC'!$F$2:$F$4000=AE$5),'2016 E Maize Soil VWC'!$G$2:$G$4000)} -> 0.16856585 | AF71: {=_xlfn.XLOOKUP(1,('2016 E Maize Soil VWC'!$C$2:$C$4000=$AA71)*('2016 E Maize Soil VWC'!$E$2:$E$4000=$AB71)*('2016 E Maize Soil VWC'!$F$2:$F$4000=AF$5),'2016 E Maize Soil VWC'!$G$2:$G$4000)} -> 0.16279225 | AG71: {=_xlfn.XLOOKUP(1,('2016 E Maize Soil VWC'!$C$2:$C$4000=$AA71)*('2016 E Maize Soil VWC'!$E$2:$E$4000=$AB71)*('2016 E Maize Soil VWC'!$F$2:$F$4000=AG$5),'2016 E Maize Soil VWC'!$G$2:$G$4000)} -> 0.18421789 | AH71: {=_xlfn.XLOOKUP(1,('2016 E Maize Soil VWC'!$C$2:$C$4000=$AA71)*('2016 E Maize Soil VWC'!$E$2:$E$4000=$AB71)*('2016 E Maize Soil VWC'!$F$2:$F$4000=AH$5),'2016 E Maize Soil VWC'!$G$2:$G$4000)} -> 0.17969107 | AI71: {=_xlfn.XLOOKUP(1,('2016 E Maize Soil VWC'!$C$2:$C$4000=$AA71)*('2016 E Maize Soil VWC'!$E$2:$E$4000=$AB71)*('2016 E Maize Soil VWC'!$F$2:$F$4000=AI$5),'2016 E Maize Soil VWC'!$G$2:$G$4000)} -> 0.17809901 | AJ71: {=_xlfn.XLOOKUP(1,('2016 E Maize Soil VWC'!$C$2:$C$4000=$AA71)*('2016 E Maize Soil VWC'!$E$2:$E$4000=$AB71)*('2016 E Maize Soil VWC'!$F$2:$F$4000=AJ$5),'2016 E Maize Soil VWC'!$G$2:$G$4000)} -> 0.12912886 | ... AV71: {=_xlfn.XLOOKUP(1,('2016 E Maize Soil VWC'!$C$2:$C$4000=$AA71)*('2016 E Maize Soil VWC'!$E$2:$E$4000=$AB71)*('2016 E Maize Soil VWC'!$F$2:$F$4000=AV$5),'2016 E Maize Soil VWC'!$G$2:$G$4000)} -> 0.1724405 | AW71: =Z71 -> 180 | AX71: =AA71 -> 42549 | AY71: =1400*AVERAGE(AG71:AH77)+100*AVERAGE(AG78:AH78) -> 450.18568 | AZ71: =1400*AVERAGE(AC71:AF77,AI71:AL77)+100*AVERAGE(AC78:AF78,AI78:AL78) -> 451.61177 | BA71: =1400*AVERAGE(AQ71:AR77)+100*AVERAGE(AQ78:AR78) -> 435.97059 | BB71: =1400*AVERAGE(AM71:AP77,AS71:AV77)+100*AVERAGE(AM78:AP78,AS78:AV78) -> 433.45411 | BC71: =AVERAGE(AC71:AD82)*2400 -> 724.28257 | BD71: =AVERAGE(AE71:AF82)*2400 -> 706.01806 | BE71: =AVERAGE(AG71:AH80)*2000 -> 621.76977 | BF71: =AVERAGE(AI71:AJ82)*2400 -> 725.45278 | BG71: =AVERAGE(AK71:AL82)*2400 -> 729.0811 | BH71: =AVERAGE(AM71:AN82)*2400 -> 714.03389 | BI71: =AVERAGE(AO71:AP82)*2400 -> 685.73484 | BJ71: =AVERAGE(AQ71:AR80)*2000 -> 602.50753 | BK71: =AVERAGE(AS71:AT82)*2400 -> 731.57737 | BL71: =AVERAGE(AU71:AV82)*2400 -> 722.21985
AA72: =AA71 -> 42549 | AB72: =AB71+20 -> 30 | AC72: {=_xlfn.XLOOKUP(1,('2016 E Maize Soil VWC'!$C$2:$C$4000=$AA72)*('2016 E Maize Soil VWC'!$E$2:$E$4000=$AB72)*('2016 E Maize Soil VWC'!$F$2:$F$4000=AC$5),'2016 E Maize Soil VWC'!$G$2:$G$4000)} -> 0.2376013 | AD72: {=_xlfn.XLOOKUP(1,('2016 E Maize Soil VWC'!$C$2:$C$4000=$AA72)*('2016 E Maize Soil VWC'!$E$2:$E$4000=$AB72)*('2016 E Maize Soil VWC'!$F$2:$F$4000=AD$5),'2016 E Maize Soil VWC'!$G$2:$G$4000)} -> 0.26663635 | AE72: {=_xlfn.XLOOKUP(1,('2016 E Maize Soil VWC'!$C$2:$C$4000=$AA72)*('2016 E Maize Soil VWC'!$E$2:$E$4000=$AB72)*('2016 E Maize Soil VWC'!$F$2:$F$4000=AE$5),'2016 E Maize Soil VWC'!$G$2:$G$4000)} -> 0.25188984 | AF72: {=_xlfn.XLOOKUP(1,('2016 E Maize Soil VWC'!$C$2:$C$4000=$AA72)*('2016 E Maize Soil VWC'!$E$2:$E$4000=$AB72)*('2016 E Maize Soil VWC'!$F$2:$F$4000=AF$5),'2016 E Maize Soil VWC'!$G$2:$G$4000)} -> 0.24866118 | AG72: {=_xlfn.XLOOKUP(1,('2016 E Maize Soil VWC'!$C$2:$C$4000=$AA72)*('2016 E Maize Soil VWC'!$E$2:$E$4000=$AB72)*('2016 E Maize Soil VWC'!$F$2:$F$4000=AG$5),'2016 E Maize Soil VWC'!$G$2:$G$4000)} -> 0.27510872 | AH72: {=_xlfn.XLOOKUP(1,('2016 E Maize Soil VWC'!$C$2:$C$4000=$AA72)*('2016 E Maize Soil VWC'!$E$2:$E$4000=$AB72)*('2016 E Maize Soil VWC'!$F$2:$F$4000=AH$5),'2016 E Maize Soil VWC'!$G$2:$G$4000)} -> 0.27373482 | AI72: {=_xlfn.XLOOKUP(1,('2016 E Maize Soil VWC'!$C$2:$C$4000=$AA72)*('2016 E Maize Soil VWC'!$E$2:$E$4000=$AB72)*('2016 E Maize Soil VWC'!$F$2:$F$4000=AI$5),'2016 E Maize Soil VWC'!$G$2:$G$4000)} -> 0.25752282 | AJ72: {=_xlfn.XLOOKUP(1,('2016 E Maize Soil VWC'!$C$2:$C$4000=$AA72)*('2016 E Maize Soil VWC'!$E$2:$E$4000=$AB72)*('2016 E Maize Soil VWC'!$F$2:$F$4000=AJ$5),'2016 E Maize Soil VWC'!$G$2:$G$4000)} -> 0.25395069 | ... AV72: {=_xlfn.XLOOKUP(1,('2016 E Maize Soil VWC'!$C$2:$C$4000=$AA72)*('2016 E Maize Soil VWC'!$E$2:$E$4000=$AB72)*('2016 E Maize Soil VWC'!$F$2:$F$4000=AV$5),'2016 E Maize Soil VWC'!$G$2:$G$4000)} -> 0.2443334
AA73: =AA72 -> 42549 | AB73: =AB72+20 -> 50 | AC73: {=_xlfn.XLOOKUP(1,('2016 E Maize Soil VWC'!$C$2:$C$4000=$AA73)*('2016 E Maize Soil VWC'!$E$2:$E$4000=$AB73)*('2016 E Maize Soil VWC'!$F$2:$F$4000=AC$5),'2016 E Maize Soil VWC'!$G$2:$G$4000)} -> 0.32243951 | AD73: {=_xlfn.XLOOKUP(1,('2016 E Maize Soil VWC'!$C$2:$C$4000=$AA73)*('2016 E Maize Soil VWC'!$E$2:$E$4000=$AB73)*('2016 E Maize Soil VWC'!$F$2:$F$4000=AD$5),'2016 E Maize Soil VWC'!$G$2:$G$4000)} -> 0.34155959 | AE73: {=_xlfn.XLOOKUP(1,('2016 E Maize Soil VWC'!$C$2:$C$4000=$AA73)*('2016 E Maize Soil VWC'!$E$2:$E$4000=$AB73)*('2016 E Maize Soil VWC'!$F$2:$F$4000=AE$5),'2016 E Maize Soil VWC'!$G$2:$G$4000)} -> 0.33837673 | AF73: {=_xlfn.XLOOKUP(1,('2016 E Maize Soil VWC'!$C$2:$C$4000=$AA73)*('2016 E Maize Soil VWC'!$E$2:$E$4000=$AB73)*('2016 E Maize Soil VWC'!$F$2:$F$4000=AF$5),'2016 E Maize Soil VWC'!$G$2:$G$4000)} -> 0.31749348 | AG73: {=_xlfn.XLOOKUP(1,('2016 E Maize Soil VWC'!$C$2:$C$4000=$AA73)*('2016 E Maize Soil VWC'!$E$2:$E$4000=$AB73)*('2016 E Maize Soil VWC'!$F$2:$F$4000=AG$5),'2016 E Maize Soil VWC'!$G$2:$G$4000)} -> 0.30670838 | AH73: {=_xlfn.XLOOKUP(1,('2016 E Maize Soil VWC'!$C$2:$C$4000=$AA73)*('2016 E Maize Soil VWC'!$E$2:$E$4000=$AB73)*('2016 E Maize Soil VWC'!$F$2:$F$4000=AH$5),'2016 E Maize Soil VWC'!$G$2:$G$4000)} -> 0.32047026 | AI73: {=_xlfn.XLOOKUP(1,('2016 E Maize Soil VWC'!$C$2:$C$4000=$AA73)*('2016 E Maize Soil VWC'!$E$2:$E$4000=$AB73)*('2016 E Maize Soil VWC'!$F$2:$F$4000=AI$5),'2016 E Maize Soil VWC'!$G$2:$G$4000)} -> 0.33867441 | AJ73: {=_xlfn.XLOOKUP(1,('2016 E Maize Soil VWC'!$C$2:$C$4000=$AA73)*('2016 E Maize Soil VWC'!$E$2:$E$4000=$AB73)*('2016 E Maize Soil VWC'!$F$2:$F$4000=AJ$5),'2016 E Maize Soil VWC'!$G$2:$G$4000)} -> 0.33485039 | ... AV73: {=_xlfn.XLOOKUP(1,('2016 E Maize Soil VWC'!$C$2:$C$4000=$AA73)*('2016 E Maize Soil VWC'!$E$2:$E$4000=$AB73)*('2016 E Maize Soil VWC'!$F$2:$F$4000=AV$5),'2016 E Maize Soil VWC'!$G$2:$G$4000)} -> 0.33290404
AA74: =AA73 -> 42549 | AB74: =AB73+20 -> 70 | AC74: {=_xlfn.XLOOKUP(1,('2016 E Maize Soil VWC'!$C$2:$C$4000=$AA74)*('2016 E Maize Soil VWC'!$E$2:$E$4000=$AB74)*('2016 E Maize Soil VWC'!$F$2:$F$4000=AC$5),'2016 E Maize Soil VWC'!$G$2:$G$4000)} -> 0.33975063 | AD74: {=_xlfn.XLOOKUP(1,('2016 E Maize Soil VWC'!$C$2:$C$4000=$AA74)*('2016 E Maize Soil VWC'!$E$2:$E$4000=$AB74)*('2016 E Maize Soil VWC'!$F$2:$F$4000=AD$5),'2016 E Maize Soil VWC'!$G$2:$G$4000)} -> 0.34794822 | AE74: {=_xlfn.XLOOKUP(1,('2016 E Maize Soil VWC'!$C$2:$C$4000=$AA74)*('2016 E Maize Soil VWC'!$E$2:$E$4000=$AB74)*('2016 E Maize Soil VWC'!$F$2:$F$4000=AE$5),'2016 E Maize Soil VWC'!$G$2:$G$4000)} -> 0.33670515 | AF74: {=_xlfn.XLOOKUP(1,('2016 E Maize Soil VWC'!$C$2:$C$4000=$AA74)*('2016 E Maize Soil VWC'!$E$2:$E$4000=$AB74)*('2016 E Maize Soil VWC'!$F$2:$F$4000=AF$5),'2016 E Maize Soil VWC'!$G$2:$G$4000)} -> 0.32901132 | AG74: {=_xlfn.XLOOKUP(1,('2016 E Maize Soil VWC'!$C$2:$C$4000=$AA74)*('2016 E Maize Soil VWC'!$E$2:$E$4000=$AB74)*('2016 E Maize Soil VWC'!$F$2:$F$4000=AG$5),'2016 E Maize Soil VWC'!$G$2:$G$4000)} -> 0.32788931 | AH74: {=_xlfn.XLOOKUP(1,('2016 E Maize Soil VWC'!$C$2:$C$4000=$AA74)*('2016 E Maize Soil VWC'!$E$2:$E$4000=$AB74)*('2016 E Maize Soil VWC'!$F$2:$F$4000=AH$5),'2016 E Maize Soil VWC'!$G$2:$G$4000)} -> 0.32498122 | AI74: {=_xlfn.XLOOKUP(1,('2016 E Maize Soil VWC'!$C$2:$C$4000=$AA74)*('2016 E Maize Soil VWC'!$E$2:$E$4000=$AB74)*('2016 E Maize Soil VWC'!$F$2:$F$4000=AI$5),'2016 E Maize Soil VWC'!$G$2:$G$4000)} -> 0.34561259 | AJ74: {=_xlfn.XLOOKUP(1,('2016 E Maize Soil VWC'!$C$2:$C$4000=$AA74)*('2016 E Maize Soil VWC'!$E$2:$E$4000=$AB74)*('2016 E Maize Soil VWC'!$F$2:$F$4000=AJ$5),'2016 E Maize Soil VWC'!$G$2:$G$4000)} -> 0.33459851 | ... AV74: {=_xlfn.XLOOKUP(1,('2016 E Maize Soil VWC'!$C$2:$C$4000=$AA74)*('2016 E Maize Soil VWC'!$E$2:$E$4000=$AB74)*('2016 E Maize Soil VWC'!$F$2:$F$4000=AV$5),'2016 E Maize Soil VWC'!$G$2:$G$4000)} -> 0.33349939
AA75: =AA74 -> 42549 | AB75: =AB74+20 -> 90 | AC75: {=_xlfn.XLOOKUP(1,('2016 E Maize Soil VWC'!$C$2:$C$4000=$AA75)*('2016 E Maize Soil VWC'!$E$2:$E$4000=$AB75)*('2016 E Maize Soil VWC'!$F$2:$F$4000=AC$5),'2016 E Maize Soil VWC'!$G$2:$G$4000)} -> 0.34080395 | AD75: {=_xlfn.XLOOKUP(1,('2016 E Maize Soil VWC'!$C$2:$C$4000=$AA75)*('2016 E Maize Soil VWC'!$E$2:$E$4000=$AB75)*('2016 E Maize Soil VWC'!$F$2:$F$4000=AD$5),'2016 E Maize Soil VWC'!$G$2:$G$4000)} -> 0.34435319 | AE75: {=_xlfn.XLOOKUP(1,('2016 E Maize Soil VWC'!$C$2:$C$4000=$AA75)*('2016 E Maize Soil VWC'!$E$2:$E$4000=$AB75)*('2016 E Maize Soil VWC'!$F$2:$F$4000=AE$5),'2016 E Maize Soil VWC'!$G$2:$G$4000)} -> 0.33210259 | AF75: {=_xlfn.XLOOKUP(1,('2016 E Maize Soil VWC'!$C$2:$C$4000=$AA75)*('2016 E Maize Soil VWC'!$E$2:$E$4000=$AB75)*('2016 E Maize Soil VWC'!$F$2:$F$4000=AF$5),'2016 E Maize Soil VWC'!$G$2:$G$4000)} -> 0.33311012 | AG75: {=_xlfn.XLOOKUP(1,('2016 E Maize Soil VWC'!$C$2:$C$4000=$AA75)*('2016 E Maize Soil VWC'!$E$2:$E$4000=$AB75)*('2016 E Maize Soil VWC'!$F$2:$F$4000=AG$5),'2016 E Maize Soil VWC'!$G$2:$G$4000)} -> 0.33599531 | AH75: {=_xlfn.XLOOKUP(1,('2016 E Maize Soil VWC'!$C$2:$C$4000=$AA75)*('2016 E Maize Soil VWC'!$E$2:$E$4000=$AB75)*('2016 E Maize Soil VWC'!$F$2:$F$4000=AH$5),'2016 E Maize Soil VWC'!$G$2:$G$4000)} -> 0.32596585 | AI75: {=_xlfn.XLOOKUP(1,('2016 E Maize Soil VWC'!$C$2:$C$4000=$AA75)*('2016 E Maize Soil VWC'!$E$2:$E$4000=$AB75)*('2016 E Maize Soil VWC'!$F$2:$F$4000=AI$5),'2016 E Maize Soil VWC'!$G$2:$G$4000)} -> 0.34199466 | AJ75: {=_xlfn.XLOOKUP(1,('2016 E Maize Soil VWC'!$C$2:$C$4000=$AA75)*('2016 E Maize Soil VWC'!$E$2:$E$4000=$AB75)*('2016 E Maize Soil VWC'!$F$2:$F$4000=AJ$5),'2016 E Maize Soil VWC'!$G$2:$G$4000)} -> 0.33805615 | ... AV75: {=_xlfn.XLOOKUP(1,('2016 E Maize Soil VWC'!$C$2:$C$4000=$AA75)*('2016 E Maize Soil VWC'!$E$2:$E$4000=$AB75)*('2016 E Maize Soil VWC'!$F$2:$F$4000=AV$5),'2016 E Maize Soil VWC'!$G$2:$G$4000)} -> 0.33292693
AA76: =AA75 -> 42549 | AB76: =AB75+20 -> 110 | AC76: {=_xlfn.XLOOKUP(1,('2016 E Maize Soil VWC'!$C$2:$C$4000=$AA76)*('2016 E Maize Soil VWC'!$E$2:$E$4000=$AB76)*('2016 E Maize Soil VWC'!$F$2:$F$4000=AC$5),'2016 E Maize Soil VWC'!$G$2:$G$4000)} -> 0.34389522 | AD76: {=_xlfn.XLOOKUP(1,('2016 E Maize Soil VWC'!$C$2:$C$4000=$AA76)*('2016 E Maize Soil VWC'!$E$2:$E$4000=$AB76)*('2016 E Maize Soil VWC'!$F$2:$F$4000=AD$5),'2016 E Maize Soil VWC'!$G$2:$G$4000)} -> 0.34055207 | AE76: {=_xlfn.XLOOKUP(1,('2016 E Maize Soil VWC'!$C$2:$C$4000=$AA76)*('2016 E Maize Soil VWC'!$E$2:$E$4000=$AB76)*('2016 E Maize Soil VWC'!$F$2:$F$4000=AE$5),'2016 E Maize Soil VWC'!$G$2:$G$4000)} -> 0.32997305 | AF76: {=_xlfn.XLOOKUP(1,('2016 E Maize Soil VWC'!$C$2:$C$4000=$AA76)*('2016 E Maize Soil VWC'!$E$2:$E$4000=$AB76)*('2016 E Maize Soil VWC'!$F$2:$F$4000=AF$5),'2016 E Maize Soil VWC'!$G$2:$G$4000)} -> 0.34064366 | AG76: {=_xlfn.XLOOKUP(1,('2016 E Maize Soil VWC'!$C$2:$C$4000=$AA76)*('2016 E Maize Soil VWC'!$E$2:$E$4000=$AB76)*('2016 E Maize Soil VWC'!$F$2:$F$4000=AG$5),'2016 E Maize Soil VWC'!$G$2:$G$4000)} -> 0.34004831 | AH76: {=_xlfn.XLOOKUP(1,('2016 E Maize Soil VWC'!$C$2:$C$4000=$AA76)*('2016 E Maize Soil VWC'!$E$2:$E$4000=$AB76)*('2016 E Maize Soil VWC'!$F$2:$F$4000=AH$5),'2016 E Maize Soil VWC'!$G$2:$G$4000)} -> 0.32601165 | AI76: {=_xlfn.XLOOKUP(1,('2016 E Maize Soil VWC'!$C$2:$C$4000=$AA76)*('2016 E Maize Soil VWC'!$E$2:$E$4000=$AB76)*('2016 E Maize Soil VWC'!$F$2:$F$4000=AI$5),'2016 E Maize Soil VWC'!$G$2:$G$4000)} -> 0.34357464 | AJ76: {=_xlfn.XLOOKUP(1,('2016 E Maize Soil VWC'!$C$2:$C$4000=$AA76)*('2016 E Maize Soil VWC'!$E$2:$E$4000=$AB76)*('2016 E Maize Soil VWC'!$F$2:$F$4000=AJ$5),'2016 E Maize Soil VWC'!$G$2:$G$4000)} -> 0.34291059 | ... AV76: {=_xlfn.XLOOKUP(1,('2016 E Maize Soil VWC'!$C$2:$C$4000=$AA76)*('2016 E Maize Soil VWC'!$E$2:$E$4000=$AB76)*('2016 E Maize Soil VWC'!$F$2:$F$4000=AV$5),'2016 E Maize Soil VWC'!$G$2:$G$4000)} -> 0.33214839
AA77: =AA76 -> 42549 | AB77: =AB76+20 -> 130 | AC77: {=_xlfn.XLOOKUP(1,('2016 E Maize Soil VWC'!$C$2:$C$4000=$AA77)*('2016 E Maize Soil VWC'!$E$2:$E$4000=$AB77)*('2016 E Maize Soil VWC'!$F$2:$F$4000=AC$5),'2016 E Maize Soil VWC'!$G$2:$G$4000)} -> 0.31358408 | AD77: {=_xlfn.XLOOKUP(1,('2016 E Maize Soil VWC'!$C$2:$C$4000=$AA77)*('2016 E Maize Soil VWC'!$E$2:$E$4000=$AB77)*('2016 E Maize Soil VWC'!$F$2:$F$4000=AD$5),'2016 E Maize Soil VWC'!$G$2:$G$4000)} -> 0.31422641 | AE77: {=_xlfn.XLOOKUP(1,('2016 E Maize Soil VWC'!$C$2:$C$4000=$AA77)*('2016 E Maize Soil VWC'!$E$2:$E$4000=$AB77)*('2016 E Maize Soil VWC'!$F$2:$F$4000=AE$5),'2016 E Maize Soil VWC'!$G$2:$G$4000)} -> 0.3083092 | AF77: {=_xlfn.XLOOKUP(1,('2016 E Maize Soil VWC'!$C$2:$C$4000=$AA77)*('2016 E Maize Soil VWC'!$E$2:$E$4000=$AB77)*('2016 E Maize Soil VWC'!$F$2:$F$4000=AF$5),'2016 E Maize Soil VWC'!$G$2:$G$4000)} -> 0.31025565 | AG77: {=_xlfn.XLOOKUP(1,('2016 E Maize Soil VWC'!$C$2:$C$4000=$AA77)*('2016 E Maize Soil VWC'!$E$2:$E$4000=$AB77)*('2016 E Maize Soil VWC'!$F$2:$F$4000=AG$5),'2016 E Maize Soil VWC'!$G$2:$G$4000)} -> 0.31683465 | AH77: {=_xlfn.XLOOKUP(1,('2016 E Maize Soil VWC'!$C$2:$C$4000=$AA77)*('2016 E Maize Soil VWC'!$E$2:$E$4000=$AB77)*('2016 E Maize Soil VWC'!$F$2:$F$4000=AH$5),'2016 E Maize Soil VWC'!$G$2:$G$4000)} -> 0.30928242 | AI77: {=_xlfn.XLOOKUP(1,('2016 E Maize Soil VWC'!$C$2:$C$4000=$AA77)*('2016 E Maize Soil VWC'!$E$2:$E$4000=$AB77)*('2016 E Maize Soil VWC'!$F$2:$F$4000=AI$5),'2016 E Maize Soil VWC'!$G$2:$G$4000)} -> 0.31796359 | AJ77: {=_xlfn.XLOOKUP(1,('2016 E Maize Soil VWC'!$C$2:$C$4000=$AA77)*('2016 E Maize Soil VWC'!$E$2:$E$4000=$AB77)*('2016 E Maize Soil VWC'!$F$2:$F$4000=AJ$5),'2016 E Maize Soil VWC'!$G$2:$G$4000)} -> 0.33398288 | ... AV77: {=_xlfn.XLOOKUP(1,('2016 E Maize Soil VWC'!$C$2:$C$4000=$AA77)*('2016 E Maize Soil VWC'!$E$2:$E$4000=$AB77)*('2016 E Maize Soil VWC'!$F$2:$F$4000=AV$5),'2016 E Maize Soil VWC'!$G$2:$G$4000)} -> 0.30428004
AA78: =AA77 -> 42549 | AB78: =AB77+20 -> 150 | AC78: {=_xlfn.XLOOKUP(1,('2016 E Maize Soil VWC'!$C$2:$C$4000=$AA78)*('2016 E Maize Soil VWC'!$E$2:$E$4000=$AB78)*('2016 E Maize Soil VWC'!$F$2:$F$4000=AC$5),'2016 E Maize Soil VWC'!$G$2:$G$4000)} -> 0.34268351 | AD78: {=_xlfn.XLOOKUP(1,('2016 E Maize Soil VWC'!$C$2:$C$4000=$AA78)*('2016 E Maize Soil VWC'!$E$2:$E$4000=$AB78)*('2016 E Maize Soil VWC'!$F$2:$F$4000=AD$5),'2016 E Maize Soil VWC'!$G$2:$G$4000)} -> 0.33696095 | AE78: {=_xlfn.XLOOKUP(1,('2016 E Maize Soil VWC'!$C$2:$C$4000=$AA78)*('2016 E Maize Soil VWC'!$E$2:$E$4000=$AB78)*('2016 E Maize Soil VWC'!$F$2:$F$4000=AE$5),'2016 E Maize Soil VWC'!$G$2:$G$4000)} -> 0.31802199 | AF78: {=_xlfn.XLOOKUP(1,('2016 E Maize Soil VWC'!$C$2:$C$4000=$AA78)*('2016 E Maize Soil VWC'!$E$2:$E$4000=$AB78)*('2016 E Maize Soil VWC'!$F$2:$F$4000=AF$5),'2016 E Maize Soil VWC'!$G$2:$G$4000)} -> 0.30067911 | AG78: {=_xlfn.XLOOKUP(1,('2016 E Maize Soil VWC'!$C$2:$C$4000=$AA78)*('2016 E Maize Soil VWC'!$E$2:$E$4000=$AB78)*('2016 E Maize Soil VWC'!$F$2:$F$4000=AG$5),'2016 E Maize Soil VWC'!$G$2:$G$4000)} -> 0.36136944 | AH78: {=_xlfn.XLOOKUP(1,('2016 E Maize Soil VWC'!$C$2:$C$4000=$AA78)*('2016 E Maize Soil VWC'!$E$2:$E$4000=$AB78)*('2016 E Maize Soil VWC'!$F$2:$F$4000=AH$5),'2016 E Maize Soil VWC'!$G$2:$G$4000)} -> 0.34846447 | AI78: {=_xlfn.XLOOKUP(1,('2016 E Maize Soil VWC'!$C$2:$C$4000=$AA78)*('2016 E Maize Soil VWC'!$E$2:$E$4000=$AB78)*('2016 E Maize Soil VWC'!$F$2:$F$4000=AI$5),'2016 E Maize Soil VWC'!$G$2:$G$4000)} -> 0.32890264 | AJ78: {=_xlfn.XLOOKUP(1,('2016 E Maize Soil VWC'!$C$2:$C$4000=$AA78)*('2016 E Maize Soil VWC'!$E$2:$E$4000=$AB78)*('2016 E Maize Soil VWC'!$F$2:$F$4000=AJ$5),'2016 E Maize Soil VWC'!$G$2:$G$4000)} -> 0.35039146 | ... AV78: {=_xlfn.XLOOKUP(1,('2016 E Maize Soil VWC'!$C$2:$C$4000=$AA78)*('2016 E Maize Soil VWC'!$E$2:$E$4000=$AB78)*('2016 E Maize Soil VWC'!$F$2:$F$4000=AV$5),'2016 E Maize Soil VWC'!$G$2:$G$4000)} -> 0.3497102
AA79: =AA78 -> 42549 | AB79: =AB78+20 -> 170 | AC79: {=_xlfn.XLOOKUP(1,('2016 E Maize Soil VWC'!$C$2:$C$4000=$AA79)*('2016 E Maize Soil VWC'!$E$2:$E$4000=$AB79)*('2016 E Maize Soil VWC'!$F$2:$F$4000=AC$5),'2016 E Maize Soil VWC'!$G$2:$G$4000)} -> 0.28481554 | AD79: {=_xlfn.XLOOKUP(1,('2016 E Maize Soil VWC'!$C$2:$C$4000=$AA79)*('2016 E Maize Soil VWC'!$E$2:$E$4000=$AB79)*('2016 E Maize Soil VWC'!$F$2:$F$4000=AD$5),'2016 E Maize Soil VWC'!$G$2:$G$4000)} -> 0.27905405 | AE79: {=_xlfn.XLOOKUP(1,('2016 E Maize Soil VWC'!$C$2:$C$4000=$AA79)*('2016 E Maize Soil VWC'!$E$2:$E$4000=$AB79)*('2016 E Maize Soil VWC'!$F$2:$F$4000=AE$5),'2016 E Maize Soil VWC'!$G$2:$G$4000)} -> 0.29466458 | AF79: {=_xlfn.XLOOKUP(1,('2016 E Maize Soil VWC'!$C$2:$C$4000=$AA79)*('2016 E Maize Soil VWC'!$E$2:$E$4000=$AB79)*('2016 E Maize Soil VWC'!$F$2:$F$4000=AF$5),'2016 E Maize Soil VWC'!$G$2:$G$4000)} -> 0.2950344 | AG79: {=_xlfn.XLOOKUP(1,('2016 E Maize Soil VWC'!$C$2:$C$4000=$AA79)*('2016 E Maize Soil VWC'!$E$2:$E$4000=$AB79)*('2016 E Maize Soil VWC'!$F$2:$F$4000=AG$5),'2016 E Maize Soil VWC'!$G$2:$G$4000)} -> 0.33055713 | AH79: {=_xlfn.XLOOKUP(1,('2016 E Maize Soil VWC'!$C$2:$C$4000=$AA79)*('2016 E Maize Soil VWC'!$E$2:$E$4000=$AB79)*('2016 E Maize Soil VWC'!$F$2:$F$4000=AH$5),'2016 E Maize Soil VWC'!$G$2:$G$4000)} -> 0.34028938 | AI79: {=_xlfn.XLOOKUP(1,('2016 E Maize Soil VWC'!$C$2:$C$4000=$AA79)*('2016 E Maize Soil VWC'!$E$2:$E$4000=$AB79)*('2016 E Maize Soil VWC'!$F$2:$F$4000=AI$5),'2016 E Maize Soil VWC'!$G$2:$G$4000)} -> 0.30176912 | AJ79: {=_xlfn.XLOOKUP(1,('2016 E Maize Soil VWC'!$C$2:$C$4000=$AA79)*('2016 E Maize Soil VWC'!$E$2:$E$4000=$AB79)*('2016 E Maize Soil VWC'!$F$2:$F$4000=AJ$5),'2016 E Maize Soil VWC'!$G$2:$G$4000)} -> 0.31167656 | ... AV79: {=_xlfn.XLOOKUP(1,('2016 E Maize Soil VWC'!$C$2:$C$4000=$AA79)*('2016 E Maize Soil VWC'!$E$2:$E$4000=$AB79)*('2016 E Maize Soil VWC'!$F$2:$F$4000=AV$5),'2016 E Maize Soil VWC'!$G$2:$G$4000)} -> 0.3208638
AA80: =AA79 -> 42549 | AB80: =AB79+20 -> 190 | AC80: {=_xlfn.XLOOKUP(1,('2016 E Maize Soil VWC'!$C$2:$C$4000=$AA80)*('2016 E Maize Soil VWC'!$E$2:$E$4000=$AB80)*('2016 E Maize Soil VWC'!$F$2:$F$4000=AC$5),'2016 E Maize Soil VWC'!$G$2:$G$4000)} -> 0.2911415 | AD80: {=_xlfn.XLOOKUP(1,('2016 E Maize Soil VWC'!$C$2:$C$4000=$AA80)*('2016 E Maize Soil VWC'!$E$2:$E$4000=$AB80)*('2016 E Maize Soil VWC'!$F$2:$F$4000=AD$5),'2016 E Maize Soil VWC'!$G$2:$G$4000)} -> 0.30075697 | AE80: {=_xlfn.XLOOKUP(1,('2016 E Maize Soil VWC'!$C$2:$C$4000=$AA80)*('2016 E Maize Soil VWC'!$E$2:$E$4000=$AB80)*('2016 E Maize Soil VWC'!$F$2:$F$4000=AE$5),'2016 E Maize Soil VWC'!$G$2:$G$4000)} -> 0.3026061 | AF80: {=_xlfn.XLOOKUP(1,('2016 E Maize Soil VWC'!$C$2:$C$4000=$AA80)*('2016 E Maize Soil VWC'!$E$2:$E$4000=$AB80)*('2016 E Maize Soil VWC'!$F$2:$F$4000=AF$5),'2016 E Maize Soil VWC'!$G$2:$G$4000)} -> 0.29904409 | AG80: {=_xlfn.XLOOKUP(1,('2016 E Maize Soil VWC'!$C$2:$C$4000=$AA80)*('2016 E Maize Soil VWC'!$E$2:$E$4000=$AB80)*('2016 E Maize Soil VWC'!$F$2:$F$4000=AG$5),'2016 E Maize Soil VWC'!$G$2:$G$4000)} -> 0.33540379 | AH80: {=_xlfn.XLOOKUP(1,('2016 E Maize Soil VWC'!$C$2:$C$4000=$AA80)*('2016 E Maize Soil VWC'!$E$2:$E$4000=$AB80)*('2016 E Maize Soil VWC'!$F$2:$F$4000=AH$5),'2016 E Maize Soil VWC'!$G$2:$G$4000)} -> 0.35467365 | AI80: {=_xlfn.XLOOKUP(1,('2016 E Maize Soil VWC'!$C$2:$C$4000=$AA80)*('2016 E Maize Soil VWC'!$E$2:$E$4000=$AB80)*('2016 E Maize Soil VWC'!$F$2:$F$4000=AI$5),'2016 E Maize Soil VWC'!$G$2:$G$4000)} -> 0.29028507 | AJ80: {=_xlfn.XLOOKUP(1,('2016 E Maize Soil VWC'!$C$2:$C$4000=$AA80)*('2016 E Maize Soil VWC'!$E$2:$E$4000=$AB80)*('2016 E Maize Soil VWC'!$F$2:$F$4000=AJ$5),'2016 E Maize Soil VWC'!$G$2:$G$4000)} -> 0.29978374 | ... AV80: {=_xlfn.XLOOKUP(1,('2016 E Maize Soil VWC'!$C$2:$C$4000=$AA80)*('2016 E Maize Soil VWC'!$E$2:$E$4000=$AB80)*('2016 E Maize Soil VWC'!$F$2:$F$4000=AV$5),'2016 E Maize Soil VWC'!$G$2:$G$4000)} -> 0.30877635
AA81: =AA80 -> 42549 | AB81: =AB80+20 -> 210 | AC81: {=_xlfn.XLOOKUP(1,('2016 E Maize Soil VWC'!$C$2:$C$4000=$AA81)*('2016 E Maize Soil VWC'!$E$2:$E$4000=$AB81)*('2016 E Maize Soil VWC'!$F$2:$F$4000=AC$5),'2016 E Maize Soil VWC'!$G$2:$G$4000)} -> 0.30283967 | AD81: {=_xlfn.XLOOKUP(1,('2016 E Maize Soil VWC'!$C$2:$C$4000=$AA81)*('2016 E Maize Soil VWC'!$E$2:$E$4000=$AB81)*('2016 E Maize Soil VWC'!$F$2:$F$4000=AD$5),'2016 E Maize Soil VWC'!$G$2:$G$4000)} -> 0.30369611 | AE81: {=_xlfn.XLOOKUP(1,('2016 E Maize Soil VWC'!$C$2:$C$4000=$AA81)*('2016 E Maize Soil VWC'!$E$2:$E$4000=$AB81)*('2016 E Maize Soil VWC'!$F$2:$F$4000=AE$5),'2016 E Maize Soil VWC'!$G$2:$G$4000)} -> 0.28356981 | AF81: {=_xlfn.XLOOKUP(1,('2016 E Maize Soil VWC'!$C$2:$C$4000=$AA81)*('2016 E Maize Soil VWC'!$E$2:$E$4000=$AB81)*('2016 E Maize Soil VWC'!$F$2:$F$4000=AF$5),'2016 E Maize Soil VWC'!$G$2:$G$4000)} -> 0.2896622 | AG81: {=_xlfn.XLOOKUP(1,('2016 E Maize Soil VWC'!$C$2:$C$4000=$AA81)*('2016 E Maize Soil VWC'!$E$2:$E$4000=$AB81)*('2016 E Maize Soil VWC'!$F$2:$F$4000=AG$5),'2016 E Maize Soil VWC'!$G$2:$G$4000)} -> #N/A | AH81: {=_xlfn.XLOOKUP(1,('2016 E Maize Soil VWC'!$C$2:$C$4000=$AA81)*('2016 E Maize Soil VWC'!$E$2:$E$4000=$AB81)*('2016 E Maize Soil VWC'!$F$2:$F$4000=AH$5),'2016 E Maize Soil VWC'!$G$2:$G$4000)} -> #N/A | AI81: {=_xlfn.XLOOKUP(1,('2016 E Maize Soil VWC'!$C$2:$C$4000=$AA81)*('2016 E Maize Soil VWC'!$E$2:$E$4000=$AB81)*('2016 E Maize Soil VWC'!$F$2:$F$4000=AI$5),'2016 E Maize Soil VWC'!$G$2:$G$4000)} -> 0.28520483 | AJ81: {=_xlfn.XLOOKUP(1,('2016 E Maize Soil VWC'!$C$2:$C$4000=$AA81)*('2016 E Maize Soil VWC'!$E$2:$E$4000=$AB81)*('2016 E Maize Soil VWC'!$F$2:$F$4000=AJ$5),'2016 E Maize Soil VWC'!$G$2:$G$4000)} -> 0.30237252 | ... AV81: {=_xlfn.XLOOKUP(1,('2016 E Maize Soil VWC'!$C$2:$C$4000=$AA81)*('2016 E Maize Soil VWC'!$E$2:$E$4000=$AB81)*('2016 E Maize Soil VWC'!$F$2:$F$4000=AV$5),'2016 E Maize Soil VWC'!$G$2:$G$4000)} -> 0.30552577
AA82: =AA81 -> 42549 | AB82: =AB81+20 -> 230 | AC82: {=_xlfn.XLOOKUP(1,('2016 E Maize Soil VWC'!$C$2:$C$4000=$AA82)*('2016 E Maize Soil VWC'!$E$2:$E$4000=$AB82)*('2016 E Maize Soil VWC'!$F$2:$F$4000=AC$5),'2016 E Maize Soil VWC'!$G$2:$G$4000)} -> 0.29466458 | AD82: {=_xlfn.XLOOKUP(1,('2016 E Maize Soil VWC'!$C$2:$C$4000=$AA82)*('2016 E Maize Soil VWC'!$E$2:$E$4000=$AB82)*('2016 E Maize Soil VWC'!$F$2:$F$4000=AD$5),'2016 E Maize Soil VWC'!$G$2:$G$4000)} -> 0.30554524 | AE82: {=_xlfn.XLOOKUP(1,('2016 E Maize Soil VWC'!$C$2:$C$4000=$AA82)*('2016 E Maize Soil VWC'!$E$2:$E$4000=$AB82)*('2016 E Maize Soil VWC'!$F$2:$F$4000=AE$5),'2016 E Maize Soil VWC'!$G$2:$G$4000)} -> 0.28744325 | AF82: {=_xlfn.XLOOKUP(1,('2016 E Maize Soil VWC'!$C$2:$C$4000=$AA82)*('2016 E Maize Soil VWC'!$E$2:$E$4000=$AB82)*('2016 E Maize Soil VWC'!$F$2:$F$4000=AF$5),'2016 E Maize Soil VWC'!$G$2:$G$4000)} -> 0.28156497 | AG82: {=_xlfn.XLOOKUP(1,('2016 E Maize Soil VWC'!$C$2:$C$4000=$AA82)*('2016 E Maize Soil VWC'!$E$2:$E$4000=$AB82)*('2016 E Maize Soil VWC'!$F$2:$F$4000=AG$5),'2016 E Maize Soil VWC'!$G$2:$G$4000)} -> #N/A | AH82: {=_xlfn.XLOOKUP(1,('2016 E Maize Soil VWC'!$C$2:$C$4000=$AA82)*('2016 E Maize Soil VWC'!$E$2:$E$4000=$AB82)*('2016 E Maize Soil VWC'!$F$2:$F$4000=AH$5),'2016 E Maize Soil VWC'!$G$2:$G$4000)} -> #N/A | AI82: {=_xlfn.XLOOKUP(1,('2016 E Maize Soil VWC'!$C$2:$C$4000=$AA82)*('2016 E Maize Soil VWC'!$E$2:$E$4000=$AB82)*('2016 E Maize Soil VWC'!$F$2:$F$4000=AI$5),'2016 E Maize Soil VWC'!$G$2:$G$4000)} -> 0.28337517 | AJ82: {=_xlfn.XLOOKUP(1,('2016 E Maize Soil VWC'!$C$2:$C$4000=$AA82)*('2016 E Maize Soil VWC'!$E$2:$E$4000=$AB82)*('2016 E Maize Soil VWC'!$F$2:$F$4000=AJ$5),'2016 E Maize Soil VWC'!$G$2:$G$4000)} -> 0.30984689 | ... AV82: {=_xlfn.XLOOKUP(1,('2016 E Maize Soil VWC'!$C$2:$C$4000=$AA82)*('2016 E Maize Soil VWC'!$E$2:$E$4000=$AB82)*('2016 E Maize Soil VWC'!$F$2:$F$4000=AV$5),'2016 E Maize Soil VWC'!$G$2:$G$4000)} -> 0.30614864
Y84: 2016 | Z84: 193 | AA84: =DATE(Y84,1,Z84) -> 42562 | AB84: 10 | AC84: {=_xlfn.XLOOKUP(1,('2016 E Maize Soil VWC'!$C$2:$C$4000=$AA84)*('2016 E Maize Soil VWC'!$E$2:$E$4000=$AB84)*('2016 E Maize Soil VWC'!$F$2:$F$4000=AC$5),'2016 E Maize Soil VWC'!$G$2:$G$4000)} -> 0.16860421 | AD84: {=_xlfn.XLOOKUP(1,('2016 E Maize Soil VWC'!$C$2:$C$4000=$AA84)*('2016 E Maize Soil VWC'!$E$2:$E$4000=$AB84)*('2016 E Maize Soil VWC'!$F$2:$F$4000=AD$5),'2016 E Maize Soil VWC'!$G$2:$G$4000)} -> 0.15134094 | AE84: {=_xlfn.XLOOKUP(1,('2016 E Maize Soil VWC'!$C$2:$C$4000=$AA84)*('2016 E Maize Soil VWC'!$E$2:$E$4000=$AB84)*('2016 E Maize Soil VWC'!$F$2:$F$4000=AE$5),'2016 E Maize Soil VWC'!$G$2:$G$4000)} -> 0.14175023 | AF84: {=_xlfn.XLOOKUP(1,('2016 E Maize Soil VWC'!$C$2:$C$4000=$AA84)*('2016 E Maize Soil VWC'!$E$2:$E$4000=$AB84)*('2016 E Maize Soil VWC'!$F$2:$F$4000=AF$5),'2016 E Maize Soil VWC'!$G$2:$G$4000)} -> 0.15711455 | AG84: {=_xlfn.XLOOKUP(1,('2016 E Maize Soil VWC'!$C$2:$C$4000=$AA84)*('2016 E Maize Soil VWC'!$E$2:$E$4000=$AB84)*('2016 E Maize Soil VWC'!$F$2:$F$4000=AG$5),'2016 E Maize Soil VWC'!$G$2:$G$4000)} -> 0.15711455 | AH84: {=_xlfn.XLOOKUP(1,('2016 E Maize Soil VWC'!$C$2:$C$4000=$AA84)*('2016 E Maize Soil VWC'!$E$2:$E$4000=$AB84)*('2016 E Maize Soil VWC'!$F$2:$F$4000=AH$5),'2016 E Maize Soil VWC'!$G$2:$G$4000)} -> 0.17786884 | AI84: {=_xlfn.XLOOKUP(1,('2016 E Maize Soil VWC'!$C$2:$C$4000=$AA84)*('2016 E Maize Soil VWC'!$E$2:$E$4000=$AB84)*('2016 E Maize Soil VWC'!$F$2:$F$4000=AI$5),'2016 E Maize Soil VWC'!$G$2:$G$4000)} -> 0.16208253 | AJ84: {=_xlfn.XLOOKUP(1,('2016 E Maize Soil VWC'!$C$2:$C$4000=$AA84)*('2016 E Maize Soil VWC'!$E$2:$E$4000=$AB84)*('2016 E Maize Soil VWC'!$F$2:$F$4000=AJ$5),'2016 E Maize Soil VWC'!$G$2:$G$4000)} -> 0.16146873 | ... AV84: {=_xlfn.XLOOKUP(1,('2016 E Maize Soil VWC'!$C$2:$C$4000=$AA84)*('2016 E Maize Soil VWC'!$E$2:$E$4000=$AB84)*('2016 E Maize Soil VWC'!$F$2:$F$4000=AV$5),'2016 E Maize Soil VWC'!$G$2:$G$4000)} -> 0.16319505 | AW84: =Z84 -> 193 | AX84: =AA84 -> 42562 | AY84: =1400*AVERAGE(AG84:AH90)+100*AVERAGE(AG91:AH91) -> 429.229 | AZ84: =1400*AVERAGE(AC84:AF90,AI84:AL90)+100*AVERAGE(AC91:AF91,AI91:AL91) -> 441.03425 | BA84: =1400*AVERAGE(AQ84:AR90)+100*AVERAGE(AQ91:AR91) -> 425.65229 | BB84: =1400*AVERAGE(AM84:AP90,AS84:AV90)+100*AVERAGE(AM91:AP91,AS91:AV91) -> 422.07789 | BC84: =AVERAGE(AC84:AD95)*2400 -> 717.58122 | BD84: =AVERAGE(AE84:AF95)*2400 -> 695.65332 | BE84: =AVERAGE(AG84:AH93)*2000 -> 606.8899 | BF84: =AVERAGE(AI84:AJ95)*2400 -> 716.87063 | BG84: =AVERAGE(AK84:AL95)*2400 -> 712.28885 | BH84: =AVERAGE(AM84:AN95)*2400 -> 708.49426 | BI84: =AVERAGE(AO84:AP95)*2400 -> 671.405 | BJ84: =AVERAGE(AQ84:AR93)*2000 -> 596.3235 | BK84: =AVERAGE(AS84:AT95)*2400 -> 717.99727 | BL84: =AVERAGE(AU84:AV95)*2400 -> 706.26386
AA85: =AA84 -> 42562 | AB85: =AB84+20 -> 30 | AC85: {=_xlfn.XLOOKUP(1,('2016 E Maize Soil VWC'!$C$2:$C$4000=$AA85)*('2016 E Maize Soil VWC'!$E$2:$E$4000=$AB85)*('2016 E Maize Soil VWC'!$F$2:$F$4000=AC$5),'2016 E Maize Soil VWC'!$G$2:$G$4000)} -> 0.24543252 | AD85: {=_xlfn.XLOOKUP(1,('2016 E Maize Soil VWC'!$C$2:$C$4000=$AA85)*('2016 E Maize Soil VWC'!$E$2:$E$4000=$AB85)*('2016 E Maize Soil VWC'!$F$2:$F$4000=AD$5),'2016 E Maize Soil VWC'!$G$2:$G$4000)} -> 0.27375772 | AE85: {=_xlfn.XLOOKUP(1,('2016 E Maize Soil VWC'!$C$2:$C$4000=$AA85)*('2016 E Maize Soil VWC'!$E$2:$E$4000=$AB85)*('2016 E Maize Soil VWC'!$F$2:$F$4000=AE$5),'2016 E Maize Soil VWC'!$G$2:$G$4000)} -> 0.23327352 | AF85: {=_xlfn.XLOOKUP(1,('2016 E Maize Soil VWC'!$C$2:$C$4000=$AA85)*('2016 E Maize Soil VWC'!$E$2:$E$4000=$AB85)*('2016 E Maize Soil VWC'!$F$2:$F$4000=AF$5),'2016 E Maize Soil VWC'!$G$2:$G$4000)} -> 0.24806582 | AG85: {=_xlfn.XLOOKUP(1,('2016 E Maize Soil VWC'!$C$2:$C$4000=$AA85)*('2016 E Maize Soil VWC'!$E$2:$E$4000=$AB85)*('2016 E Maize Soil VWC'!$F$2:$F$4000=AG$5),'2016 E Maize Soil VWC'!$G$2:$G$4000)} -> 0.26423203 | AH85: {=_xlfn.XLOOKUP(1,('2016 E Maize Soil VWC'!$C$2:$C$4000=$AA85)*('2016 E Maize Soil VWC'!$E$2:$E$4000=$AB85)*('2016 E Maize Soil VWC'!$F$2:$F$4000=AH$5),'2016 E Maize Soil VWC'!$G$2:$G$4000)} -> 0.26274364 | AI85: {=_xlfn.XLOOKUP(1,('2016 E Maize Soil VWC'!$C$2:$C$4000=$AA85)*('2016 E Maize Soil VWC'!$E$2:$E$4000=$AB85)*('2016 E Maize Soil VWC'!$F$2:$F$4000=AI$5),'2016 E Maize Soil VWC'!$G$2:$G$4000)} -> 0.25727094 | AJ85: {=_xlfn.XLOOKUP(1,('2016 E Maize Soil VWC'!$C$2:$C$4000=$AA85)*('2016 E Maize Soil VWC'!$E$2:$E$4000=$AB85)*('2016 E Maize Soil VWC'!$F$2:$F$4000=AJ$5),'2016 E Maize Soil VWC'!$G$2:$G$4000)} -> 0.26665925 | ... AV85: {=_xlfn.XLOOKUP(1,('2016 E Maize Soil VWC'!$C$2:$C$4000=$AA85)*('2016 E Maize Soil VWC'!$E$2:$E$4000=$AB85)*('2016 E Maize Soil VWC'!$F$2:$F$4000=AV$5),'2016 E Maize Soil VWC'!$G$2:$G$4000)} -> 0.24245574
AA86: =AA85 -> 42562 | AB86: =AB85+20 -> 50 | AC86: {=_xlfn.XLOOKUP(1,('2016 E Maize Soil VWC'!$C$2:$C$4000=$AA86)*('2016 E Maize Soil VWC'!$E$2:$E$4000=$AB86)*('2016 E Maize Soil VWC'!$F$2:$F$4000=AC$5),'2016 E Maize Soil VWC'!$G$2:$G$4000)} -> 0.30796778 | AD86: {=_xlfn.XLOOKUP(1,('2016 E Maize Soil VWC'!$C$2:$C$4000=$AA86)*('2016 E Maize Soil VWC'!$E$2:$E$4000=$AB86)*('2016 E Maize Soil VWC'!$F$2:$F$4000=AD$5),'2016 E Maize Soil VWC'!$G$2:$G$4000)} -> 0.32303487 | AE86: {=_xlfn.XLOOKUP(1,('2016 E Maize Soil VWC'!$C$2:$C$4000=$AA86)*('2016 E Maize Soil VWC'!$E$2:$E$4000=$AB86)*('2016 E Maize Soil VWC'!$F$2:$F$4000=AE$5),'2016 E Maize Soil VWC'!$G$2:$G$4000)} -> 0.30599853 | AF86: {=_xlfn.XLOOKUP(1,('2016 E Maize Soil VWC'!$C$2:$C$4000=$AA86)*('2016 E Maize Soil VWC'!$E$2:$E$4000=$AB86)*('2016 E Maize Soil VWC'!$F$2:$F$4000=AF$5),'2016 E Maize Soil VWC'!$G$2:$G$4000)} -> 0.29516763 | AG86: {=_xlfn.XLOOKUP(1,('2016 E Maize Soil VWC'!$C$2:$C$4000=$AA86)*('2016 E Maize Soil VWC'!$E$2:$E$4000=$AB86)*('2016 E Maize Soil VWC'!$F$2:$F$4000=AG$5),'2016 E Maize Soil VWC'!$G$2:$G$4000)} -> 0.28571063 | AH86: {=_xlfn.XLOOKUP(1,('2016 E Maize Soil VWC'!$C$2:$C$4000=$AA86)*('2016 E Maize Soil VWC'!$E$2:$E$4000=$AB86)*('2016 E Maize Soil VWC'!$F$2:$F$4000=AH$5),'2016 E Maize Soil VWC'!$G$2:$G$4000)} -> 0.28314602 | AI86: {=_xlfn.XLOOKUP(1,('2016 E Maize Soil VWC'!$C$2:$C$4000=$AA86)*('2016 E Maize Soil VWC'!$E$2:$E$4000=$AB86)*('2016 E Maize Soil VWC'!$F$2:$F$4000=AI$5),'2016 E Maize Soil VWC'!$G$2:$G$4000)} -> 0.31037211 | AJ86: {=_xlfn.XLOOKUP(1,('2016 E Maize Soil VWC'!$C$2:$C$4000=$AA86)*('2016 E Maize Soil VWC'!$E$2:$E$4000=$AB86)*('2016 E Maize Soil VWC'!$F$2:$F$4000=AJ$5),'2016 E Maize Soil VWC'!$G$2:$G$4000)} -> 0.30048004 | ... AV86: {=_xlfn.XLOOKUP(1,('2016 E Maize Soil VWC'!$C$2:$C$4000=$AA86)*('2016 E Maize Soil VWC'!$E$2:$E$4000=$AB86)*('2016 E Maize Soil VWC'!$F$2:$F$4000=AV$5),'2016 E Maize Soil VWC'!$G$2:$G$4000)} -> 0.30116699
AA87: =AA86 -> 42562 | AB87: =AB86+20 -> 70 | AC87: {=_xlfn.XLOOKUP(1,('2016 E Maize Soil VWC'!$C$2:$C$4000=$AA87)*('2016 E Maize Soil VWC'!$E$2:$E$4000=$AB87)*('2016 E Maize Soil VWC'!$F$2:$F$4000=AC$5),'2016 E Maize Soil VWC'!$G$2:$G$4000)} -> 0.32724815 | AD87: {=_xlfn.XLOOKUP(1,('2016 E Maize Soil VWC'!$C$2:$C$4000=$AA87)*('2016 E Maize Soil VWC'!$E$2:$E$4000=$AB87)*('2016 E Maize Soil VWC'!$F$2:$F$4000=AD$5),'2016 E Maize Soil VWC'!$G$2:$G$4000)} -> 0.34453637 | AE87: {=_xlfn.XLOOKUP(1,('2016 E Maize Soil VWC'!$C$2:$C$4000=$AA87)*('2016 E Maize Soil VWC'!$E$2:$E$4000=$AB87)*('2016 E Maize Soil VWC'!$F$2:$F$4000=AE$5),'2016 E Maize Soil VWC'!$G$2:$G$4000)} -> 0.32447746 | AF87: {=_xlfn.XLOOKUP(1,('2016 E Maize Soil VWC'!$C$2:$C$4000=$AA87)*('2016 E Maize Soil VWC'!$E$2:$E$4000=$AB87)*('2016 E Maize Soil VWC'!$F$2:$F$4000=AF$5),'2016 E Maize Soil VWC'!$G$2:$G$4000)} -> 0.311746 | AG87: {=_xlfn.XLOOKUP(1,('2016 E Maize Soil VWC'!$C$2:$C$4000=$AA87)*('2016 E Maize Soil VWC'!$E$2:$E$4000=$AB87)*('2016 E Maize Soil VWC'!$F$2:$F$4000=AG$5),'2016 E Maize Soil VWC'!$G$2:$G$4000)} -> 0.29148101 | AH87: {=_xlfn.XLOOKUP(1,('2016 E Maize Soil VWC'!$C$2:$C$4000=$AA87)*('2016 E Maize Soil VWC'!$E$2:$E$4000=$AB87)*('2016 E Maize Soil VWC'!$F$2:$F$4000=AH$5),'2016 E Maize Soil VWC'!$G$2:$G$4000)} -> 0.30121278 | AI87: {=_xlfn.XLOOKUP(1,('2016 E Maize Soil VWC'!$C$2:$C$4000=$AA87)*('2016 E Maize Soil VWC'!$E$2:$E$4000=$AB87)*('2016 E Maize Soil VWC'!$F$2:$F$4000=AI$5),'2016 E Maize Soil VWC'!$G$2:$G$4000)} -> 0.32951509 | AJ87: {=_xlfn.XLOOKUP(1,('2016 E Maize Soil VWC'!$C$2:$C$4000=$AA87)*('2016 E Maize Soil VWC'!$E$2:$E$4000=$AB87)*('2016 E Maize Soil VWC'!$F$2:$F$4000=AJ$5),'2016 E Maize Soil VWC'!$G$2:$G$4000)} -> 0.31946273 | ... AV87: {=_xlfn.XLOOKUP(1,('2016 E Maize Soil VWC'!$C$2:$C$4000=$AA87)*('2016 E Maize Soil VWC'!$E$2:$E$4000=$AB87)*('2016 E Maize Soil VWC'!$F$2:$F$4000=AV$5),'2016 E Maize Soil VWC'!$G$2:$G$4000)} -> 0.30732663
AA88: =AA87 -> 42562 | AB88: =AB87+20 -> 90 | AC88: {=_xlfn.XLOOKUP(1,('2016 E Maize Soil VWC'!$C$2:$C$4000=$AA88)*('2016 E Maize Soil VWC'!$E$2:$E$4000=$AB88)*('2016 E Maize Soil VWC'!$F$2:$F$4000=AC$5),'2016 E Maize Soil VWC'!$G$2:$G$4000)} -> 0.34155959 | AD88: {=_xlfn.XLOOKUP(1,('2016 E Maize Soil VWC'!$C$2:$C$4000=$AA88)*('2016 E Maize Soil VWC'!$E$2:$E$4000=$AB88)*('2016 E Maize Soil VWC'!$F$2:$F$4000=AD$5),'2016 E Maize Soil VWC'!$G$2:$G$4000)} -> 0.3441013 | AE88: {=_xlfn.XLOOKUP(1,('2016 E Maize Soil VWC'!$C$2:$C$4000=$AA88)*('2016 E Maize Soil VWC'!$E$2:$E$4000=$AB88)*('2016 E Maize Soil VWC'!$F$2:$F$4000=AE$5),'2016 E Maize Soil VWC'!$G$2:$G$4000)} -> 0.33084319 | AF88: {=_xlfn.XLOOKUP(1,('2016 E Maize Soil VWC'!$C$2:$C$4000=$AA88)*('2016 E Maize Soil VWC'!$E$2:$E$4000=$AB88)*('2016 E Maize Soil VWC'!$F$2:$F$4000=AF$5),'2016 E Maize Soil VWC'!$G$2:$G$4000)} -> 0.33448402 | AG88: {=_xlfn.XLOOKUP(1,('2016 E Maize Soil VWC'!$C$2:$C$4000=$AA88)*('2016 E Maize Soil VWC'!$E$2:$E$4000=$AB88)*('2016 E Maize Soil VWC'!$F$2:$F$4000=AG$5),'2016 E Maize Soil VWC'!$G$2:$G$4000)} -> 0.31492887 | AH88: {=_xlfn.XLOOKUP(1,('2016 E Maize Soil VWC'!$C$2:$C$4000=$AA88)*('2016 E Maize Soil VWC'!$E$2:$E$4000=$AB88)*('2016 E Maize Soil VWC'!$F$2:$F$4000=AH$5),'2016 E Maize Soil VWC'!$G$2:$G$4000)} -> 0.31408163 | AI88: {=_xlfn.XLOOKUP(1,('2016 E Maize Soil VWC'!$C$2:$C$4000=$AA88)*('2016 E Maize Soil VWC'!$E$2:$E$4000=$AB88)*('2016 E Maize Soil VWC'!$F$2:$F$4000=AI$5),'2016 E Maize Soil VWC'!$G$2:$G$4000)} -> 0.33590371 | AJ88: {=_xlfn.XLOOKUP(1,('2016 E Maize Soil VWC'!$C$2:$C$4000=$AA88)*('2016 E Maize Soil VWC'!$E$2:$E$4000=$AB88)*('2016 E Maize Soil VWC'!$F$2:$F$4000=AJ$5),'2016 E Maize Soil VWC'!$G$2:$G$4000)} -> 0.33242317 | ... AV88: {=_xlfn.XLOOKUP(1,('2016 E Maize Soil VWC'!$C$2:$C$4000=$AA88)*('2016 E Maize Soil VWC'!$E$2:$E$4000=$AB88)*('2016 E Maize Soil VWC'!$F$2:$F$4000=AV$5),'2016 E Maize Soil VWC'!$G$2:$G$4000)} -> 0.33368258
